x,y,z
5.999999999999999778e-01,0.000000000000000000e+00,5.000000000000000000e-01
5.999972882855175715e-01,6.372831059682256124e-04,5.000000000000000000e-01
5.999748779321687486e-01,1.985437789436311079e-03,5.000000000000000000e-01
5.999327364760862480e-01,3.362495622077745720e-03,5.000000000000000000e-01
5.998735361769313990e-01,4.775767426191783460e-03,5.000000000000000000e-01
5.997995069344495001e-01,6.226312145633111812e-03,5.000000000000000000e-01
5.997124361305870011e-01,7.715153224689207979e-03,5.000000000000000000e-01
5.996138014159144713e-01,9.242356725938189951e-03,5.000000000000000000e-01
5.995049518069004435e-01,1.080607636971256391e-02,5.000000000000000000e-01
5.993869013145392000e-01,1.240538273076196435e-02,5.000000000000000000e-01
5.992603623048344819e-01,1.403991462422373923e-02,5.000000000000000000e-01
5.991259612651924638e-01,1.570835754225483050e-02,5.000000000000000000e-01
5.989841931386330476e-01,1.740916291205716476e-02,5.000000000000000000e-01
5.988355498327928572e-01,1.913988439341508807e-02,5.000000000000000000e-01
5.986803652377605811e-01,2.089840560479815090e-02,5.000000000000000000e-01
5.985186250885785597e-01,2.268413359116077874e-02,5.000000000000000000e-01
5.983504835782005316e-01,2.449508652444297441e-02,5.000000000000000000e-01
5.981762350731114619e-01,2.632823767348288491e-02,5.000000000000000000e-01
5.979958545594328267e-01,2.818197645681945473e-02,5.000000000000000000e-01
5.978093871806161586e-01,3.005421136981401703e-02,5.000000000000000000e-01
5.976170840598531431e-01,3.194180541899210163e-02,5.000000000000000000e-01
5.974192517000289637e-01,3.384129942059071333e-02,5.000000000000000000e-01
5.972161911385226452e-01,3.574923820753978659e-02,5.000000000000000000e-01
5.970077224519134695e-01,3.766423325785527021e-02,5.000000000000000000e-01
5.967936370112816302e-01,3.958516148494909542e-02,5.000000000000000000e-01
5.965740939387524922e-01,4.150960582431783424e-02,5.000000000000000000e-01
5.963493603301335266e-01,4.343480985012452417e-02,5.000000000000000000e-01
5.961197615952394946e-01,4.535787213770559739e-02,5.000000000000000000e-01
5.958854552148031836e-01,4.727659112957650206e-02,5.000000000000000000e-01
5.956464547858398850e-01,4.918942422178437107e-02,5.000000000000000000e-01
5.954030836813700711e-01,5.109392941752734923e-02,5.000000000000000000e-01
5.951557458394989286e-01,5.298749998958395685e-02,5.000000000000000000e-01
5.949045134580278615e-01,5.486872594124415914e-02,5.000000000000000000e-01
5.946497375396486706e-01,5.673547582542808748e-02,5.000000000000000000e-01
5.943918940828123443e-01,5.858533576873405785e-02,5.000000000000000000e-01
5.941312792501194373e-01,6.041653203117048482e-02,5.000000000000000000e-01
5.938682566003572472e-01,6.222722646050950213e-02,5.000000000000000000e-01
5.936029986220985322e-01,6.401628032936348967e-02,5.000000000000000000e-01
5.933357827361001036e-01,6.578241054397630794e-02,5.000000000000000000e-01
5.930670405461633266e-01,6.752402122038819732e-02,5.000000000000000000e-01
5.927971884892500043e-01,6.923963514790397455e-02,5.000000000000000000e-01
5.925264672599718230e-01,7.092836259414768418e-02,5.000000000000000000e-01
5.922550440959002405e-01,7.258964178975413351e-02,5.000000000000000000e-01
5.919834614970365116e-01,7.422202959035226200e-02,5.000000000000000000e-01
5.917121965490437230e-01,7.582427922066330150e-02,5.000000000000000000e-01
5.914416209186639239e-01,7.739546494554996880e-02,5.000000000000000000e-01
5.911718324598782548e-01,7.893545361079525036e-02,5.000000000000000000e-01
5.909029518574918649e-01,8.044418968534337855e-02,5.000000000000000000e-01
5.906354897958472350e-01,8.192074106568479619e-02,5.000000000000000000e-01
5.903696915369738285e-01,8.336483789892262797e-02,5.000000000000000000e-01
5.901060782759223189e-01,8.477557745685235235e-02,5.000000000000000000e-01
5.898454410567102180e-01,8.615138031946079078e-02,5.000000000000000000e-01
5.895880774605208874e-01,8.749176754386410459e-02,5.000000000000000000e-01
5.893339126297475472e-01,8.879722057789542211e-02,5.000000000000000000e-01
5.890826245468450129e-01,9.006896257992627608e-02,5.000000000000000000e-01
5.888343853427759900e-01,9.130724971536577361e-02,5.000000000000000000e-01
5.885896361903403262e-01,9.251174016221569429e-02,5.000000000000000000e-01
5.883485448335066259e-01,9.368266639845396204e-02,5.000000000000000000e-01
5.881110716898818591e-01,9.482075852788282577e-02,5.000000000000000000e-01
5.878773378869253108e-01,9.592645178741122935e-02,5.000000000000000000e-01
5.876475968788061888e-01,9.699989691817716142e-02,5.000000000000000000e-01
5.874216638434046622e-01,9.804219440485018033e-02,5.000000000000000000e-01
5.871993046638537272e-01,9.905463897084663960e-02,5.000000000000000000e-01
5.869807926839328838e-01,1.000374940139685531e-01,5.000000000000000000e-01
5.867661796032230814e-01,1.009914345513101136e-01,5.000000000000000000e-01
5.865554521599255500e-01,1.019172578061219026e-01,5.000000000000000000e-01
5.863485430378455598e-01,1.028158887497423041e-01,5.000000000000000000e-01
5.861453796116415926e-01,1.036882658506184940e-01,5.000000000000000000e-01
5.859459042641343984e-01,1.045353112417793939e-01,5.000000000000000000e-01
5.857495026865651155e-01,1.053591149111284542e-01,5.000000000000000000e-01
5.855562964728231456e-01,1.061603623556685860e-01,5.000000000000000000e-01
5.853669968330970086e-01,1.069384234148010315e-01,5.000000000000000000e-01
5.851815716207220408e-01,1.076939603004022916e-01,5.000000000000000000e-01
5.849992909979434552e-01,1.084290627407651642e-01,5.000000000000000000e-01
5.848199736477678323e-01,1.091448743664690663e-01,5.000000000000000000e-01
5.846438003142911954e-01,1.098418073677278478e-01,5.000000000000000000e-01
5.844703529579391432e-01,1.105213806582033415e-01,5.000000000000000000e-01
5.842993218057590532e-01,1.111849627404696006e-01,5.000000000000000000e-01
5.841307053633040258e-01,1.118333322066139557e-01,5.000000000000000000e-01
5.839642427767841593e-01,1.124677188876094525e-01,5.000000000000000000e-01
5.837998629550860130e-01,1.130889775632372418e-01,5.000000000000000000e-01
5.836379874992621009e-01,1.136969343730767495e-01,5.000000000000000000e-01
5.834784019157518431e-01,1.142924878958164747e-01,5.000000000000000000e-01
5.833204953572170837e-01,1.148773239074439428e-01,5.000000000000000000e-01
5.831640192072675699e-01,1.154525484553132059e-01,5.000000000000000000e-01
5.830086411930346380e-01,1.160194334829438151e-01,5.000000000000000000e-01
5.828541054776092967e-01,1.165791233976206237e-01,5.000000000000000000e-01
5.827005118060798461e-01,1.171320658037841023e-01,5.000000000000000000e-01
5.825479588832511713e-01,1.176786001967840001e-01,5.000000000000000000e-01
5.823962209817183933e-01,1.182195876084700253e-01,5.000000000000000000e-01
5.822451088089396487e-01,1.187558224147121089e-01,5.000000000000000000e-01
5.820948474262901406e-01,1.192872968623103352e-01,5.000000000000000000e-01
5.819452286467671209e-01,1.198147060871377206e-01,5.000000000000000000e-01
5.817957519524636911e-01,1.203393011422582426e-01,5.000000000000000000e-01
5.816464073561137260e-01,1.208615075710327974e-01,5.000000000000000000e-01
5.814970996817068194e-01,1.213818479797023342e-01,5.000000000000000000e-01
5.813479555720104663e-01,1.219003948075089994e-01,5.000000000000000000e-01
5.811989132221582199e-01,1.224174856135965550e-01,5.000000000000000000e-01
5.810496149664978738e-01,1.229339778719980431e-01,5.000000000000000000e-01
5.809002145844230913e-01,1.234498414345951561e-01,5.000000000000000000e-01
5.807509350977611007e-01,1.239648261153980524e-01,5.000000000000000000e-01
5.806014327329360736e-01,1.244796244661067752e-01,5.000000000000000000e-01
5.804513101516777240e-01,1.249951013147027612e-01,5.000000000000000000e-01
5.803004676802130390e-01,1.255116612996048930e-01,5.000000000000000000e-01
5.801487136147795987e-01,1.260298626114439435e-01,5.000000000000000000e-01
5.799959195260225853e-01,1.265501577850743076e-01,5.000000000000000000e-01
5.798418252085846269e-01,1.270732358730736755e-01,5.000000000000000000e-01
5.796862926965913321e-01,1.275995873673750891e-01,5.000000000000000000e-01
5.795294901826248957e-01,1.281291448593469273e-01,5.000000000000000000e-01
5.793713807207818700e-01,1.286621062014259298e-01,5.000000000000000000e-01
5.792118031589583715e-01,1.291988677436286537e-01,5.000000000000000000e-01
5.790504358000572172e-01,1.297401259735205814e-01,5.000000000000000000e-01
5.788871026941783127e-01,1.302863758249679649e-01,5.000000000000000000e-01
5.787218964731219994e-01,1.308376397529758262e-01,5.000000000000000000e-01
5.785548023137461193e-01,1.313940594497941261e-01,5.000000000000000000e-01
5.783855522247710601e-01,1.319561900372309138e-01,5.000000000000000000e-01
5.782140025358276647e-01,1.325244139167225665e-01,5.000000000000000000e-01
5.780400848756794829e-01,1.330989847631293688e-01,5.000000000000000000e-01
5.778637102002415205e-01,1.336801713768068223e-01,5.000000000000000000e-01
5.776850938509718869e-01,1.342676924478779510e-01,5.000000000000000000e-01
5.775044994644958907e-01,1.348610835912391337e-01,5.000000000000000000e-01
5.773218692349518788e-01,1.354603361474090994e-01,5.000000000000000000e-01
5.771369542106687955e-01,1.360657871767530225e-01,5.000000000000000000e-01
5.769497637013256686e-01,1.366773876779035224e-01,5.000000000000000000e-01
5.767605839083291830e-01,1.372945949826534784e-01,5.000000000000000000e-01
5.765694301683002010e-01,1.379172319882138176e-01,5.000000000000000000e-01
5.763763033268137770e-01,1.385451440195931416e-01,5.000000000000000000e-01
5.761815268561863990e-01,1.391776235709618892e-01,5.000000000000000000e-01
5.759848442337475172e-01,1.398148761936164608e-01,5.000000000000000000e-01
5.757857866863578256e-01,1.404575561422934382e-01,5.000000000000000000e-01
5.755846694327979574e-01,1.411051400571731174e-01,5.000000000000000000e-01
5.753815002646140986e-01,1.417575174364837098e-01,5.000000000000000000e-01
5.751763517104934165e-01,1.424144607885163005e-01,5.000000000000000000e-01
5.749694904923319250e-01,1.430754006133383438e-01,5.000000000000000000e-01
5.747607651017396790e-01,1.437403990903899087e-01,5.000000000000000000e-01
5.745499955815613902e-01,1.444096327438897098e-01,5.000000000000000000e-01
5.743374199103841171e-01,1.450826406766759780e-01,5.000000000000000000e-01
5.741233397059981591e-01,1.457587850959690956e-01,5.000000000000000000e-01
5.739078275682345520e-01,1.464377292285044263e-01,5.000000000000000000e-01
5.736908515619618676e-01,1.471193195197121606e-01,5.000000000000000000e-01
5.734727029450201741e-01,1.478028964393794109e-01,5.000000000000000000e-01
5.732535771461926277e-01,1.484879034101430073e-01,5.000000000000000000e-01
5.730333400256437670e-01,1.491743002047933309e-01,5.000000000000000000e-01
5.728119467227408279e-01,1.498619930691487134e-01,5.000000000000000000e-01
5.725893891836864036e-01,1.505508681309576935e-01,5.000000000000000000e-01
5.723658660116290875e-01,1.512405001756638168e-01,5.000000000000000000e-01
5.721415192748076084e-01,1.519305123710823491e-01,5.000000000000000000e-01
5.719164902572237974e-01,1.526205133460432073e-01,5.000000000000000000e-01
5.716908773114282027e-01,1.533101705366344547e-01,5.000000000000000000e-01
5.714647784491126981e-01,1.539991575201077600e-01,5.000000000000000000e-01
5.712384550862026344e-01,1.546868829509939480e-01,5.000000000000000000e-01
5.710119317539816830e-01,1.553731044445746667e-01,5.000000000000000000e-01
5.707851056695953940e-01,1.560578228947822887e-01,5.000000000000000000e-01
5.705580725556715915e-01,1.567407970860933974e-01,5.000000000000000000e-01
5.703309047262339337e-01,1.574218184410393906e-01,5.000000000000000000e-01
5.701036938432462176e-01,1.581006560875547473e-01,5.000000000000000000e-01
5.698765056707264520e-01,1.587771185148771358e-01,5.000000000000000000e-01
5.696494007338550603e-01,1.594510343860733592e-01,5.000000000000000000e-01
5.694224428390655124e-01,1.601222338008321533e-01,5.000000000000000000e-01
5.691957770395551508e-01,1.607904222846359699e-01,5.000000000000000000e-01
5.689694913438720913e-01,1.614553761668509335e-01,5.000000000000000000e-01
5.687436554128206811e-01,1.621169045456403723e-01,5.000000000000000000e-01
5.685183358082309679e-01,1.627748309886812850e-01,5.000000000000000000e-01
5.682936058488735620e-01,1.634289767427080375e-01,5.000000000000000000e-01
5.680694716097245411e-01,1.640792803334842065e-01,5.000000000000000000e-01
5.678459567247879924e-01,1.647256776332606809e-01,5.000000000000000000e-01
5.676230048222525859e-01,1.653682577254653174e-01,5.000000000000000000e-01
5.674006395602484432e-01,1.660070123286704058e-01,5.000000000000000000e-01
5.671790663305572577e-01,1.666416401556498339e-01,5.000000000000000000e-01
5.669583519202270327e-01,1.672720013889953394e-01,5.000000000000000000e-01
5.667385526703623277e-01,1.678979746419986263e-01,5.000000000000000000e-01
5.665197170343563293e-01,1.685194565060741945e-01,5.000000000000000000e-01
5.663018909360573172e-01,1.691363544843611788e-01,5.000000000000000000e-01
5.660851124567237713e-01,1.697485956182593902e-01,5.000000000000000000e-01
5.658694163251816178e-01,1.703561199916577840e-01,5.000000000000000000e-01
5.656547887237892702e-01,1.709589580163665967e-01,5.000000000000000000e-01
5.654411075733325465e-01,1.715573487872993075e-01,5.000000000000000000e-01
5.652282852975495375e-01,1.721515321544271893e-01,5.000000000000000000e-01
5.650163723796657322e-01,1.727415422056592376e-01,5.000000000000000000e-01
5.648054646569544701e-01,1.733272991844660715e-01,5.000000000000000000e-01
5.645956278243078330e-01,1.739087294724217525e-01,5.000000000000000000e-01
5.643868316265180374e-01,1.744859066647174717e-01,5.000000000000000000e-01
5.641791946901509869e-01,1.750586612891282257e-01,5.000000000000000000e-01
5.639727713015902921e-01,1.756269020564477368e-01,5.000000000000000000e-01
5.637673539704092240e-01,1.761909920875595337e-01,5.000000000000000000e-01
5.635629455375554819e-01,1.767510260743214989e-01,5.000000000000000000e-01
5.633596411247818736e-01,1.773069180320242799e-01,5.000000000000000000e-01
5.631574636271979850e-01,1.778586581329703598e-01,5.000000000000000000e-01
5.629564036637146884e-01,1.784062925973864122e-01,5.000000000000000000e-01
5.627563642104029817e-01,1.789500443079234115e-01,5.000000000000000000e-01
5.625573253256589412e-01,1.794900320073193334e-01,5.000000000000000000e-01
5.623593351583879851e-01,1.800262435110679959e-01,5.000000000000000000e-01
5.621623224000624752e-01,1.805588607395634537e-01,5.000000000000000000e-01
5.619662340434087300e-01,1.810880598240063588e-01,5.000000000000000000e-01
5.617710895579937080e-01,1.816138826477316504e-01,5.000000000000000000e-01
5.615769957190568373e-01,1.821361599975282741e-01,5.000000000000000000e-01
5.613839799594109170e-01,1.826548371139307403e-01,5.000000000000000000e-01
5.611919885041115608e-01,1.831700270980025358e-01,5.000000000000000000e-01
5.610010021709137540e-01,1.836818158017109182e-01,5.000000000000000000e-01
5.608109380607140260e-01,1.841904331397638539e-01,5.000000000000000000e-01
5.606217752963257306e-01,1.846959942571091695e-01,5.000000000000000000e-01
5.604335432299898390e-01,1.851984864868988223e-01,5.000000000000000000e-01
5.602462473659612918e-01,1.856979240194184255e-01,5.000000000000000000e-01
5.600598829434069170e-01,1.861943455573009665e-01,5.000000000000000000e-01
5.598744457979452083e-01,1.866877889778697230e-01,5.000000000000000000e-01
5.596899877768590770e-01,1.871781382712066344e-01,5.000000000000000000e-01
5.595065573666139214e-01,1.876652819898235180e-01,5.000000000000000000e-01
5.593241146309180234e-01,1.881493672576813325e-01,5.000000000000000000e-01
5.591425731749997130e-01,1.886306874802068101e-01,5.000000000000000000e-01
5.589618713428952113e-01,1.891094385583136361e-01,5.000000000000000000e-01
5.587819931954542962e-01,1.895856617227443530e-01,5.000000000000000000e-01
5.586029234044358471e-01,1.900594422302331332e-01,5.000000000000000000e-01
5.584246362881122305e-01,1.905308792412719887e-01,5.000000000000000000e-01
5.582471222104681274e-01,1.909999824878027552e-01,5.000000000000000000e-01
5.580703876669044217e-01,1.914667588699611178e-01,5.000000000000000000e-01
5.578944361710762578e-01,1.919312227995895181e-01,5.000000000000000000e-01
5.577192712036281863e-01,1.923933695065076777e-01,5.000000000000000000e-01
5.575449034829460526e-01,1.928531820477022152e-01,5.000000000000000000e-01
5.573713467418717205e-01,1.933106435670508549e-01,5.000000000000000000e-01
5.571986151942940335e-01,1.937657608491296646e-01,5.000000000000000000e-01
5.570267148564637116e-01,1.942185848430088291e-01,5.000000000000000000e-01
5.568556280111953694e-01,1.946691737546401013e-01,5.000000000000000000e-01
5.566853375505684820e-01,1.951175587418982060e-01,5.000000000000000000e-01
5.565158465873026872e-01,1.955637614527873935e-01,5.000000000000000000e-01
5.563471563227035954e-01,1.960078142558910330e-01,5.000000000000000000e-01
5.561792633562542276e-01,1.964497601710622487e-01,5.000000000000000000e-01
5.560121263543784664e-01,1.968895984921171793e-01,5.000000000000000000e-01
5.558457571509549666e-01,1.973272608787424443e-01,5.000000000000000000e-01
5.556802398632461060e-01,1.977627022905602550e-01,5.000000000000000000e-01
5.555156197530073392e-01,1.981959869293565824e-01,5.000000000000000000e-01
5.553517987799612143e-01,1.986272038803954809e-01,5.000000000000000000e-01
5.551887147240230913e-01,1.990563272401469630e-01,5.000000000000000000e-01
5.550264653052641162e-01,1.994832595580726675e-01,5.000000000000000000e-01
5.548651053044648673e-01,1.999079842148935027e-01,5.000000000000000000e-01
5.547046342631729576e-01,2.003305325818630633e-01,5.000000000000000000e-01
5.545449955414691878e-01,2.007509314591892913e-01,5.000000000000000000e-01
5.543862706532312057e-01,2.011691554905350177e-01,5.000000000000000000e-01
5.542284720040753232e-01,2.015852538075156297e-01,5.000000000000000000e-01
5.540714946052348600e-01,2.019993041774878484e-01,5.000000000000000000e-01
5.539154213481785050e-01,2.024112841722530698e-01,5.000000000000000000e-01
5.537602539251091915e-01,2.028212474398970455e-01,5.000000000000000000e-01
5.536058877770717590e-01,2.032292762612604164e-01,5.000000000000000000e-01
5.534524492943685425e-01,2.036353405277974427e-01,5.000000000000000000e-01
5.532999137735543638e-01,2.040395331245302701e-01,5.000000000000000000e-01
5.531479975079692801e-01,2.044420050088143204e-01,5.000000000000000000e-01
5.529968077568974127e-01,2.048426164777814584e-01,5.000000000000000000e-01
5.528466466891424069e-01,2.052412147944634446e-01,5.000000000000000000e-01
5.526974142171570126e-01,2.056379488789242815e-01,5.000000000000000000e-01
5.525487992156392636e-01,2.060329933650522638e-01,5.000000000000000000e-01
5.524008230797048391e-01,2.064262310895348396e-01,5.000000000000000000e-01
5.522538060130702808e-01,2.068174213410412521e-01,5.000000000000000000e-01
5.521078340861853562e-01,2.072065597888580468e-01,5.000000000000000000e-01
5.519627784027539841e-01,2.075937763703951111e-01,5.000000000000000000e-01
5.518185626176056457e-01,2.079791240642422934e-01,5.000000000000000000e-01
5.516752154348072423e-01,2.083625751231369949e-01,5.000000000000000000e-01
5.515327475260778378e-01,2.087441148353736953e-01,5.000000000000000000e-01
5.513910669673334208e-01,2.091237737828336440e-01,5.000000000000000000e-01
5.512501964084686179e-01,2.095014831663273569e-01,5.000000000000000000e-01
5.511102626907752322e-01,2.098771215481438357e-01,5.000000000000000000e-01
5.509713527889992246e-01,2.102506259477937844e-01,5.000000000000000000e-01
5.508335218681547074e-01,2.106219791252303408e-01,5.000000000000000000e-01
5.506967915787590595e-01,2.109912009976314673e-01,5.000000000000000000e-01
5.505611107163548290e-01,2.113583598781007822e-01,5.000000000000000000e-01
5.504262129117927227e-01,2.117236174479103505e-01,5.000000000000000000e-01
5.502920289416959321e-01,2.120869413847126517e-01,5.000000000000000000e-01
5.501589734275633692e-01,2.124480036641594460e-01,5.000000000000000000e-01
5.500270978422305834e-01,2.128067924778677955e-01,5.000000000000000000e-01
5.498962047366963146e-01,2.131634518262150724e-01,5.000000000000000000e-01
5.497662965266634227e-01,2.135179543793257750e-01,5.000000000000000000e-01
5.496375797371417793e-01,2.138701555814508659e-01,5.000000000000000000e-01
5.495100607924163771e-01,2.142200781510213425e-01,5.000000000000000000e-01
5.493835236940293187e-01,2.145678789877978887e-01,5.000000000000000000e-01
5.492581905872987447e-01,2.149134029162028392e-01,5.000000000000000000e-01
5.491338714470341831e-01,2.152567877745454328e-01,5.000000000000000000e-01
5.490103142500848410e-01,2.155981647462120732e-01,5.000000000000000000e-01
5.488878857040182524e-01,2.159372225870575812e-01,5.000000000000000000e-01
5.487666902657100110e-01,2.162738901376692890e-01,5.000000000000000000e-01
5.486468116390573746e-01,2.166081347447435801e-01,5.000000000000000000e-01
5.485284077190901719e-01,2.169398993816397114e-01,5.000000000000000000e-01
5.484115964267519683e-01,2.172691939815000750e-01,5.000000000000000000e-01
5.482960708915135539e-01,2.175963250891008172e-01,5.000000000000000000e-01
5.481812037865982923e-01,2.179217441439936787e-01,5.000000000000000000e-01
5.480670230376427643e-01,2.182453564739127994e-01,5.000000000000000000e-01
5.479540329448980840e-01,2.185667607586855576e-01,5.000000000000000000e-01
5.478422668443057031e-01,2.188859509721160224e-01,5.000000000000000000e-01
5.477314438065908897e-01,2.192031326748620501e-01,5.000000000000000000e-01
5.476215489191944563e-01,2.195182833338688300e-01,5.000000000000000000e-01
5.475126227475430873e-01,2.198313374326197889e-01,5.000000000000000000e-01
5.474047873499874317e-01,2.201421797195019514e-01,5.000000000000000000e-01
5.472980873500081778e-01,2.204507640252090783e-01,5.000000000000000000e-01
5.471924756720516481e-01,2.207571115440966625e-01,5.000000000000000000e-01
5.470879777972139646e-01,2.210611852756350915e-01,5.000000000000000000e-01
5.469847094398223586e-01,2.213628910171427933e-01,5.000000000000000000e-01
5.468829382259566829e-01,2.216620515622694243e-01,5.000000000000000000e-01
5.467825854446113354e-01,2.219587663483009454e-01,5.000000000000000000e-01
5.466833699077687792e-01,2.222532645042208932e-01,5.000000000000000000e-01
5.465852547406973017e-01,2.225455654896082436e-01,5.000000000000000000e-01
5.464885249971508374e-01,2.228354645409158508e-01,5.000000000000000000e-01
5.463934698788240896e-01,2.231227951627140493e-01,5.000000000000000000e-01
5.462997144461630983e-01,2.234078940971921112e-01,5.000000000000000000e-01
5.462069652954935073e-01,2.236909931747806668e-01,5.000000000000000000e-01
5.461155362460143881e-01,2.239718618505820713e-01,5.000000000000000000e-01
5.460253707307589632e-01,2.242505682775050302e-01,5.000000000000000000e-01
5.459361618270534011e-01,2.245273521664352401e-01,5.000000000000000000e-01
5.458480592693288891e-01,2.248020904575548928e-01,5.000000000000000000e-01
5.457606924795810333e-01,2.250750427072059079e-01,5.000000000000000000e-01
5.456739821193927753e-01,2.253462169934085102e-01,5.000000000000000000e-01
5.455885546743332037e-01,2.256151040303920052e-01,5.000000000000000000e-01
5.455043641378759522e-01,2.258817476706589944e-01,5.000000000000000000e-01
5.454213574807424969e-01,2.261461939529335607e-01,5.000000000000000000e-01
5.453395837832335502e-01,2.264084073363507033e-01,5.000000000000000000e-01
5.452590285294878214e-01,2.266684061570587716e-01,5.000000000000000000e-01
5.451799220157691472e-01,2.269260298531784181e-01,5.000000000000000000e-01
5.451020485699621387e-01,2.271814668631327305e-01,5.000000000000000000e-01
5.450251511525519010e-01,2.274349142994548933e-01,5.000000000000000000e-01
5.449492217611582312e-01,2.276863589493303697e-01,5.000000000000000000e-01
5.448743769134226644e-01,2.279356954571592209e-01,5.000000000000000000e-01
5.448007507469456723e-01,2.281828160133176353e-01,5.000000000000000000e-01
5.447286146071790292e-01,2.284275274700400260e-01,5.000000000000000000e-01
5.446578611509912404e-01,2.286699412024360278e-01,5.000000000000000000e-01
5.445880057035467070e-01,2.289104407611882996e-01,5.000000000000000000e-01
5.445190846643278570e-01,2.291489756144600709e-01,5.000000000000000000e-01
5.444517274271898355e-01,2.293850592605622130e-01,5.000000000000000000e-01
5.443863655228458054e-01,2.296184096021337273e-01,5.000000000000000000e-01
5.443223430822873299e-01,2.298496006334658781e-01,5.000000000000000000e-01
5.442591110582331027e-01,2.300790704795006580e-01,5.000000000000000000e-01
5.441966216274937151e-01,2.303068311237628230e-01,5.000000000000000000e-01
5.441349179969010574e-01,2.305328199461878502e-01,5.000000000000000000e-01
5.440740165432680353e-01,2.307569965340813822e-01,5.000000000000000000e-01
5.440140761482316067e-01,2.309792128239099851e-01,5.000000000000000000e-01
5.439554211171748754e-01,2.311992073639779210e-01,5.000000000000000000e-01
5.438979661534040222e-01,2.314170560896839091e-01,5.000000000000000000e-01
5.438414172272822977e-01,2.316329890476994113e-01,5.000000000000000000e-01
5.437858029776075908e-01,2.318469655062684598e-01,5.000000000000000000e-01
5.437314710857188427e-01,2.320587025734239250e-01,5.000000000000000000e-01
5.436788417371491988e-01,2.322678879151442999e-01,5.000000000000000000e-01
5.436275651077702165e-01,2.324748352398168239e-01,5.000000000000000000e-01
5.435772060204362433e-01,2.326799017688037652e-01,5.000000000000000000e-01
5.435277451907067903e-01,2.328830896535026840e-01,5.000000000000000000e-01
5.434786607611563625e-01,2.330847887587261524e-01,5.000000000000000000e-01
5.434301356254983562e-01,2.332848047023825533e-01,5.000000000000000000e-01
5.433828131065810974e-01,2.334825914234755495e-01,5.000000000000000000e-01
5.433367720600708051e-01,2.336780904992953600e-01,5.000000000000000000e-01
5.432920883262295497e-01,2.338712508773723997e-01,5.000000000000000000e-01
5.432485376048029613e-01,2.340622640579809177e-01,5.000000000000000000e-01
5.432060129417637384e-01,2.342512154723195850e-01,5.000000000000000000e-01
5.431644697560924495e-01,2.344381343741484547e-01,5.000000000000000000e-01
5.431243227985063093e-01,2.346226852121975903e-01,5.000000000000000000e-01
5.430860844156040201e-01,2.348044800465741433e-01,5.000000000000000000e-01
5.430492147345845622e-01,2.349840019191543061e-01,5.000000000000000000e-01
5.430131423265149859e-01,2.351617297543850404e-01,5.000000000000000000e-01
5.429783297770804928e-01,2.353372819787410419e-01,5.000000000000000000e-01
5.429451671608491736e-01,2.355103611108010364e-01,5.000000000000000000e-01
5.429132116101919037e-01,2.356813638302116265e-01,5.000000000000000000e-01
5.428820407992546171e-01,2.358506467884254332e-01,5.000000000000000000e-01
5.428515444512835852e-01,2.360182908657850742e-01,5.000000000000000000e-01
5.428217176109927378e-01,2.361842851068005622e-01,5.000000000000000000e-01
5.427929330863089374e-01,2.363483116453985733e-01,5.000000000000000000e-01
5.427658334459116718e-01,2.365098522052853924e-01,5.000000000000000000e-01
5.427400759973659561e-01,2.366692261945094744e-01,5.000000000000000000e-01
5.427149523654417607e-01,2.368270380887573245e-01,5.000000000000000000e-01
5.426904646447192615e-01,2.369832728722063020e-01,5.000000000000000000e-01
5.426666442317786831e-01,2.371378910455972933e-01,5.000000000000000000e-01
5.426434968369118206e-01,2.372908755559718363e-01,5.000000000000000000e-01
5.426210711734111847e-01,2.374421736034393327e-01,5.000000000000000000e-01
5.425994104232565451e-01,2.375917390935978757e-01,5.000000000000000000e-01
5.425785129245105365e-01,2.377395650381534664e-01,5.000000000000000000e-01
5.425584133310026314e-01,2.378856143662991529e-01,5.000000000000000000e-01
5.425394321781800144e-01,2.380296132877263160e-01,5.000000000000000000e-01
5.425215537486660633e-01,2.381715832615620143e-01,5.000000000000000000e-01
5.425044348952510198e-01,2.383118217132969563e-01,5.000000000000000000e-01
5.424880614428821968e-01,2.384503343995592606e-01,5.000000000000000000e-01
5.424724959643307809e-01,2.385870620621070581e-01,5.000000000000000000e-01
5.424577565520194433e-01,2.387219857934725076e-01,5.000000000000000000e-01
5.424438171244317930e-01,2.388551253906894822e-01,5.000000000000000000e-01
5.424306777141745251e-01,2.389864776565848725e-01,5.000000000000000000e-01
5.424183422989132808e-01,2.391160364988371700e-01,5.000000000000000000e-01
5.424068535118083956e-01,2.392437633849613665e-01,5.000000000000000000e-01
5.423962355982515637e-01,2.393696376335245346e-01,5.000000000000000000e-01
5.423865421467812808e-01,2.394936150320906842e-01,5.000000000000000000e-01
5.423777585963260872e-01,2.396157123915778897e-01,5.000000000000000000e-01
5.423698177364555395e-01,2.397359924011951138e-01,5.000000000000000000e-01
5.423632557275419597e-01,2.398539947489413127e-01,5.000000000000000000e-01
5.423581115360418536e-01,2.399697085977517963e-01,5.000000000000000000e-01
5.423537623673877484e-01,2.400837031394180421e-01,5.000000000000000000e-01
5.423504181257114976e-01,2.401958003798951025e-01,5.000000000000000000e-01
5.423480882459703611e-01,2.403060044123525585e-01,5.000000000000000000e-01
5.423467951832247058e-01,2.404143105354251131e-01,5.000000000000000000e-01
5.423460267640853871e-01,2.405211825752756050e-01,5.000000000000000000e-01
5.423454561217604386e-01,2.406269082934077708e-01,5.000000000000000000e-01
5.423457739700434654e-01,2.407308629379757980e-01,5.000000000000000000e-01
5.423463729677828749e-01,2.408335936796253129e-01,5.000000000000000000e-01
5.423473985570775868e-01,2.409349627297630858e-01,5.000000000000000000e-01
5.423502368685944042e-01,2.410337300013151995e-01,5.000000000000000000e-01
5.423546785815440696e-01,2.411301218147745562e-01,5.000000000000000000e-01
5.423600092196336764e-01,2.412248141885574015e-01,5.000000000000000000e-01
5.423666399269424510e-01,2.413174516901002153e-01,5.000000000000000000e-01
5.423748219949844351e-01,2.414078348383505990e-01,5.000000000000000000e-01
5.423839652068199735e-01,2.414965317644978682e-01,5.000000000000000000e-01
5.423936538185086809e-01,2.415839382186308892e-01,5.000000000000000000e-01
5.424038602392873276e-01,2.416700851853173515e-01,5.000000000000000000e-01
5.424149425995055118e-01,2.417546529471704120e-01,5.000000000000000000e-01
5.424269407198896165e-01,2.418376195076955559e-01,5.000000000000000000e-01
5.424396534935169711e-01,2.419191872942299260e-01,5.000000000000000000e-01
5.424536466946845437e-01,2.419988475150719465e-01,5.000000000000000000e-01
5.424684862707565003e-01,2.420770264444385145e-01,5.000000000000000000e-01
5.424835207492696432e-01,2.421543423769178249e-01,5.000000000000000000e-01
5.424993498702407324e-01,2.422302382197378812e-01,5.000000000000000000e-01
5.425164713021302099e-01,2.423042637975533764e-01,5.000000000000000000e-01
5.425347234272615005e-01,2.423765963678184976e-01,5.000000000000000000e-01
5.425541608621455847e-01,2.424472069459298329e-01,5.000000000000000000e-01
5.425746125367407746e-01,2.425162795568488183e-01,5.000000000000000000e-01
5.425960261340614377e-01,2.425838833900992031e-01,5.000000000000000000e-01
5.426182690835500422e-01,2.426501613703430094e-01,5.000000000000000000e-01
5.426409938200716931e-01,2.427154580805619133e-01,5.000000000000000000e-01
5.426637836803314130e-01,2.427801758046728708e-01,5.000000000000000000e-01
5.426867844528340257e-01,2.428441732259297714e-01,5.000000000000000000e-01
5.427100445598679324e-01,2.429074017126765517e-01,5.000000000000000000e-01
5.427332391600431238e-01,2.429701733422574561e-01,5.000000000000000000e-01
5.427569479291608490e-01,2.430319213561537017e-01,5.000000000000000000e-01
5.427811059342879663e-01,2.430927107720955993e-01,5.000000000000000000e-01
5.428045869003035317e-01,2.431536337446935647e-01,5.000000000000000000e-01
5.428280134273419932e-01,2.432140648742103783e-01,5.000000000000000000e-01
5.428526879082973267e-01,2.432727210722945010e-01,5.000000000000000000e-01
5.428783354055581878e-01,2.433298859756565791e-01,5.000000000000000000e-01
5.429044962248525952e-01,2.433860191100449544e-01,5.000000000000000000e-01
5.429308610317751249e-01,2.434414261465884244e-01,5.000000000000000000e-01
5.429566808756383089e-01,2.434968403528841863e-01,5.000000000000000000e-01
5.429816437274748164e-01,2.435525532654147507e-01,5.000000000000000000e-01
5.430070346214355137e-01,2.436072600140116173e-01,5.000000000000000000e-01
5.430328276617584216e-01,2.436609812533044317e-01,5.000000000000000000e-01
5.430583889233374650e-01,2.437143473081898604e-01,5.000000000000000000e-01
5.430842366040317115e-01,2.437668222808651031e-01,5.000000000000000000e-01
5.431104065426045624e-01,2.438183615345879685e-01,5.000000000000000000e-01
5.431357145898179084e-01,2.438701555732004644e-01,5.000000000000000000e-01
5.431605273937096801e-01,2.439218077179226285e-01,5.000000000000000000e-01
5.431862273083716275e-01,2.439718898307565165e-01,5.000000000000000000e-01
5.432127854830218761e-01,2.440204318291510077e-01,5.000000000000000000e-01
5.432389047798502624e-01,2.440687626732885029e-01,5.000000000000000000e-01
5.432645567178440160e-01,2.441168950180860608e-01,5.000000000000000000e-01
5.432912463157952843e-01,2.441632580421125853e-01,5.000000000000000000e-01
5.433195815321798516e-01,2.442072263711557722e-01,5.000000000000000000e-01
5.433492727938642464e-01,2.442491130161579538e-01,5.000000000000000000e-01
5.433800884775679130e-01,2.442891695452667211e-01,5.000000000000000000e-01
5.434120124284500530e-01,2.443274199020919468e-01,5.000000000000000000e-01
5.434443801484352132e-01,2.443645688858807619e-01,5.000000000000000000e-01
5.434765180035664445e-01,2.444013257246020754e-01,5.000000000000000000e-01
5.435088357033087680e-01,2.444372505150196329e-01,5.000000000000000000e-01
5.435417865733790377e-01,2.444718589892623806e-01,5.000000000000000000e-01
5.435746933414171700e-01,2.445058739996086028e-01,5.000000000000000000e-01
5.436076678195385092e-01,2.445391718927938107e-01,5.000000000000000000e-01
5.436410240585904941e-01,2.445714117005283184e-01,5.000000000000000000e-01
5.436744571586619168e-01,2.446029214114898431e-01,5.000000000000000000e-01
5.437082385587475031e-01,2.446334051703257795e-01,5.000000000000000000e-01
5.437420780812953769e-01,2.446631761363591839e-01,5.000000000000000000e-01
5.437753815516506162e-01,2.446928773690461023e-01,5.000000000000000000e-01
5.438082054605632987e-01,2.447224379731242072e-01,5.000000000000000000e-01
5.438406200927989875e-01,2.447517723918000154e-01,5.000000000000000000e-01
5.438732086614443961e-01,2.447802327215439777e-01,5.000000000000000000e-01
5.439063341552299313e-01,2.448074162088718086e-01,5.000000000000000000e-01
5.439400713944961829e-01,2.448332423466772767e-01,5.000000000000000000e-01
5.439744734327720543e-01,2.448576545930190029e-01,5.000000000000000000e-01
5.440089056195147599e-01,2.448813635304210590e-01,5.000000000000000000e-01
5.440429498771820471e-01,2.449048352969708520e-01,5.000000000000000000e-01
5.440768561392568259e-01,2.449277852753528051e-01,5.000000000000000000e-01
5.441112080150884989e-01,2.449495543760171756e-01,5.000000000000000000e-01
5.441457316225286611e-01,2.449704541479683639e-01,5.000000000000000000e-01
5.441798991455062406e-01,2.449910844378526131e-01,5.000000000000000000e-01
5.442140717844964337e-01,2.450110315285195517e-01,5.000000000000000000e-01
5.442476844049237705e-01,2.450309395880427288e-01,5.000000000000000000e-01
5.442803750968320253e-01,2.450512202699531294e-01,5.000000000000000000e-01
5.443133691851129718e-01,2.450704577544388085e-01,5.000000000000000000e-01
5.443468133618206695e-01,2.450884844510782534e-01,5.000000000000000000e-01
5.443806669647384133e-01,2.451053523837707915e-01,5.000000000000000000e-01
5.444153853303315138e-01,2.451205362737282067e-01,5.000000000000000000e-01
5.444504441362421066e-01,2.451346554767918628e-01,5.000000000000000000e-01
5.444858172652459194e-01,2.451477466416263074e-01,5.000000000000000000e-01
5.445216000431905012e-01,2.451597027092725090e-01,5.000000000000000000e-01
5.445574862043758291e-01,2.451708921085303250e-01,5.000000000000000000e-01
5.445934433220642745e-01,2.451813581945539167e-01,5.000000000000000000e-01
5.446296341360168380e-01,2.451909137417878637e-01,5.000000000000000000e-01
5.446659021461972561e-01,2.451997512151908865e-01,5.000000000000000000e-01
5.447018041793825205e-01,2.452084075628891413e-01,5.000000000000000000e-01
5.447381102143125098e-01,2.452159625053808023e-01,5.000000000000000000e-01
5.447746957862912298e-01,2.452225731733321257e-01,5.000000000000000000e-01
5.448107096684107198e-01,2.452292778256446870e-01,5.000000000000000000e-01
5.448462104794653538e-01,2.452360087632919350e-01,5.000000000000000000e-01
5.448809241828340699e-01,2.452431032992837268e-01,5.000000000000000000e-01
5.449148673645751728e-01,2.452505438392383330e-01,5.000000000000000000e-01
5.449490602988164012e-01,2.452570803876364391e-01,5.000000000000000000e-01
5.449835351214703527e-01,2.452626794888028150e-01,5.000000000000000000e-01
5.450176203778258621e-01,2.452681792977885189e-01,5.000000000000000000e-01
5.450516321835527922e-01,2.452731923013218851e-01,5.000000000000000000e-01
5.450855802106606696e-01,2.452777121730609355e-01,5.000000000000000000e-01
5.451196214744324919e-01,2.452815499567966573e-01,5.000000000000000000e-01
5.451541245520251655e-01,2.452842502283389403e-01,5.000000000000000000e-01
5.451890558929509689e-01,2.452858650970579646e-01,5.000000000000000000e-01
5.452245074738777397e-01,2.452862878728320761e-01,5.000000000000000000e-01
5.452605050607965964e-01,2.452854967207576398e-01,5.000000000000000000e-01
5.452970063858846306e-01,2.452835563397292584e-01,5.000000000000000000e-01
5.453336510968680440e-01,2.452809386809445269e-01,5.000000000000000000e-01
5.453700812866120184e-01,2.452781133163050853e-01,5.000000000000000000e-01
5.454062333250171424e-01,2.452751718630719058e-01,5.000000000000000000e-01
5.454419408546993253e-01,2.452723381242071787e-01,5.000000000000000000e-01
5.454773315899190678e-01,2.452694555721409153e-01,5.000000000000000000e-01
5.455124106795420369e-01,2.452665252933737550e-01,5.000000000000000000e-01
5.455466568495426216e-01,2.452642378707367843e-01,5.000000000000000000e-01
5.455802232847740685e-01,2.452623988577495862e-01,5.000000000000000000e-01
5.456137909137801500e-01,2.452601184121484534e-01,5.000000000000000000e-01
5.456473229930227653e-01,2.452574526970315860e-01,5.000000000000000000e-01
5.456801500771540914e-01,2.452552993847103013e-01,5.000000000000000000e-01
5.457118479335330008e-01,2.452542295164196196e-01,5.000000000000000000e-01
5.457425843816186006e-01,2.452540244172964345e-01,5.000000000000000000e-01
5.457730272762377766e-01,2.452537917295712355e-01,5.000000000000000000e-01
5.458029722695907360e-01,2.452538131058484561e-01,5.000000000000000000e-01
5.458327692867097625e-01,2.452536215881787884e-01,5.000000000000000000e-01
5.458630204304310007e-01,2.452524065523042363e-01,5.000000000000000000e-01
5.458936723218144049e-01,2.452502493116457405e-01,5.000000000000000000e-01
5.459241006528824380e-01,2.452480120081591275e-01,5.000000000000000000e-01
5.459540348398601584e-01,2.452460742639354929e-01,5.000000000000000000e-01
5.459836497653456355e-01,2.452442019534161466e-01,5.000000000000000000e-01
5.460122142856986827e-01,2.452434129516193329e-01,5.000000000000000000e-01
5.460398615603141437e-01,2.452435290210093488e-01,5.000000000000000000e-01
5.460672196988382021e-01,2.452436796121466034e-01,5.000000000000000000e-01
5.460940452584176485e-01,2.452442119996918746e-01,5.000000000000000000e-01
5.461207431057155670e-01,2.452445643143837950e-01,5.000000000000000000e-01
5.461472414174124435e-01,2.452448439889174381e-01,5.000000000000000000e-01
5.461732590368463258e-01,2.452454559713625193e-01,5.000000000000000000e-01
5.461992599286193961e-01,2.452457484493136275e-01,5.000000000000000000e-01
5.462255437127208069e-01,2.452453024783792790e-01,5.000000000000000000e-01
5.462515477373935946e-01,2.452449302045400792e-01,5.000000000000000000e-01
5.462766232255507060e-01,2.452455704717816376e-01,5.000000000000000000e-01
5.463009965177232363e-01,2.452469035927057894e-01,5.000000000000000000e-01
5.463246364983576076e-01,2.452489805639612996e-01,5.000000000000000000e-01
5.463474434294026683e-01,2.452519523191786788e-01,5.000000000000000000e-01
5.463695216958216472e-01,2.452556721021288411e-01,5.000000000000000000e-01
5.463908175274889700e-01,2.452602238318553896e-01,5.000000000000000000e-01
5.464116117153590135e-01,2.452652010339074207e-01,5.000000000000000000e-01
5.464316034710516856e-01,2.452710508831286718e-01,5.000000000000000000e-01
5.464505385481515098e-01,2.452781540316145426e-01,5.000000000000000000e-01
5.464692756326924306e-01,2.452852416855413331e-01,5.000000000000000000e-01
5.464878098545932206e-01,2.452923262093100465e-01,5.000000000000000000e-01
5.465060083043278283e-01,2.452996126328361171e-01,5.000000000000000000e-01
5.465243155007127873e-01,2.453064410227680514e-01,5.000000000000000000e-01
5.465421119520279536e-01,2.453137490664073495e-01,5.000000000000000000e-01
5.465589717326533314e-01,2.453221857793855820e-01,5.000000000000000000e-01
5.465748370138723278e-01,2.453318425595701902e-01,5.000000000000000000e-01
5.465897101750498699e-01,2.453427205511107823e-01,5.000000000000000000e-01
5.466041325301181919e-01,2.453539983065735064e-01,5.000000000000000000e-01
5.466177165250633019e-01,2.453662728872435528e-01,5.000000000000000000e-01
5.466303765231446121e-01,2.453796799320299149e-01,5.000000000000000000e-01
5.466429472336326034e-01,2.453929379854892234e-01,5.000000000000000000e-01
5.466556108329585495e-01,2.454057714591921235e-01,5.000000000000000000e-01
5.466682397876649890e-01,2.454183855279611359e-01,5.000000000000000000e-01
5.466803278234786401e-01,2.454315737160662758e-01,5.000000000000000000e-01
5.466914818180383939e-01,2.454459557962790361e-01,5.000000000000000000e-01
5.467024446409349814e-01,2.454603736166934280e-01,5.000000000000000000e-01
5.467133477809142938e-01,2.454746272975975585e-01,5.000000000000000000e-01
5.467238133555967217e-01,2.454893202954774034e-01,5.000000000000000000e-01
5.467340742818569410e-01,2.455040915721011241e-01,5.000000000000000000e-01
5.467446916101925680e-01,2.455180593600728156e-01,5.000000000000000000e-01
5.467558521988156173e-01,2.455309367338102122e-01,5.000000000000000000e-01
5.467673260308492100e-01,2.455431031148526955e-01,5.000000000000000000e-01
5.467783826668414227e-01,2.455557409107303746e-01,5.000000000000000000e-01
5.467891011605641172e-01,2.455687345465125682e-01,5.000000000000000000e-01
5.467991791240233157e-01,2.455825813199654095e-01,5.000000000000000000e-01
5.468077784170262134e-01,2.455986500367188241e-01,5.000000000000000000e-01
5.468154494192349890e-01,2.456160523999879608e-01,5.000000000000000000e-01
5.468221190476978411e-01,2.456349149692314549e-01,5.000000000000000000e-01
5.468277523319449163e-01,2.456553022288747168e-01,5.000000000000000000e-01
5.468327797522564149e-01,2.456765134250407656e-01,5.000000000000000000e-01
5.468375033329222479e-01,2.456980585958620789e-01,5.000000000000000000e-01
5.468417734647541550e-01,2.457201936061368941e-01,5.000000000000000000e-01
5.468451847587514347e-01,2.457435994787484090e-01,5.000000000000000000e-01
5.468479636453577042e-01,2.457679066276239055e-01,5.000000000000000000e-01
5.468504637932102286e-01,2.457925320106064127e-01,5.000000000000000000e-01
5.468526307487924232e-01,2.458175763191147167e-01,5.000000000000000000e-01
5.468540316583172523e-01,2.458437763633229411e-01,5.000000000000000000e-01
5.468542567240347596e-01,2.458718314389166937e-01,5.000000000000000000e-01
5.468534171009097333e-01,2.459015591430924463e-01,5.000000000000000000e-01
5.468515840476353418e-01,2.459328439699421942e-01,5.000000000000000000e-01
5.468488136826972212e-01,2.459655958619925142e-01,5.000000000000000000e-01
5.468452014151621299e-01,2.459996569989468529e-01,5.000000000000000000e-01
5.468406418381965839e-01,2.460352134234090604e-01,5.000000000000000000e-01
5.468350971706404939e-01,2.460723348491594686e-01,5.000000000000000000e-01
5.468288096166068479e-01,2.461106076791597930e-01,5.000000000000000000e-01
5.468217638086994015e-01,2.461500633812297723e-01,5.000000000000000000e-01
5.468142605604509043e-01,2.461901856918541909e-01,5.000000000000000000e-01
5.468062796774644241e-01,2.462310157637907504e-01,5.000000000000000000e-01
5.467972223879338234e-01,2.462736068752878482e-01,5.000000000000000000e-01
5.467873787448971346e-01,2.463174547242445167e-01,5.000000000000000000e-01
5.467768953088751882e-01,2.463623066949761076e-01,5.000000000000000000e-01
5.467657645322072657e-01,2.464081824197403292e-01,5.000000000000000000e-01
5.467538470359758485e-01,2.464553340295864703e-01,5.000000000000000000e-01
5.467411303409037693e-01,2.465037895042511695e-01,5.000000000000000000e-01
5.467276372039366894e-01,2.465535130709551603e-01,5.000000000000000000e-01
5.467130856120253624e-01,2.466050131724307759e-01,5.000000000000000000e-01
5.466976256807197787e-01,2.466580245168289998e-01,5.000000000000000000e-01
5.466814277663274435e-01,2.467122454201886306e-01,5.000000000000000000e-01
5.466646690751071347e-01,2.467673622742077022e-01,5.000000000000000000e-01
5.466474928397906385e-01,2.468231232022971289e-01,5.000000000000000000e-01
5.466298326563659993e-01,2.468796562670906858e-01,5.000000000000000000e-01
5.466113286894918044e-01,2.469376219961483265e-01,5.000000000000000000e-01
5.465919740383162750e-01,2.469970390195479482e-01,5.000000000000000000e-01
5.465718017513847560e-01,2.470578520153494662e-01,5.000000000000000000e-01
5.465505224998774558e-01,2.471205961564341691e-01,5.000000000000000000e-01
5.465281607400842567e-01,2.471852295927200183e-01,5.000000000000000000e-01
5.465044995144783258e-01,2.472521537979723849e-01,5.000000000000000000e-01
5.464793551687012751e-01,2.473217075824024613e-01,5.000000000000000000e-01
5.464531399026193448e-01,2.473931263478704179e-01,5.000000000000000000e-01
5.464262706617157850e-01,2.474656370231863023e-01,5.000000000000000000e-01
5.463987812163720870e-01,2.475391803656191159e-01,5.000000000000000000e-01
5.463706046104281899e-01,2.476138849058783786e-01,5.000000000000000000e-01
5.463417633198600631e-01,2.476897122682580610e-01,5.000000000000000000e-01
5.463123943611594147e-01,2.477664097437814461e-01,5.000000000000000000e-01
5.462823532607306021e-01,2.478442535380175893e-01,5.000000000000000000e-01
5.462515770507267998e-01,2.479233664540676785e-01,5.000000000000000000e-01
5.462201349814299611e-01,2.480036214101985492e-01,5.000000000000000000e-01
5.461881256770090287e-01,2.480848367155056855e-01,5.000000000000000000e-01
5.461555500687983455e-01,2.481670159675062326e-01,5.000000000000000000e-01
5.461219408054093227e-01,2.482510520289999967e-01,5.000000000000000000e-01
5.460873988944324742e-01,2.483367542092148328e-01,5.000000000000000000e-01
5.460521878943764840e-01,2.484236210474045081e-01,5.000000000000000000e-01
5.460162811060106369e-01,2.485117080736032602e-01,5.000000000000000000e-01
5.459798950183665234e-01,2.486006046756027432e-01,5.000000000000000000e-01
5.459430732346591819e-01,2.486902339559892150e-01,5.000000000000000000e-01
5.459057707652295033e-01,2.487806902961840205e-01,5.000000000000000000e-01
5.458676915956401920e-01,2.488725520467454655e-01,5.000000000000000000e-01
5.458286762851516372e-01,2.489661324688528521e-01,5.000000000000000000e-01
5.457888019258086976e-01,2.490612853168807650e-01,5.000000000000000000e-01
5.457480637878747709e-01,2.491580236284722805e-01,5.000000000000000000e-01
5.457065238074230162e-01,2.492562306112939552e-01,5.000000000000000000e-01
5.456640991784539318e-01,2.493560716688362211e-01,5.000000000000000000e-01
5.456206992156327207e-01,2.494577269709615241e-01,5.000000000000000000e-01
5.455761800190292998e-01,2.495614793194546321e-01,5.000000000000000000e-01
5.455304123509321368e-01,2.496675811359682362e-01,5.000000000000000000e-01
5.454836731742926936e-01,2.497754854628041477e-01,5.000000000000000000e-01
5.454361924959065799e-01,2.498847389625178383e-01,5.000000000000000000e-01
5.453879673108815718e-01,2.499953490851859195e-01,5.000000000000000000e-01
5.453390145831601421e-01,2.501072836400415333e-01,5.000000000000000000e-01
5.452896959706534652e-01,2.502198298917706065e-01,5.000000000000000000e-01
5.452402607825803660e-01,2.503325008841609800e-01,5.000000000000000000e-01
5.451902473440826125e-01,2.504462227918227701e-01,5.000000000000000000e-01
5.451393750911206482e-01,2.505615589429195378e-01,5.000000000000000000e-01
5.450877756335854585e-01,2.506782501360481086e-01,5.000000000000000000e-01
5.450355729211302513e-01,2.507960539334307959e-01,5.000000000000000000e-01
5.449826325004967220e-01,2.509152449861615786e-01,5.000000000000000000e-01
5.449285875888671971e-01,2.510365613743036350e-01,5.000000000000000000e-01
5.448734031542271650e-01,2.511600733876325764e-01,5.000000000000000000e-01
5.448173724370095616e-01,2.512851921284784407e-01,5.000000000000000000e-01
5.447604885214765158e-01,2.514119338091956868e-01,5.000000000000000000e-01
5.447026778277244130e-01,2.515404489662870224e-01,5.000000000000000000e-01
5.446440841570239222e-01,2.516704495018879939e-01,5.000000000000000000e-01
5.445845935924996661e-01,2.518021683420187395e-01,5.000000000000000000e-01
5.445240638770793007e-01,2.519358945951643003e-01,5.000000000000000000e-01
5.444625676593266572e-01,2.520714810601842881e-01,5.000000000000000000e-01
5.444001431951637215e-01,2.522088505802214664e-01,5.000000000000000000e-01
5.443368032974231774e-01,2.523479778509879479e-01,5.000000000000000000e-01
5.442725268709003306e-01,2.524889062254327965e-01,5.000000000000000000e-01
5.442073373778248957e-01,2.526315883132306261e-01,5.000000000000000000e-01
5.441412559807030647e-01,2.527759813212717144e-01,5.000000000000000000e-01
5.440742415745516425e-01,2.529221694619145921e-01,5.000000000000000000e-01
5.440063308128039177e-01,2.530700778150493102e-01,5.000000000000000000e-01
5.439375999734106237e-01,2.532195511770586327e-01,5.000000000000000000e-01
5.438680214766697940e-01,2.533706471729973986e-01,5.000000000000000000e-01
5.437975394923246775e-01,2.535234812308179153e-01,5.000000000000000000e-01
5.437261646691504691e-01,2.536780320664481225e-01,5.000000000000000000e-01
5.436538631718506043e-01,2.538343698734055187e-01,5.000000000000000000e-01
5.435806218863028505e-01,2.539925219820655666e-01,5.000000000000000000e-01
5.435064050740447961e-01,2.541525622007545504e-01,5.000000000000000000e-01
5.434312555446878523e-01,2.543144029349754254e-01,5.000000000000000000e-01
5.433550839844000224e-01,2.544782285245555942e-01,5.000000000000000000e-01
5.432778089023665435e-01,2.546442064004492689e-01,5.000000000000000000e-01
5.431995157440323574e-01,2.548121599386937719e-01,5.000000000000000000e-01
5.431200819364474519e-01,2.549823414210444783e-01,5.000000000000000000e-01
5.430393470548890988e-01,2.551550795139542749e-01,5.000000000000000000e-01
5.429573952730241126e-01,2.553301964927428003e-01,5.000000000000000000e-01
5.428743234599936462e-01,2.555074892304380341e-01,5.000000000000000000e-01
5.427901768563372364e-01,2.556868621888482851e-01,5.000000000000000000e-01
5.427048649277532721e-01,2.558685003269299818e-01,5.000000000000000000e-01
5.426183255422654117e-01,2.560525285788303185e-01,5.000000000000000000e-01
5.425306029263079477e-01,2.562388510132155295e-01,5.000000000000000000e-01
5.424417605291622646e-01,2.564273321719015009e-01,5.000000000000000000e-01
5.423518519435359675e-01,2.566178574768452347e-01,5.000000000000000000e-01
5.422608705949140129e-01,2.568104370817703153e-01,5.000000000000000000e-01
5.421688264276505187e-01,2.570050467381579384e-01,5.000000000000000000e-01
5.420757768289599099e-01,2.572015642634040145e-01,5.000000000000000000e-01
5.419817078332480609e-01,2.574000156463009947e-01,5.000000000000000000e-01
5.418865487067168196e-01,2.576005438884216847e-01,5.000000000000000000e-01
5.417903184869594657e-01,2.578031054601145899e-01,5.000000000000000000e-01
5.416930580755126012e-01,2.580076118767028470e-01,5.000000000000000000e-01
5.415947268321451569e-01,2.582141436271490065e-01,5.000000000000000000e-01
5.414952788763356395e-01,2.584227912939941474e-01,5.000000000000000000e-01
5.413947483474476075e-01,2.586334794771860124e-01,5.000000000000000000e-01
5.412934136026579246e-01,2.588456323950896198e-01,5.000000000000000000e-01
5.411908254279507169e-01,2.590601816774317778e-01,5.000000000000000000e-01
5.410861971954709082e-01,2.592787501101641023e-01,5.000000000000000000e-01
5.409795803689707583e-01,2.595012207527037096e-01,5.000000000000000000e-01
5.408709916599365730e-01,2.597275486468869632e-01,5.000000000000000000e-01
5.407604291707883704e-01,2.599577269402673085e-01,5.000000000000000000e-01
5.406479063704183741e-01,2.601917164719397269e-01,5.000000000000000000e-01
5.405334713187828211e-01,2.604294065149299620e-01,5.000000000000000000e-01
5.404171507217747639e-01,2.606707310080479401e-01,5.000000000000000000e-01
5.402989031229725736e-01,2.609157641679180628e-01,5.000000000000000000e-01
5.401787115895873015e-01,2.611645286974521030e-01,5.000000000000000000e-01
5.400566338125303290e-01,2.614168931552778297e-01,5.000000000000000000e-01
5.399327345120574773e-01,2.616727117263843994e-01,5.000000000000000000e-01
5.398070881384602338e-01,2.619318190997632634e-01,5.000000000000000000e-01
5.396797353788260754e-01,2.621941198521108296e-01,5.000000000000000000e-01
5.395507198327276210e-01,2.624595126105171428e-01,5.000000000000000000e-01
5.394200939131952310e-01,2.627278781996561507e-01,5.000000000000000000e-01
5.392879101925988072e-01,2.629990974477277033e-01,5.000000000000000000e-01
5.391542403504802072e-01,2.632730123601673133e-01,5.000000000000000000e-01
5.390191665100754204e-01,2.635494442033491369e-01,5.000000000000000000e-01
5.388828015666842219e-01,2.638281521000752639e-01,5.000000000000000000e-01
5.387452238007101046e-01,2.641089668527181189e-01,5.000000000000000000e-01
5.386064383972624103e-01,2.643918688568001052e-01,5.000000000000000000e-01
5.384664845717999082e-01,2.646767692122667937e-01,5.000000000000000000e-01
5.383254404175066288e-01,2.649635003912551579e-01,5.000000000000000000e-01
5.381833579392172329e-01,2.652519485171768165e-01,5.000000000000000000e-01
5.380402884185127022e-01,2.655420016793021976e-01,5.000000000000000000e-01
5.378962515439758008e-01,2.658336122977349447e-01,5.000000000000000000e-01
5.377512462725979603e-01,2.661267747822783081e-01,5.000000000000000000e-01
5.376053295814534616e-01,2.664213665974207723e-01,5.000000000000000000e-01
5.374585498281978513e-01,2.667172830696199481e-01,5.000000000000000000e-01
5.373109411270451385e-01,2.670144486044728760e-01,5.000000000000000000e-01
5.371625055522369907e-01,2.673128521578326811e-01,5.000000000000000000e-01
5.370132652079806501e-01,2.676124426266068834e-01,5.000000000000000000e-01
5.368633655545458350e-01,2.679129227929051282e-01,5.000000000000000000e-01
5.367129578170870552e-01,2.682139854144298119e-01,5.000000000000000000e-01
5.365621582304420656e-01,2.685153945157781052e-01,5.000000000000000000e-01
5.364109748460208493e-01,2.688171303467835616e-01,5.000000000000000000e-01
5.362593780490144679e-01,2.691192481314587104e-01,5.000000000000000000e-01
5.361073964785767476e-01,2.694216876953582362e-01,5.000000000000000000e-01
5.359550446014265113e-01,2.697244171072481489e-01,5.000000000000000000e-01
5.358023516856570412e-01,2.700273754363012313e-01,5.000000000000000000e-01
5.356492943030960463e-01,2.703306056805529489e-01,5.000000000000000000e-01
5.354958596686798522e-01,2.706341297841316496e-01,5.000000000000000000e-01
5.353420840042604212e-01,2.709378735770610058e-01,5.000000000000000000e-01
5.351878732315819009e-01,2.712420178650240543e-01,5.000000000000000000e-01
5.350331907577861035e-01,2.715466305284532922e-01,5.000000000000000000e-01
5.348781153198993721e-01,2.718515545472068862e-01,5.000000000000000000e-01
5.347225825366717089e-01,2.721569113303572429e-01,5.000000000000000000e-01
5.345665870979285916e-01,2.724627073189589410e-01,5.000000000000000000e-01
5.344100806313561991e-01,2.727690321358168246e-01,5.000000000000000000e-01
5.342530312558704253e-01,2.730759430795853815e-01,5.000000000000000000e-01
5.340955293417347649e-01,2.733832617510132401e-01,5.000000000000000000e-01
5.339373517410692660e-01,2.736914124914040514e-01,5.000000000000000000e-01
5.337784168231960447e-01,2.740005468420899648e-01,5.000000000000000000e-01
5.336189015858190388e-01,2.743103209773604667e-01,5.000000000000000000e-01
5.334588140567867454e-01,2.746207140205614294e-01,5.000000000000000000e-01
5.332980348150457850e-01,2.749319477966624126e-01,5.000000000000000000e-01
5.331364532613671603e-01,2.752442266566119677e-01,5.000000000000000000e-01
5.329741522795543585e-01,2.755573876686140955e-01,5.000000000000000000e-01
5.328110223325079886e-01,2.758716315380066453e-01,5.000000000000000000e-01
5.326470103214415719e-01,2.761870517563232430e-01,5.000000000000000000e-01
5.324822270132552049e-01,2.765034332923498317e-01,5.000000000000000000e-01
5.323166610584606495e-01,2.768207902031295520e-01,5.000000000000000000e-01
5.321503377495371279e-01,2.771390679816432834e-01,5.000000000000000000e-01
5.319832435591027586e-01,2.774582846247931056e-01,5.000000000000000000e-01
5.318152638622415385e-01,2.777786462345427365e-01,5.000000000000000000e-01
5.316462395812878716e-01,2.781004408786097448e-01,5.000000000000000000e-01
5.314761438417380246e-01,2.784237109906669838e-01,5.000000000000000000e-01
5.313050021728158434e-01,2.787484015594962616e-01,5.000000000000000000e-01
5.311327828710208365e-01,2.790745624212284115e-01,5.000000000000000000e-01
5.309593818681146438e-01,2.794023757770641714e-01,5.000000000000000000e-01
5.307848441609028800e-01,2.797317501705026688e-01,5.000000000000000000e-01
5.306092418712471392e-01,2.800625443626587052e-01,5.000000000000000000e-01
5.304323977928797618e-01,2.803950706942336391e-01,5.000000000000000000e-01
5.302539973833049203e-01,2.807298902367990068e-01,5.000000000000000000e-01
5.300739039644504214e-01,2.810672407021122532e-01,5.000000000000000000e-01
5.298922084561262791e-01,2.814069476966496453e-01,5.000000000000000000e-01
5.297088600571459027e-01,2.817490903986767381e-01,5.000000000000000000e-01
5.295239875441732913e-01,2.820934249085021439e-01,5.000000000000000000e-01
5.293376538147531729e-01,2.824398247013080177e-01,5.000000000000000000e-01
5.291498529407501206e-01,2.827882854068862195e-01,5.000000000000000000e-01
5.289605200742212299e-01,2.831389075159993496e-01,5.000000000000000000e-01
5.287694079698611604e-01,2.834921140204083034e-01,5.000000000000000000e-01
5.285766893400081212e-01,2.838475862505202008e-01,5.000000000000000000e-01
5.283825827220874904e-01,2.842049242859524538e-01,5.000000000000000000e-01
5.281869155552754158e-01,2.845644137506764260e-01,5.000000000000000000e-01
5.279896848758162120e-01,2.849260439934770406e-01,5.000000000000000000e-01
5.277911200002916026e-01,2.852893999378145473e-01,5.000000000000000000e-01
5.275910489803377068e-01,2.856547628405915473e-01,5.000000000000000000e-01
5.273894665388628722e-01,2.860221259725151399e-01,5.000000000000000000e-01
5.271865922543492733e-01,2.863910951884962586e-01,5.000000000000000000e-01
5.269822447384593378e-01,2.867619650006830723e-01,5.000000000000000000e-01
5.267764265011101177e-01,2.871347155744458646e-01,5.000000000000000000e-01
5.265692233113439258e-01,2.875091853753616311e-01,5.000000000000000000e-01
5.263603866469785952e-01,2.878857808671284602e-01,5.000000000000000000e-01
5.261497834595816325e-01,2.882647135570209906e-01,5.000000000000000000e-01
5.259373932736388646e-01,2.886460045474766867e-01,5.000000000000000000e-01
5.257232371763201906e-01,2.890296040853895798e-01,5.000000000000000000e-01
5.255077665787681873e-01,2.894147399941402465e-01,5.000000000000000000e-01
5.252915251458246670e-01,2.898004845857001244e-01,5.000000000000000000e-01
5.250743963965809336e-01,2.901870075817586381e-01,5.000000000000000000e-01
5.248559525274544280e-01,2.905749978002747924e-01,5.000000000000000000e-01
5.246361826149201768e-01,2.909644588214020944e-01,5.000000000000000000e-01
5.244155823501199798e-01,2.913545610223634563e-01,5.000000000000000000e-01
5.241944936401113919e-01,2.917447247567043767e-01,5.000000000000000000e-01
5.239726858260784770e-01,2.921353059077568259e-01,5.000000000000000000e-01
5.237496770304215232e-01,2.925270728842642165e-01,5.000000000000000000e-01
5.235251465121464332e-01,2.929205372737087587e-01,5.000000000000000000e-01
5.232990166046695979e-01,2.933158191690988237e-01,5.000000000000000000e-01
5.230716754850383010e-01,2.937122880313193241e-01,5.000000000000000000e-01
5.228434199214667677e-01,2.941094560950545667e-01,5.000000000000000000e-01
5.226140035505341119e-01,2.945077009457900408e-01,5.000000000000000000e-01
5.223833889281239706e-01,2.949070700861006200e-01,5.000000000000000000e-01
5.221515768895442777e-01,2.953075514584435624e-01,5.000000000000000000e-01
5.219182682681823282e-01,2.957096057949690771e-01,5.000000000000000000e-01
5.216795542904463234e-01,2.961193710809392199e-01,5.000000000000000000e-01
5.214345788354910471e-01,2.965382228641497697e-01,5.000000000000000000e-01
5.211872149980164570e-01,2.969601656967875147e-01,5.000000000000000000e-01
5.209380585474129299e-01,2.973842451490180672e-01,5.000000000000000000e-01
5.206873846672199768e-01,2.978099981594604095e-01,5.000000000000000000e-01
5.204346942562525502e-01,2.982381513578236110e-01,5.000000000000000000e-01
5.201800341953050077e-01,2.986686016832345025e-01,5.000000000000000000e-01
5.199234578258478123e-01,2.991012375977618043e-01,5.000000000000000000e-01
5.196646579002073274e-01,2.995364942747237302e-01,5.000000000000000000e-01
5.194039383557174094e-01,2.999738873154196295e-01,5.000000000000000000e-01
5.191416973264710855e-01,3.004127883253672193e-01,5.000000000000000000e-01
5.188774572910769267e-01,3.008538773744313111e-01,5.000000000000000000e-01
5.186108570169372101e-01,3.012976666115740887e-01,5.000000000000000000e-01
5.183421198192605939e-01,3.017438056502634858e-01,5.000000000000000000e-01
5.180715422252830660e-01,3.021918322153743230e-01,5.000000000000000000e-01
5.177996058656513245e-01,3.026410095299282288e-01,5.000000000000000000e-01
5.175262704181825546e-01,3.030913605995668725e-01,5.000000000000000000e-01
5.172516183125783762e-01,3.035427322992089172e-01,5.000000000000000000e-01
5.169759101632267484e-01,3.039947150825643707e-01,5.000000000000000000e-01
5.166988617614306500e-01,3.044476853533242822e-01,5.000000000000000000e-01
5.164204348224814556e-01,3.049016718367169032e-01,5.000000000000000000e-01
5.161406477192638231e-01,3.053566254856756590e-01,5.000000000000000000e-01
5.158595451436449597e-01,3.058124598756938317e-01,5.000000000000000000e-01
5.155772262764013458e-01,3.062690133237090384e-01,5.000000000000000000e-01
5.152933885419712645e-01,3.067266899918486556e-01,5.000000000000000000e-01
5.150084257121015918e-01,3.071849219354716443e-01,5.000000000000000000e-01
5.147223860408113305e-01,3.076436199998050514e-01,5.000000000000000000e-01
5.144350122002894210e-01,3.081031201046668944e-01,5.000000000000000000e-01
5.141466803084444592e-01,3.085628867779958151e-01,5.000000000000000000e-01
5.138577113054398904e-01,3.090224562403004471e-01,5.000000000000000000e-01
5.135681801863294371e-01,3.094816991419331864e-01,5.000000000000000000e-01
5.132782034031642127e-01,3.099404313847943793e-01,5.000000000000000000e-01
5.129878918738706162e-01,3.103984777586749066e-01,5.000000000000000000e-01
5.126972562620251139e-01,3.108558000980807812e-01,5.000000000000000000e-01
5.124063387818670323e-01,3.113123207963645611e-01,5.000000000000000000e-01
5.121148318159289836e-01,3.117684338511178543e-01,5.000000000000000000e-01
5.118227236652541645e-01,3.122241453682740309e-01,5.000000000000000000e-01
5.115304618897507094e-01,3.126788543503552509e-01,5.000000000000000000e-01
5.112377052267508271e-01,3.131329957221755667e-01,5.000000000000000000e-01
5.109444604636413922e-01,3.135865541464283313e-01,5.000000000000000000e-01
5.106511183095676643e-01,3.140390137981857732e-01,5.000000000000000000e-01
5.103573041747817562e-01,3.144908500368072124e-01,5.000000000000000000e-01
5.100625662403969196e-01,3.149426470467392436e-01,5.000000000000000000e-01
5.097670098032728303e-01,3.153942786249694374e-01,5.000000000000000000e-01
5.094709100774339472e-01,3.158453975056353391e-01,5.000000000000000000e-01
5.091741110001269943e-01,3.162962020942299279e-01,5.000000000000000000e-01
5.088767665090885295e-01,3.167464986877743804e-01,5.000000000000000000e-01
5.085792012168433018e-01,3.171958751686598244e-01,5.000000000000000000e-01
5.082814176224892400e-01,3.176443188958317787e-01,5.000000000000000000e-01
5.079832235505929994e-01,3.180920635866307244e-01,5.000000000000000000e-01
5.076842372498239220e-01,3.185395843351811473e-01,5.000000000000000000e-01
5.073847866287840569e-01,3.189864821654122551e-01,5.000000000000000000e-01
5.070846234635192351e-01,3.194330645589933404e-01,5.000000000000000000e-01
5.067836826424911845e-01,3.198794165294008840e-01,5.000000000000000000e-01
5.064826633897072661e-01,3.203246891302350963e-01,5.000000000000000000e-01
5.061810260597937594e-01,3.207695283926608187e-01,5.000000000000000000e-01
5.058787200569587750e-01,3.212139985524145036e-01,5.000000000000000000e-01
5.055763328019873271e-01,3.216573953950423448e-01,5.000000000000000000e-01
5.052737182478728162e-01,3.220998828654655366e-01,5.000000000000000000e-01
5.049708606386525966e-01,3.225414733606265516e-01,5.000000000000000000e-01
5.046675518372720770e-01,3.229824107810702616e-01,5.000000000000000000e-01
5.043632936704675052e-01,3.234232873933510222e-01,5.000000000000000000e-01
5.040579935200145689e-01,3.238642286914327761e-01,5.000000000000000000e-01
5.037518812769020693e-01,3.243049813717040486e-01,5.000000000000000000e-01
5.034453936121507933e-01,3.247450434506736761e-01,5.000000000000000000e-01
5.031383301337140068e-01,3.251846425816065644e-01,5.000000000000000000e-01
5.028306977047375392e-01,3.256237706244017316e-01,5.000000000000000000e-01
5.025224666059838752e-01,3.260624628734346553e-01,5.000000000000000000e-01
5.022136142400255299e-01,3.265007451666537830e-01,5.000000000000000000e-01
5.019046454332450891e-01,3.269380436791199385e-01,5.000000000000000000e-01
5.015950902484888063e-01,3.273748781976090205e-01,5.000000000000000000e-01
5.012843913574720478e-01,3.278118795266455887e-01,5.000000000000000000e-01
5.009724039798837403e-01,3.282492285709318058e-01,5.000000000000000000e-01
5.006585593949912649e-01,3.286875818683656636e-01,5.000000000000000000e-01
5.003433406210993084e-01,3.291264343745242127e-01,5.000000000000000000e-01
5.000274901341728029e-01,3.295649798301715228e-01,5.000000000000000000e-01
4.997107472844791176e-01,3.300034940233667058e-01,5.000000000000000000e-01
4.993935000727126594e-01,3.304415488984427940e-01,5.000000000000000000e-01
4.990759718180514115e-01,3.308788860235034601e-01,5.000000000000000000e-01
4.987581104195619730e-01,3.313155411722328303e-01,5.000000000000000000e-01
4.984395412409561299e-01,3.317519021544941271e-01,5.000000000000000000e-01
4.981199443500418655e-01,3.321883087241914723e-01,5.000000000000000000e-01
4.977991604114138657e-01,3.326249378745796959e-01,5.000000000000000000e-01
4.974775269436150782e-01,3.330614395246314086e-01,5.000000000000000000e-01
4.971550624287964792e-01,3.334977928915818790e-01,5.000000000000000000e-01
4.968316767062136430e-01,3.339340884509977014e-01,5.000000000000000000e-01
4.965074599356189555e-01,3.343702320518496252e-01,5.000000000000000000e-01
4.961819113794355696e-01,3.348067416625734039e-01,5.000000000000000000e-01
4.958555829081737754e-01,3.352430554675310259e-01,5.000000000000000000e-01
4.955284986198812414e-01,3.356791415835937431e-01,5.000000000000000000e-01
4.951976950211366413e-01,3.361180407737844877e-01,5.000000000000000000e-01
4.948633375810363999e-01,3.365596655606306609e-01,5.000000000000000000e-01
4.945279693559712086e-01,3.370015019403133638e-01,5.000000000000000000e-01
4.941893696724770080e-01,3.374457771731123046e-01,5.000000000000000000e-01
4.938473225177630876e-01,3.378927551164900289e-01,5.000000000000000000e-01
4.935040282410041446e-01,3.383402815945563136e-01,5.000000000000000000e-01
4.931600842098820547e-01,3.387877307982963271e-01,5.000000000000000000e-01
4.928155439559985251e-01,3.392349996470647167e-01,5.000000000000000000e-01
4.924704973245768724e-01,3.396819506092417784e-01,5.000000000000000000e-01
4.921245479252125410e-01,3.401289248787399133e-01,5.000000000000000000e-01
4.917771062193718179e-01,3.405764657297186138e-01,5.000000000000000000e-01
4.914287281248473915e-01,3.410240231080629014e-01,5.000000000000000000e-01
4.910800874343203004e-01,3.414709182127899645e-01,5.000000000000000000e-01
4.907312125165647076e-01,3.419170742852083444e-01,5.000000000000000000e-01
4.903821595700751379e-01,3.423623912632365318e-01,5.000000000000000000e-01
4.900324972838730475e-01,3.428072362219839464e-01,5.000000000000000000e-01
4.896812599665970045e-01,3.432524980600405451e-01,5.000000000000000000e-01
4.893282418502649667e-01,3.436983807997372464e-01,5.000000000000000000e-01
4.889744407382201619e-01,3.441439662929514642e-01,5.000000000000000000e-01
4.886207266039549468e-01,3.445884250016739703e-01,5.000000000000000000e-01
4.882671302422888493e-01,3.450316798729005652e-01,5.000000000000000000e-01
4.879136874776194288e-01,3.454736529931906608e-01,5.000000000000000000e-01
4.875602734001354133e-01,3.459144180229908327e-01,5.000000000000000000e-01
4.872069221602658429e-01,3.463539113066722575e-01,5.000000000000000000e-01
4.868544670646741679e-01,3.467913466704853342e-01,5.000000000000000000e-01
4.865031040190291867e-01,3.472264932748525545e-01,5.000000000000000000e-01
4.861523727713821796e-01,3.476597090453883987e-01,5.000000000000000000e-01
4.858011362306909886e-01,3.480919807168216806e-01,5.000000000000000000e-01
4.854487455147051267e-01,3.485238981970425476e-01,5.000000000000000000e-01
4.850964001419629246e-01,3.489544376426172434e-01,5.000000000000000000e-01
4.847447218144483316e-01,3.493830442849831242e-01,5.000000000000000000e-01
4.843936992161455013e-01,3.498096999235744686e-01,5.000000000000000000e-01
4.840431875228993208e-01,3.502345073391576191e-01,5.000000000000000000e-01
4.836928474149717605e-01,3.506577469550369308e-01,5.000000000000000000e-01
4.833434064562285859e-01,3.510787905758337435e-01,5.000000000000000000e-01
4.829953901043106956e-01,3.514971648197662835e-01,5.000000000000000000e-01
4.826471596153926180e-01,3.519142323006733131e-01,5.000000000000000000e-01
4.822978944470918128e-01,3.523307172331049397e-01,5.000000000000000000e-01
4.819476693828930181e-01,3.527466143337607551e-01,5.000000000000000000e-01
4.815971969804780928e-01,3.531613727844421513e-01,5.000000000000000000e-01
4.812475823077376758e-01,3.535740881636686428e-01,5.000000000000000000e-01
4.808984303670353899e-01,3.539850686678560621e-01,5.000000000000000000e-01
4.805497398083209415e-01,3.543943106712989510e-01,5.000000000000000000e-01
4.802020670711303341e-01,3.548013533770776884e-01,5.000000000000000000e-01
4.798554726311101692e-01,3.552061257600909738e-01,5.000000000000000000e-01
4.795101184491289414e-01,3.556084750399096661e-01,5.000000000000000000e-01
4.791660591567105110e-01,3.560083341747740659e-01,5.000000000000000000e-01
4.788183860681767268e-01,3.564096600863640996e-01,5.000000000000000000e-01
4.784651541405434694e-01,3.568141783362205333e-01,5.000000000000000000e-01
4.781110622330179138e-01,3.572183542744961082e-01,5.000000000000000000e-01
4.777571650388408031e-01,3.576213765975300163e-01,5.000000000000000000e-01
4.774029672695129234e-01,3.580236220046172368e-01,5.000000000000000000e-01
4.770486799224445962e-01,3.584249263831152943e-01,5.000000000000000000e-01
4.766948789027797284e-01,3.588248332598175661e-01,5.000000000000000000e-01
4.763411016099365902e-01,3.592236766869504327e-01,5.000000000000000000e-01
4.759872250045165121e-01,3.596215439075736708e-01,5.000000000000000000e-01
4.756335646789439653e-01,3.600181892319598287e-01,5.000000000000000000e-01
4.752800320729255734e-01,3.604136665947756946e-01,5.000000000000000000e-01
4.749267108265978754e-01,3.608079021939728515e-01,5.000000000000000000e-01
4.745737375237136790e-01,3.612007805726020759e-01,5.000000000000000000e-01
4.742216104211702810e-01,3.615919080531803664e-01,5.000000000000000000e-01
4.738704925804547718e-01,3.619811295376594851e-01,5.000000000000000000e-01
4.735198266216189555e-01,3.623688259952237978e-01,5.000000000000000000e-01
4.731626301602306350e-01,3.627602002799669156e-01,5.000000000000000000e-01
4.727985724950320989e-01,3.631557427603273047e-01,5.000000000000000000e-01
4.724352412360132702e-01,3.635501149790101305e-01,5.000000000000000000e-01
4.720718978884371753e-01,3.639437911954640503e-01,5.000000000000000000e-01
4.717074113749352149e-01,3.643375610393105868e-01,5.000000000000000000e-01
4.713416640244360023e-01,3.647315178214557418e-01,5.000000000000000000e-01
4.709757584209969261e-01,3.651248775875674535e-01,5.000000000000000000e-01
4.706104823833792139e-01,3.655170410853936236e-01,5.000000000000000000e-01
4.702460004168439456e-01,3.659078285787368268e-01,5.000000000000000000e-01
4.698809334727890308e-01,3.662981561760133564e-01,5.000000000000000000e-01
4.695143636610263349e-01,3.666886652032051996e-01,5.000000000000000000e-01
4.691474071388782585e-01,3.670786008839149739e-01,5.000000000000000000e-01
4.687814451651468595e-01,3.674669808919451830e-01,5.000000000000000000e-01
4.684164665614517498e-01,3.678537442512567757e-01,5.000000000000000000e-01
4.680517416640049833e-01,3.682393313275936775e-01,5.000000000000000000e-01
4.676870579718061527e-01,3.686238592898770650e-01,5.000000000000000000e-01
4.673221516810229792e-01,3.690074909398330938e-01,5.000000000000000000e-01
4.669570016523043043e-01,3.693902353268885830e-01,5.000000000000000000e-01
4.665916659889787210e-01,3.697720498576826387e-01,5.000000000000000000e-01
4.662266784456888802e-01,3.701525692218405328e-01,5.000000000000000000e-01
4.658622972081710167e-01,3.705315961875430553e-01,5.000000000000000000e-01
4.654987292530722853e-01,3.709089589666086928e-01,5.000000000000000000e-01
4.651362751191945311e-01,3.712844217707824690e-01,5.000000000000000000e-01
4.647741851991251671e-01,3.716584346492394220e-01,5.000000000000000000e-01
4.644122445934095733e-01,3.720311282652152274e-01,5.000000000000000000e-01
4.640508863107556392e-01,3.724022206258394974e-01,5.000000000000000000e-01
4.636906106862876409e-01,3.727713710993048046e-01,5.000000000000000000e-01
4.633315853099425619e-01,3.731384389684240244e-01,5.000000000000000000e-01
4.629722117567629525e-01,3.735044196158490148e-01,5.000000000000000000e-01
4.626117790372411553e-01,3.738698000903301066e-01,5.000000000000000000e-01
4.622514491853231267e-01,3.742339026315879558e-01,5.000000000000000000e-01
4.618915758969595053e-01,3.745965140198274645e-01,5.000000000000000000e-01
4.615323022802131914e-01,3.749575407342434219e-01,5.000000000000000000e-01
4.611745122069950686e-01,3.753164192873956750e-01,5.000000000000000000e-01
4.608187719304251972e-01,3.756727554090492083e-01,5.000000000000000000e-01
4.604642908961864012e-01,3.760269794070387750e-01,5.000000000000000000e-01
4.601118678427037478e-01,3.763785740475236175e-01,5.000000000000000000e-01
4.597622499351848857e-01,3.767270308266497114e-01,5.000000000000000000e-01
4.594140954797160115e-01,3.770730951945818754e-01,5.000000000000000000e-01
4.590673114725376536e-01,3.774168103033221366e-01,5.000000000000000000e-01
4.587222840681980385e-01,3.777579390023537709e-01,5.000000000000000000e-01
4.583785888067078984e-01,3.780967193046301800e-01,5.000000000000000000e-01
4.580361965346606556e-01,3.784331727799634670e-01,5.000000000000000000e-01
4.576954401539736761e-01,3.787671077176487655e-01,5.000000000000000000e-01
4.573572278166577743e-01,3.790979796337913821e-01,5.000000000000000000e-01
4.570210898497529817e-01,3.794260283910734777e-01,5.000000000000000000e-01
4.566864087699455954e-01,3.797516013134244472e-01,5.000000000000000000e-01
4.563543709444081720e-01,3.800740185616569566e-01,5.000000000000000000e-01
4.560248981373987709e-01,3.803932942198605671e-01,5.000000000000000000e-01
4.556978026249617342e-01,3.807095109965072388e-01,5.000000000000000000e-01
4.553729500421479504e-01,3.810227362360734671e-01,5.000000000000000000e-01
4.550496145968332962e-01,3.813333837696155637e-01,5.000000000000000000e-01
4.547277797122660781e-01,3.816414949759847630e-01,5.000000000000000000e-01
4.544079191515509319e-01,3.819468313356753075e-01,5.000000000000000000e-01
4.540905505538753717e-01,3.822491126386691196e-01,5.000000000000000000e-01
4.537749884944639600e-01,3.825487178277448552e-01,5.000000000000000000e-01
4.534609457833409518e-01,3.828458316751256474e-01,5.000000000000000000e-01
4.531489693865121682e-01,3.831401847730289134e-01,5.000000000000000000e-01
4.528391795495057548e-01,3.834317236862864187e-01,5.000000000000000000e-01
4.525312337658722317e-01,3.837206468283983485e-01,5.000000000000000000e-01
4.522250646703512844e-01,3.840070161765005707e-01,5.000000000000000000e-01
4.519211583564033408e-01,3.842905917769417479e-01,5.000000000000000000e-01
4.516201113840576653e-01,3.845710542934370757e-01,5.000000000000000000e-01
4.513218464814913733e-01,3.848484280911058653e-01,5.000000000000000000e-01
4.510258426803309684e-01,3.851229846273941382e-01,5.000000000000000000e-01
4.507316606092748312e-01,3.853949747857902119e-01,5.000000000000000000e-01
4.504391834641083836e-01,3.856644954122569469e-01,5.000000000000000000e-01
4.501483382094246255e-01,3.859316238189792747e-01,5.000000000000000000e-01
4.498570958329449754e-01,3.861974845521163324e-01,5.000000000000000000e-01
4.495651880286913871e-01,3.864623423383257705e-01,5.000000000000000000e-01
4.492752274867534146e-01,3.867249480216843338e-01,5.000000000000000000e-01
4.489874213880082343e-01,3.869852006971558067e-01,5.000000000000000000e-01
4.487014568227530864e-01,3.872432616809202699e-01,5.000000000000000000e-01
4.484175071023389636e-01,3.874990523033168266e-01,5.000000000000000000e-01
4.481355787751040154e-01,3.877525733572290134e-01,5.000000000000000000e-01
4.478560801743012854e-01,3.880036164606123217e-01,5.000000000000000000e-01
4.475795216625477191e-01,3.882519054411480708e-01,5.000000000000000000e-01
4.473057445228325046e-01,3.884974867776142538e-01,5.000000000000000000e-01
4.470342509651764051e-01,3.887405907224860124e-01,5.000000000000000000e-01
4.467652500712514518e-01,3.889811096324362616e-01,5.000000000000000000e-01
4.464987858597002646e-01,3.892190147471084050e-01,5.000000000000000000e-01
4.462344162241265177e-01,3.894545197414969184e-01,5.000000000000000000e-01
4.459720765794235042e-01,3.896876710134963284e-01,5.000000000000000000e-01
4.457112752878146233e-01,3.899187305474004495e-01,5.000000000000000000e-01
4.454523686805127447e-01,3.901475580287989131e-01,5.000000000000000000e-01
4.451960247465981957e-01,3.903738419209632493e-01,5.000000000000000000e-01
4.449425168092602245e-01,3.905974372234383707e-01,5.000000000000000000e-01
4.446916765452824105e-01,3.908184065903719251e-01,5.000000000000000000e-01
4.444434525204123965e-01,3.910367644526777653e-01,5.000000000000000000e-01
4.441980479328987985e-01,3.912524050315657753e-01,5.000000000000000000e-01
4.439559147030918140e-01,3.914650936789628721e-01,5.000000000000000000e-01
4.437169031483594317e-01,3.916748723008252053e-01,5.000000000000000000e-01
4.434803350088254437e-01,3.918820473785717406e-01,5.000000000000000000e-01
4.432463554307569109e-01,3.920865606170675921e-01,5.000000000000000000e-01
4.430148551663428136e-01,3.922884714923657867e-01,5.000000000000000000e-01
4.427855605341451950e-01,3.924879229064709429e-01,5.000000000000000000e-01
4.425581903379460780e-01,3.926850749937109697e-01,5.000000000000000000e-01
4.423327173478796004e-01,3.928799773378235938e-01,5.000000000000000000e-01
4.421096822929987957e-01,3.930724110856658182e-01,5.000000000000000000e-01
4.418890791624829339e-01,3.932623905014757670e-01,5.000000000000000000e-01
4.416705098082928105e-01,3.934501150301528138e-01,5.000000000000000000e-01
4.414538122301735479e-01,3.936356901508819561e-01,5.000000000000000000e-01
4.412391494878461495e-01,3.938190757069996994e-01,5.000000000000000000e-01
4.410265396292536444e-01,3.940002900857778045e-01,5.000000000000000000e-01
4.408163045627143117e-01,3.941792079523573911e-01,5.000000000000000000e-01
4.406087796162037051e-01,3.943556830335528396e-01,5.000000000000000000e-01
4.404037503364546247e-01,3.945298080135728469e-01,5.000000000000000000e-01
4.402007752309909927e-01,3.947017904528274945e-01,5.000000000000000000e-01
4.399997664862070335e-01,3.948716950225442668e-01,5.000000000000000000e-01
4.398007382033664037e-01,3.950395432269235840e-01,5.000000000000000000e-01
4.396040170700459826e-01,3.952052108116974605e-01,5.000000000000000000e-01
4.394097883434048279e-01,3.953686235268730753e-01,5.000000000000000000e-01
4.392175532470559141e-01,3.955300077074154208e-01,5.000000000000000000e-01
4.390274246117900070e-01,3.956893355296609016e-01,5.000000000000000000e-01
4.388395616465710081e-01,3.958465528136106970e-01,5.000000000000000000e-01
4.386539733205898628e-01,3.960016641780682023e-01,5.000000000000000000e-01
4.384711892387287424e-01,3.961544400977277114e-01,5.000000000000000000e-01
4.382906627978214731e-01,3.963051098141348039e-01,5.000000000000000000e-01
4.381117660310148709e-01,3.964539619686113792e-01,5.000000000000000000e-01
4.379352249110553541e-01,3.966007130243373036e-01,5.000000000000000000e-01
4.377611046344879187e-01,3.967453376688923061e-01,5.000000000000000000e-01
4.375893003011233073e-01,3.968878818237241424e-01,5.000000000000000000e-01
4.374199874400376276e-01,3.970282734123412038e-01,5.000000000000000000e-01
4.372532239995429726e-01,3.971664838191458213e-01,5.000000000000000000e-01
4.370892040544865909e-01,3.973024225615855443e-01,5.000000000000000000e-01
4.369281478632265348e-01,3.974359797215146761e-01,5.000000000000000000e-01
4.367697641174119738e-01,3.975672603681309480e-01,5.000000000000000000e-01
4.366139733719736071e-01,3.976962914639539104e-01,5.000000000000000000e-01
4.364609728529645349e-01,3.978229858229929139e-01,5.000000000000000000e-01
4.363107440114835089e-01,3.979473406168688721e-01,5.000000000000000000e-01
4.361630943963258344e-01,3.980694313124457651e-01,5.000000000000000000e-01
4.360177728078941106e-01,3.981893678036576567e-01,5.000000000000000000e-01
4.358747799037078763e-01,3.983071646215596284e-01,5.000000000000000000e-01
4.357340867414108976e-01,3.984228481303468405e-01,5.000000000000000000e-01
4.355959579905189227e-01,3.985363201631935692e-01,5.000000000000000000e-01
4.354605147501091067e-01,3.986475313967906553e-01,5.000000000000000000e-01
4.353276390044488187e-01,3.987565291709074811e-01,5.000000000000000000e-01
4.351970990310443099e-01,3.988634154602721527e-01,5.000000000000000000e-01
4.350688300702597600e-01,3.989682321496699213e-01,5.000000000000000000e-01
4.349429777097554295e-01,3.990709347491814274e-01,5.000000000000000000e-01
4.348195227055975387e-01,3.991715411689494286e-01,5.000000000000000000e-01
4.346985358562279744e-01,3.992700315107646780e-01,5.000000000000000000e-01
4.345801979326668896e-01,3.993663363103210351e-01,5.000000000000000000e-01
4.344645165581840773e-01,3.994604502210086228e-01,5.000000000000000000e-01
4.343514473219694527e-01,3.995523899136556034e-01,5.000000000000000000e-01
4.342408392648460236e-01,3.996422193396575451e-01,5.000000000000000000e-01
4.341328408856292564e-01,3.997298840758005123e-01,5.000000000000000000e-01
4.340275703386523021e-01,3.998153360466472073e-01,5.000000000000000000e-01
4.339248804560108530e-01,3.998986318973801746e-01,5.000000000000000000e-01
4.338247689266764295e-01,3.999797758252466862e-01,5.000000000000000000e-01
4.337271500368389265e-01,4.000588069354182874e-01,5.000000000000000000e-01
4.336321019811534283e-01,4.001357002376791927e-01,5.000000000000000000e-01
4.335396238853467255e-01,4.002104601344273482e-01,5.000000000000000000e-01
4.334496414538894227e-01,4.002831209802784063e-01,5.000000000000000000e-01
4.333622159456302914e-01,4.003536650243095796e-01,5.000000000000000000e-01
4.332771768638793430e-01,4.004221670841400238e-01,5.000000000000000000e-01
4.331945842080270337e-01,4.004886145323237612e-01,5.000000000000000000e-01
4.331145927230309889e-01,4.005529529510973852e-01,5.000000000000000000e-01
4.330371062541057969e-01,4.006152229086517580e-01,5.000000000000000000e-01
4.329620320711879966e-01,4.006754684063964511e-01,5.000000000000000000e-01
4.328894408338017641e-01,4.007336703100549680e-01,5.000000000000000000e-01
4.328195096835592004e-01,4.007897623095166284e-01,5.000000000000000000e-01
4.327522227867207638e-01,4.008437481374317324e-01,5.000000000000000000e-01
4.326875487175879109e-01,4.008956388682299310e-01,5.000000000000000000e-01
4.326253683320171461e-01,4.009454833132636287e-01,5.000000000000000000e-01
4.325655607515839773e-01,4.009933366287481982e-01,5.000000000000000000e-01
4.325081574301153919e-01,4.010391975408374998e-01,5.000000000000000000e-01
4.324532133156276936e-01,4.010830530251053294e-01,5.000000000000000000e-01
4.324007031196450135e-01,4.011249195672160206e-01,5.000000000000000000e-01
4.323505685331374693e-01,4.011648277827115638e-01,5.000000000000000000e-01
4.323028353517386901e-01,4.012027765119958178e-01,5.000000000000000000e-01
4.322575659193399478e-01,4.012387478657961637e-01,5.000000000000000000e-01
4.322147785436323275e-01,4.012727383005549875e-01,5.000000000000000000e-01
4.321744532847698883e-01,4.013047584784696364e-01,5.000000000000000000e-01
4.321365944713643215e-01,4.013348099620317466e-01,5.000000000000000000e-01
4.321011966081798050e-01,4.013628977907937045e-01,5.000000000000000000e-01
4.320682523442566647e-01,4.013890277190584888e-01,5.000000000000000000e-01
4.320377715005664365e-01,4.014131986352343362e-01,5.000000000000000000e-01
4.320097445854093055e-01,4.014354164918722545e-01,5.000000000000000000e-01
4.319841596272491202e-01,4.014556884098935963e-01,5.000000000000000000e-01
4.319610401856762150e-01,4.014740074832325312e-01,5.000000000000000000e-01
4.319403858942749697e-01,4.014903750607894395e-01,5.000000000000000000e-01
4.319222105232633502e-01,4.015047864967169478e-01,5.000000000000000000e-01
4.319065514254926685e-01,4.015172268287163782e-01,5.000000000000000000e-01
4.318934351551206863e-01,4.015276833955385705e-01,5.000000000000000000e-01
4.318828969440953180e-01,4.015361387417224481e-01,5.000000000000000000e-01
4.318749057549119419e-01,4.015426005232224371e-01,5.000000000000000000e-01
4.318694238281667319e-01,4.015470807612210313e-01,5.000000000000000000e-01
4.318664380733020502e-01,4.015495835837405991e-01,5.000000000000000000e-01
4.318659966797739891e-01,4.015500889016201946e-01,5.000000000000000000e-01
4.318681740195045027e-01,4.015485637421893350e-01,5.000000000000000000e-01
4.318728387921244583e-01,4.015450545956549822e-01,5.000000000000000000e-01
4.318798187570498381e-01,4.015396311600691326e-01,5.000000000000000000e-01
4.318891118956759145e-01,4.015323030063879806e-01,5.000000000000000000e-01
4.319007300378001624e-01,4.015230736707807724e-01,5.000000000000000000e-01
4.319147507364172189e-01,4.015119186831920262e-01,5.000000000000000000e-01
4.319311285792795108e-01,4.014988591161092746e-01,5.000000000000000000e-01
4.319496926947005155e-01,4.014839682578765778e-01,5.000000000000000000e-01
4.319705484581329857e-01,4.014672158581213957e-01,5.000000000000000000e-01
4.319938462612062935e-01,4.014485472796980314e-01,5.000000000000000000e-01
4.320197604022042448e-01,4.014278896786210860e-01,5.000000000000000000e-01
4.320483047772052387e-01,4.014052265290475319e-01,5.000000000000000000e-01
4.320794464695757453e-01,4.013805593917942893e-01,5.000000000000000000e-01
4.321130459316058214e-01,4.013539358676445623e-01,5.000000000000000000e-01
4.321490588520139897e-01,4.013253714712968212e-01,5.000000000000000000e-01
4.321876017450662077e-01,4.012948195712691679e-01,5.000000000000000000e-01
4.322286669190755770e-01,4.012622770601631528e-01,5.000000000000000000e-01
4.322723057372176436e-01,4.012277179496244184e-01,5.000000000000000000e-01
4.323182737763909822e-01,4.011912337836474607e-01,5.000000000000000000e-01
4.323667639664182660e-01,4.011527504202783145e-01,5.000000000000000000e-01
4.324181071209670657e-01,4.011121279460236333e-01,5.000000000000000000e-01
4.324721854232054241e-01,4.010693921573237342e-01,5.000000000000000000e-01
4.325289427586650470e-01,4.010245506884730915e-01,5.000000000000000000e-01
4.325883328818314055e-01,4.009776111296332601e-01,5.000000000000000000e-01
4.326503288320251439e-01,4.009285758374049324e-01,5.000000000000000000e-01
4.327147089349607789e-01,4.008775292824118264e-01,5.000000000000000000e-01
4.327811223099297111e-01,4.008246200081683197e-01,5.000000000000000000e-01
4.328498361460727528e-01,4.007697606646224431e-01,5.000000000000000000e-01
4.329211253617840649e-01,4.007128458982327501e-01,5.000000000000000000e-01
4.329950389702018065e-01,4.006538477117169705e-01,5.000000000000000000e-01
4.330714973280431757e-01,4.005927890976612171e-01,5.000000000000000000e-01
4.331503407170150255e-01,4.005297300358178214e-01,5.000000000000000000e-01
4.335362807563045706e-01,4.003374521754652360e-01,5.000000000000000000e-01
4.342892680826669904e-01,3.999717070088224524e-01,5.000000000000000000e-01
4.350927924995737772e-01,3.995443881919568119e-01,5.000000000000000000e-01
4.359152276011604710e-01,3.990687683225682680e-01,5.000000000000000000e-01
4.367520732512792936e-01,3.985486584588231462e-01,5.000000000000000000e-01
4.376032363782940138e-01,3.979861677465676983e-01,5.000000000000000000e-01
4.384690075224133565e-01,3.973831467306118137e-01,5.000000000000000000e-01
4.393485297130894640e-01,3.967418694217846320e-01,5.000000000000000000e-01
4.402417321120009053e-01,3.960641928351431584e-01,5.000000000000000000e-01
4.411472356006812534e-01,3.953525129145314398e-01,5.000000000000000000e-01
4.420641407759628994e-01,3.946089764789798560e-01,5.000000000000000000e-01
4.429926269156476693e-01,3.938351300852549475e-01,5.000000000000000000e-01
4.439314640784855492e-01,3.930331040129384501e-01,5.000000000000000000e-01
4.448794078224935222e-01,3.922050074920629958e-01,5.000000000000000000e-01
4.458356587317027220e-01,3.913526825320461922e-01,5.000000000000000000e-01
4.467993377644794983e-01,3.904779462048964533e-01,5.000000000000000000e-01
4.477683028762589057e-01,3.895832461665312829e-01,5.000000000000000000e-01
4.487408787822997347e-01,3.886708100784976860e-01,5.000000000000000000e-01
4.497161052083141763e-01,3.877424655284086308e-01,5.000000000000000000e-01
4.506916474573002818e-01,3.868007639422094690e-01,5.000000000000000000e-01
4.516660403632459797e-01,3.858478072166642292e-01,5.000000000000000000e-01
4.526391029684558864e-01,3.848849304191454546e-01,5.000000000000000000e-01
4.536111071100198400e-01,3.839130816717434280e-01,5.000000000000000000e-01
4.545813960836070367e-01,3.829336190553480623e-01,5.000000000000000000e-01
4.555467194785832730e-01,3.819494049387729406e-01,5.000000000000000000e-01
4.565052557424952306e-01,3.809625689512357583e-01,5.000000000000000000e-01
4.574567520597744852e-01,3.799742987980263553e-01,5.000000000000000000e-01
4.583998777879914055e-01,3.789863598257765531e-01,5.000000000000000000e-01
4.593338492821278374e-01,3.780001654012090651e-01,5.000000000000000000e-01
4.602584296041385414e-01,3.770167343061915921e-01,5.000000000000000000e-01
4.611722504653179011e-01,3.760377350323994561e-01,5.000000000000000000e-01
4.620738507645768545e-01,3.750649066850924029e-01,5.000000000000000000e-01
4.629627113034326946e-01,3.740993884093348210e-01,5.000000000000000000e-01
4.638378582622771362e-01,3.731425718446621520e-01,5.000000000000000000e-01
4.646992210387035360e-01,3.721952281132524520e-01,5.000000000000000000e-01
4.655469301071696320e-01,3.712579164721884206e-01,5.000000000000000000e-01
4.663793079268450104e-01,3.703323520211045938e-01,5.000000000000000000e-01
4.671952903236252785e-01,3.694198830271380740e-01,5.000000000000000000e-01
4.679951845120263743e-01,3.685209119038714842e-01,5.000000000000000000e-01
4.687777057389255764e-01,3.676368757258652864e-01,5.000000000000000000e-01
4.695418131764101388e-01,3.667690720019040063e-01,5.000000000000000000e-01
4.702886662045731025e-01,3.659172380791182455e-01,5.000000000000000000e-01
4.710184055547740334e-01,3.650817045869944044e-01,5.000000000000000000e-01
4.717295775708105765e-01,3.642639070862547235e-01,5.000000000000000000e-01
4.724218492734141295e-01,3.634645204293466270e-01,5.000000000000000000e-01
4.730962366190925028e-01,3.626832005489175059e-01,5.000000000000000000e-01
4.737530551527439071e-01,3.619200108796674087e-01,5.000000000000000000e-01
4.743919958218459909e-01,3.611754294369875495e-01,5.000000000000000000e-01
4.750132367273280920e-01,3.604495595538913522e-01,5.000000000000000000e-01
4.756164224996707324e-01,3.597428765701592424e-01,5.000000000000000000e-01
4.762017729450004344e-01,3.590554149917328242e-01,5.000000000000000000e-01
4.767696492764786909e-01,3.583870681660132340e-01,5.000000000000000000e-01
4.773201204349671878e-01,3.577379119841628818e-01,5.000000000000000000e-01
4.778542550221386298e-01,3.571072229861730896e-01,5.000000000000000000e-01
4.783723628238367165e-01,3.564947910045397350e-01,5.000000000000000000e-01
4.788753559613594390e-01,3.558999020289944082e-01,5.000000000000000000e-01
4.793638424762226569e-01,3.553220227712451385e-01,5.000000000000000000e-01
4.798376671615963707e-01,3.547611979972421503e-01,5.000000000000000000e-01
4.802975467517832664e-01,3.542167860599976237e-01,5.000000000000000000e-01
4.807439695749723407e-01,3.536882937706616881e-01,5.000000000000000000e-01
4.811757447072766425e-01,3.531765852823803287e-01,5.000000000000000000e-01
4.815933627093169633e-01,3.526812346269673770e-01,5.000000000000000000e-01
4.819982890000747977e-01,3.522009865304106535e-01,5.000000000000000000e-01
4.823908560924250466e-01,3.517354402576401418e-01,5.000000000000000000e-01
4.827717830708141422e-01,3.512838673458854588e-01,5.000000000000000000e-01
4.831412425413720291e-01,3.508459723091953419e-01,5.000000000000000000e-01
4.834998097455445176e-01,3.504211278302660215e-01,5.000000000000000000e-01
4.838482239009112007e-01,3.500085528228730203e-01,5.000000000000000000e-01
4.841865445656418077e-01,3.496080214046413670e-01,5.000000000000000000e-01
4.845151734974770807e-01,3.492190368378435550e-01,5.000000000000000000e-01
4.848346939433637592e-01,3.488409434058465930e-01,5.000000000000000000e-01
4.851457233003789726e-01,3.484730431112141869e-01,5.000000000000000000e-01
4.854485052408653578e-01,3.481149500350988468e-01,5.000000000000000000e-01
4.857426160225740697e-01,3.477668776945773144e-01,5.000000000000000000e-01
4.860285646273510007e-01,3.474282706466492732e-01,5.000000000000000000e-01
4.863074488676554230e-01,3.470980441064288602e-01,5.000000000000000000e-01
4.865794645087135883e-01,3.467758655191521822e-01,5.000000000000000000e-01
4.868453869644725485e-01,3.464608989945058282e-01,5.000000000000000000e-01
4.871057620181981074e-01,3.461524907020322450e-01,5.000000000000000000e-01
4.873607517648566589e-01,3.458503249421980286e-01,5.000000000000000000e-01
4.876106835087652414e-01,3.455539546439007070e-01,5.000000000000000000e-01
4.878561917405326298e-01,3.452626591386188659e-01,5.000000000000000000e-01
4.880983412886300554e-01,3.449753092954239153e-01,5.000000000000000000e-01
4.883380882066191697e-01,3.446908339787141395e-01,5.000000000000000000e-01
4.885759466294486986e-01,3.444085366971837980e-01,5.000000000000000000e-01
4.888123128025956277e-01,3.441278296120848790e-01,5.000000000000000000e-01
4.890475239839075505e-01,3.438481868150787268e-01,5.000000000000000000e-01
4.892817898672009447e-01,3.435692122194941578e-01,5.000000000000000000e-01
4.895154216543077808e-01,3.432904318651169850e-01,5.000000000000000000e-01
4.897492508574656789e-01,3.430108912353383444e-01,5.000000000000000000e-01
4.899837241198775617e-01,3.427299741836024038e-01,5.000000000000000000e-01
4.902187738710986897e-01,3.424475528694886917e-01,5.000000000000000000e-01
4.904536964086704809e-01,3.421641420715780813e-01,5.000000000000000000e-01
4.906887273739429234e-01,3.418794275094304003e-01,5.000000000000000000e-01
4.909251270856299088e-01,3.415921165633997170e-01,5.000000000000000000e-01
4.911631362032291004e-01,3.413018359407485325e-01,5.000000000000000000e-01
4.914032274628837849e-01,3.410079941128800196e-01,5.000000000000000000e-01
4.916453717006546986e-01,3.407104808100938076e-01,5.000000000000000000e-01
4.918895919522021654e-01,3.404091572876479788e-01,5.000000000000000000e-01
4.921354964999724024e-01,3.401043138808267918e-01,5.000000000000000000e-01
4.923832376160550695e-01,3.397957437737848529e-01,5.000000000000000000e-01
4.926339904385107493e-01,3.394822319934984733e-01,5.000000000000000000e-01
4.928876806101935015e-01,3.391637407545700644e-01,5.000000000000000000e-01
4.931442173891605885e-01,3.388402707929662472e-01,5.000000000000000000e-01
4.934033830052912406e-01,3.385119714641636190e-01,5.000000000000000000e-01
4.936644030073658040e-01,3.381795823909731769e-01,5.000000000000000000e-01
4.939278793120383537e-01,3.378425052821648622e-01,5.000000000000000000e-01
4.941945849102520882e-01,3.374999346466373562e-01,5.000000000000000000e-01
4.944639223590253652e-01,3.371524188693288404e-01,5.000000000000000000e-01
4.947360364090804263e-01,3.367997931677055856e-01,5.000000000000000000e-01
4.950108244907358568e-01,3.364421431605660873e-01,5.000000000000000000e-01
4.952882911018371970e-01,3.360794539600726050e-01,5.000000000000000000e-01
4.955689568896930464e-01,3.357111746033712985e-01,5.000000000000000000e-01
4.958530760891766143e-01,3.353370003973018543e-01,5.000000000000000000e-01
4.961398066337032731e-01,3.349577680203079666e-01,5.000000000000000000e-01
4.964286747835774949e-01,3.345739854272812286e-01,5.000000000000000000e-01
4.967202801225250042e-01,3.341850524683895873e-01,5.000000000000000000e-01
4.970147178842246882e-01,3.337908631093434719e-01,5.000000000000000000e-01
4.973113959774254633e-01,3.333920412823119794e-01,5.000000000000000000e-01
4.976101907599295160e-01,3.329887453988854551e-01,5.000000000000000000e-01
4.979110932900087105e-01,3.325810153937072133e-01,5.000000000000000000e-01
4.982141926954989919e-01,3.321687787303426731e-01,5.000000000000000000e-01
4.985192035994231441e-01,3.317523636622703997e-01,5.000000000000000000e-01
4.988258952793578338e-01,3.313320512040988097e-01,5.000000000000000000e-01
4.991343421746485265e-01,3.309077983446268023e-01,5.000000000000000000e-01
4.994441711654942218e-01,3.304800447614066883e-01,5.000000000000000000e-01
4.997557344796528245e-01,3.300484420376341155e-01,5.000000000000000000e-01
5.000690443117766781e-01,3.296129906892463213e-01,5.000000000000000000e-01
5.003840376002048895e-01,3.291737693879816518e-01,5.000000000000000000e-01
5.007006339149555618e-01,3.287308766054783948e-01,5.000000000000000000e-01
5.010187155848185858e-01,3.282844535789144480e-01,5.000000000000000000e-01
5.013385180642474515e-01,3.278342413962115343e-01,5.000000000000000000e-01
5.016600075848387519e-01,3.273802693130667407e-01,5.000000000000000000e-01
5.019824158924602875e-01,3.269234134822049942e-01,5.000000000000000000e-01
5.023052867816292233e-01,3.264642379903810454e-01,5.000000000000000000e-01
5.026285641831950146e-01,3.260028660366092179e-01,5.000000000000000000e-01
5.029520071714355112e-01,3.255396311889369176e-01,5.000000000000000000e-01
5.032756983594290912e-01,3.250744936081867431e-01,5.000000000000000000e-01
5.035995244232491785e-01,3.246076303638431582e-01,5.000000000000000000e-01
5.039231319354349203e-01,3.241395029683971085e-01,5.000000000000000000e-01
5.042464427475121802e-01,3.236702607492171202e-01,5.000000000000000000e-01
5.045695266625138675e-01,3.231998712260346629e-01,5.000000000000000000e-01
5.048925501580616704e-01,3.227281713534099206e-01,5.000000000000000000e-01
5.052148055200454957e-01,3.222560401693245757e-01,5.000000000000000000e-01
5.055353694880997395e-01,3.217846616288824180e-01,5.000000000000000000e-01
5.058545449960516471e-01,3.213137733030966836e-01,5.000000000000000000e-01
5.061724131151004169e-01,3.208433514587084590e-01,5.000000000000000000e-01
5.064886757681148488e-01,3.203738232984724155e-01,5.000000000000000000e-01
5.068036704275353799e-01,3.199048380762751220e-01,5.000000000000000000e-01
5.071179382434889416e-01,3.194357576895423545e-01,5.000000000000000000e-01
5.074312839308364742e-01,3.189668244033151967e-01,5.000000000000000000e-01
5.077436251476515894e-01,3.184981478942620070e-01,5.000000000000000000e-01
5.080545880569770079e-01,3.180302124594976410e-01,5.000000000000000000e-01
5.083638622645486604e-01,3.175634418614620147e-01,5.000000000000000000e-01
5.086722362032842781e-01,3.170968736029748936e-01,5.000000000000000000e-01
5.089794190359988590e-01,3.166308712198502850e-01,5.000000000000000000e-01
5.092852361851378795e-01,3.161656666262564475e-01,5.000000000000000000e-01
5.095896883208462791e-01,3.157012765488992900e-01,5.000000000000000000e-01
5.098928425880044912e-01,3.152376267473120941e-01,5.000000000000000000e-01
5.101944495438244243e-01,3.147750532092088438e-01,5.000000000000000000e-01
5.104937047587996268e-01,3.143146359743543838e-01,5.000000000000000000e-01
5.107911166235195033e-01,3.138557725397767006e-01,5.000000000000000000e-01
5.110869792295392733e-01,3.133981036085858873e-01,5.000000000000000000e-01
5.113809294335486255e-01,3.129421222610329623e-01,5.000000000000000000e-01
5.116730835648222175e-01,3.124877027490032266e-01,5.000000000000000000e-01
5.119639007555358834e-01,3.120342469927332996e-01,5.000000000000000000e-01
5.122535379618261553e-01,3.115815330315289122e-01,5.000000000000000000e-01
5.125417700380430208e-01,3.111298492524068315e-01,5.000000000000000000e-01
5.128285244372274843e-01,3.106792937550632017e-01,5.000000000000000000e-01
5.131139001181246329e-01,3.102297357722997306e-01,5.000000000000000000e-01
5.133980198302106057e-01,3.097810054793550538e-01,5.000000000000000000e-01
5.136808290683577694e-01,3.093331719757358433e-01,5.000000000000000000e-01
5.139622761561830622e-01,3.088863057081397967e-01,5.000000000000000000e-01
5.142422756677396123e-01,3.084405301993728976e-01,5.000000000000000000e-01
5.145207805534574019e-01,3.079959210840782502e-01,5.000000000000000000e-01
5.147976373360678704e-01,3.075527088266528652e-01,5.000000000000000000e-01
5.150726327845576158e-01,3.071112176002455119e-01,5.000000000000000000e-01
5.153459444199004480e-01,3.066712292942966878e-01,5.000000000000000000e-01
5.156177175060515649e-01,3.062325569610511167e-01,5.000000000000000000e-01
5.158879338636552792e-01,3.057952384936161727e-01,5.000000000000000000e-01
5.161563670611943877e-01,3.053596131785256684e-01,5.000000000000000000e-01
5.164232595466817788e-01,3.049253559497762112e-01,5.000000000000000000e-01
5.166884379982332742e-01,3.044927305278193330e-01,5.000000000000000000e-01
5.169515767535094453e-01,3.040622338471162811e-01,5.000000000000000000e-01
5.172130934206581321e-01,3.036332924578021286e-01,5.000000000000000000e-01
5.174732433570681245e-01,3.032055421611754009e-01,5.000000000000000000e-01
5.177315915043989580e-01,3.027796254401444731e-01,5.000000000000000000e-01
5.179881314063712328e-01,3.023555764547789515e-01,5.000000000000000000e-01
5.182435566449807851e-01,3.019323839997850589e-01,5.000000000000000000e-01
5.184979340674917836e-01,3.015099316461726797e-01,5.000000000000000000e-01
5.187511165908387234e-01,3.010884250505077020e-01,5.000000000000000000e-01
5.190031471263472085e-01,3.006677966358517473e-01,5.000000000000000000e-01
5.192540306354689328e-01,3.002480365820658914e-01,5.000000000000000000e-01
5.195036972388853425e-01,2.998292517379560485e-01,5.000000000000000000e-01
5.197525233345228202e-01,2.994108710000623619e-01,5.000000000000000000e-01
5.200007438709159935e-01,2.989925199670587230e-01,5.000000000000000000e-01
5.202483020218380272e-01,2.985742634900603321e-01,5.000000000000000000e-01
5.204953460609602622e-01,2.981558580246441714e-01,5.000000000000000000e-01
5.207416781885076951e-01,2.977375943904446709e-01,5.000000000000000000e-01
5.209868135298769687e-01,2.973202304628329573e-01,5.000000000000000000e-01
5.212308469469102423e-01,2.969036436081476937e-01,5.000000000000000000e-01
5.214739613646444116e-01,2.964875657694076017e-01,5.000000000000000000e-01
5.217156627445085348e-01,2.960727886518365048e-01,5.000000000000000000e-01
5.219560113508139310e-01,2.956592519524208207e-01,5.000000000000000000e-01
5.221954003770232777e-01,2.952463558088878059e-01,5.000000000000000000e-01
5.224337524715256809e-01,2.948342297179987748e-01,5.000000000000000000e-01
5.226709667385489588e-01,2.944230458424650365e-01,5.000000000000000000e-01
5.229070513163258660e-01,2.940128072481242860e-01,5.000000000000000000e-01
5.231419352267225875e-01,2.936036434720369903e-01,5.000000000000000000e-01
5.233754963626566781e-01,2.931957720696291014e-01,5.000000000000000000e-01
5.236075843820768849e-01,2.927894618448059205e-01,5.000000000000000000e-01
5.238382921636275391e-01,2.923845893059294765e-01,5.000000000000000000e-01
5.240675081595018714e-01,2.919813595732636546e-01,5.000000000000000000e-01
5.242952582174920106e-01,2.915797550220597389e-01,5.000000000000000000e-01
5.245215532139742010e-01,2.911797792782643279e-01,5.000000000000000000e-01
5.247464095184243282e-01,2.907814245091632221e-01,5.000000000000000000e-01
5.249697893334455134e-01,2.903847717790087879e-01,5.000000000000000000e-01
5.251917687497651421e-01,2.899897116020501153e-01,5.000000000000000000e-01
5.254123623957741573e-01,2.895962337662856823e-01,5.000000000000000000e-01
5.256314089101471465e-01,2.892046249034000427e-01,5.000000000000000000e-01
5.258488726370739164e-01,2.888149670131210933e-01,5.000000000000000000e-01
5.260648527283230402e-01,2.884271123034505280e-01,5.000000000000000000e-01
5.262794101727592544e-01,2.880409721754285668e-01,5.000000000000000000e-01
5.264924223833454819e-01,2.876567698408880602e-01,5.000000000000000000e-01
5.267040014310298002e-01,2.872743305876482856e-01,5.000000000000000000e-01
5.269141574826552432e-01,2.868936499538360385e-01,5.000000000000000000e-01
5.271225892692928960e-01,2.865152641600191563e-01,5.000000000000000000e-01
5.273292447432470498e-01,2.861392903889758976e-01,5.000000000000000000e-01
5.275342465158574523e-01,2.857655409030894211e-01,5.000000000000000000e-01
5.277375831250952221e-01,2.853940545693027797e-01,5.000000000000000000e-01
5.279393908192886453e-01,2.850246100427771823e-01,5.000000000000000000e-01
5.281397331419437347e-01,2.846571076045786297e-01,5.000000000000000000e-01
5.283384890725627558e-01,2.842917722287526816e-01,5.000000000000000000e-01
5.285356330998824959e-01,2.839286660808061358e-01,5.000000000000000000e-01
5.287313343806741006e-01,2.835675049642217838e-01,5.000000000000000000e-01
5.289256908556978498e-01,2.832081242466317761e-01,5.000000000000000000e-01
5.291184964759786391e-01,2.828509017262004210e-01,5.000000000000000000e-01
5.293097206379870912e-01,2.824959101362222169e-01,5.000000000000000000e-01
5.294993831604550838e-01,2.821431322793822583e-01,5.000000000000000000e-01
5.296874967367171116e-01,2.817925617274243955e-01,5.000000000000000000e-01
5.298741917767719745e-01,2.814439775367336694e-01,5.000000000000000000e-01
5.300594332474486414e-01,2.810974545397525448e-01,5.000000000000000000e-01
5.302432994223214013e-01,2.807528628508378921e-01,5.000000000000000000e-01
5.304259176753614025e-01,2.804099799698056561e-01,5.000000000000000000e-01
5.306073631726635487e-01,2.800686750677460757e-01,5.000000000000000000e-01
5.307876795008388271e-01,2.797288746636668044e-01,5.000000000000000000e-01
5.309668865499470591e-01,2.793905492071741548e-01,5.000000000000000000e-01
5.311450085712743352e-01,2.790536621648865845e-01,5.000000000000000000e-01
5.313220756734367001e-01,2.787181662205174271e-01,5.000000000000000000e-01
5.314981373838368883e-01,2.783839778536676968e-01,5.000000000000000000e-01
5.316731255965667646e-01,2.780512327418793728e-01,5.000000000000000000e-01
5.318469823996212487e-01,2.777200508155991399e-01,5.000000000000000000e-01
5.320197320925991180e-01,2.773903991568916205e-01,5.000000000000000000e-01
5.321914213013634321e-01,2.770622011912581284e-01,5.000000000000000000e-01
5.323620759699658755e-01,2.767354176931826615e-01,5.000000000000000000e-01
5.325317408747971548e-01,2.764099731314046959e-01,5.000000000000000000e-01
5.327003718187655057e-01,2.760859604188092842e-01,5.000000000000000000e-01
5.328679467708872242e-01,2.757634318744811575e-01,5.000000000000000000e-01
5.330345297205871802e-01,2.754422760003236714e-01,5.000000000000000000e-01
5.332000494459605555e-01,2.751226384203091513e-01,5.000000000000000000e-01
5.333644353455087028e-01,2.748046658482975468e-01,5.000000000000000000e-01
5.335276876060768281e-01,2.744883700153674111e-01,5.000000000000000000e-01
5.336898081090666324e-01,2.741737584526319216e-01,5.000000000000000000e-01
5.338507819053750492e-01,2.738608709179648493e-01,5.000000000000000000e-01
5.340106194903183612e-01,2.735496978332558893e-01,5.000000000000000000e-01
5.341693762643797694e-01,2.732401417991618398e-01,5.000000000000000000e-01
5.343271023122529995e-01,2.729321145788203840e-01,5.000000000000000000e-01
5.344838250149896997e-01,2.726255717751370211e-01,5.000000000000000000e-01
5.346395080301826752e-01,2.723205939010797660e-01,5.000000000000000000e-01
5.347941315047890498e-01,2.720172293603395630e-01,5.000000000000000000e-01
5.349477420729544797e-01,2.717153956082881683e-01,5.000000000000000000e-01
5.351003883681366702e-01,2.714150057911517422e-01,5.000000000000000000e-01
5.352520744831807953e-01,2.711160609890082007e-01,5.000000000000000000e-01
5.354027701534362915e-01,2.708186297682335097e-01,5.000000000000000000e-01
5.355524615431619395e-01,2.705227476822457677e-01,5.000000000000000000e-01
5.357011645549192291e-01,2.702283916321390755e-01,5.000000000000000000e-01
5.358489056669619721e-01,2.699355176502232778e-01,5.000000000000000000e-01
5.359957027879291847e-01,2.696440987452612958e-01,5.000000000000000000e-01
5.361415572452408185e-01,2.693541403014051427e-01,5.000000000000000000e-01
5.362864701788183641e-01,2.690656478745120372e-01,5.000000000000000000e-01
5.364304477307790808e-01,2.687786178138312776e-01,5.000000000000000000e-01
5.365734511610389390e-01,2.684931348793416772e-01,5.000000000000000000e-01
5.367154587457070303e-01,2.682092504204860450e-01,5.000000000000000000e-01
5.368564629883278982e-01,2.679269881747560200e-01,5.000000000000000000e-01
5.369963952370380156e-01,2.676464934159308307e-01,5.000000000000000000e-01
5.371352055736384745e-01,2.673678744808600793e-01,5.000000000000000000e-01
5.372728633211172333e-01,2.670912015045280308e-01,5.000000000000000000e-01
5.374093863978810504e-01,2.668164477874960250e-01,5.000000000000000000e-01
5.375447537982207535e-01,2.665436644387815246e-01,5.000000000000000000e-01
5.376788760527817512e-01,2.662730398144679267e-01,5.000000000000000000e-01
5.378117749970496853e-01,2.660045390345988636e-01,5.000000000000000000e-01
5.379435489108257418e-01,2.657379730004597596e-01,5.000000000000000000e-01
5.380741851274135623e-01,2.654733754264001488e-01,5.000000000000000000e-01
5.382036603451310075e-01,2.652108014541524339e-01,5.000000000000000000e-01
5.383320442283365814e-01,2.649501181598062916e-01,5.000000000000000000e-01
5.384594142876970579e-01,2.646911760713161477e-01,5.000000000000000000e-01
5.385857005635662498e-01,2.644341242824245208e-01,5.000000000000000000e-01
5.387108038413914723e-01,2.641791718187578297e-01,5.000000000000000000e-01
5.388348027536682405e-01,2.639261664740362168e-01,5.000000000000000000e-01
5.389576860123023172e-01,2.636751384831844680e-01,5.000000000000000000e-01
5.390793870713571634e-01,2.634262307073415021e-01,5.000000000000000000e-01
5.391999677999457230e-01,2.631793240208391005e-01,5.000000000000000000e-01
5.393194438685464664e-01,2.629343930278223440e-01,5.000000000000000000e-01
5.394378383727969073e-01,2.626913967370242409e-01,5.000000000000000000e-01
5.395552724054550886e-01,2.624500930216521200e-01,5.000000000000000000e-01
5.396717984010115376e-01,2.622103796203426596e-01,5.000000000000000000e-01
5.397874327526641647e-01,2.619722278228704404e-01,5.000000000000000000e-01
5.399021859724273398e-01,2.617356208501205872e-01,5.000000000000000000e-01
5.400161423064534505e-01,2.615003904533748091e-01,5.000000000000000000e-01
5.401292916666957655e-01,2.612665621717091824e-01,5.000000000000000000e-01
5.402414307178371455e-01,2.610345592539538018e-01,5.000000000000000000e-01
5.403525242056144151e-01,2.608044595875934624e-01,5.000000000000000000e-01
5.404625630906301215e-01,2.605762870011847365e-01,5.000000000000000000e-01
5.405715441881780992e-01,2.603500531371950588e-01,5.000000000000000000e-01
5.406795388139971070e-01,2.601256159189290207e-01,5.000000000000000000e-01
5.407864089651859274e-01,2.599032647119707828e-01,5.000000000000000000e-01
5.408922587106457236e-01,2.596827893462456127e-01,5.000000000000000000e-01
5.409972090237421538e-01,2.594639446972087926e-01,5.000000000000000000e-01
5.411012376916743971e-01,2.592467815094948724e-01,5.000000000000000000e-01
5.412043464267783932e-01,2.590313013510195383e-01,5.000000000000000000e-01
5.413063348421782717e-01,2.588179233285806680e-01,5.000000000000000000e-01
5.414072281347012128e-01,2.586066001876316522e-01,5.000000000000000000e-01
5.415070881731466335e-01,2.583972089417584383e-01,5.000000000000000000e-01
5.416058405586152702e-01,2.581899084268762801e-01,5.000000000000000000e-01
5.417035312961062665e-01,2.579846084980915721e-01,5.000000000000000000e-01
5.418001852551747044e-01,2.577812630503792946e-01,5.000000000000000000e-01
5.418955589943876827e-01,2.575803804249151563e-01,5.000000000000000000e-01
5.419895112547904459e-01,2.573822561772596829e-01,5.000000000000000000e-01
5.420823540792221173e-01,2.571862480428560027e-01,5.000000000000000000e-01
5.421740263364225321e-01,2.569924861659396154e-01,5.000000000000000000e-01
5.422642962722817872e-01,2.568014521244318948e-01,5.000000000000000000e-01
5.423533266399018782e-01,2.566128104694878620e-01,5.000000000000000000e-01
5.424413895818367415e-01,2.564260009319259681e-01,5.000000000000000000e-01
5.425285184233534785e-01,2.562409583019942261e-01,5.000000000000000000e-01
5.426145803130089096e-01,2.560579604504966134e-01,5.000000000000000000e-01
5.426996011072726667e-01,2.558769567697201097e-01,5.000000000000000000e-01
5.427836065658304676e-01,2.556978970781608185e-01,5.000000000000000000e-01
5.428665881656169478e-01,2.555208020901345578e-01,5.000000000000000000e-01
5.429485698539497918e-01,2.553456256724340179e-01,5.000000000000000000e-01
5.430295681992876045e-01,2.551723372833581971e-01,5.000000000000000000e-01
5.431095406318489083e-01,2.550010282689475494e-01,5.000000000000000000e-01
5.431883289398551362e-01,2.548320268263108423e-01,5.000000000000000000e-01
5.432659107738208037e-01,2.546653798733181651e-01,5.000000000000000000e-01
5.433424282951754281e-01,2.545007962109043231e-01,5.000000000000000000e-01
5.434178210422663247e-01,2.543384016721155216e-01,5.000000000000000000e-01
5.434920939785736760e-01,2.541781869944320649e-01,5.000000000000000000e-01
5.435653188234992328e-01,2.540200060897212508e-01,5.000000000000000000e-01
5.436373555569271598e-01,2.538641464676697490e-01,5.000000000000000000e-01
5.437083714058739137e-01,2.537102657119750249e-01,5.000000000000000000e-01
5.437784521995546738e-01,2.535581899924627125e-01,5.000000000000000000e-01
5.438474181221439885e-01,2.534082884422431681e-01,5.000000000000000000e-01
5.439151939736348584e-01,2.532607133810833022e-01,5.000000000000000000e-01
5.439815853706981841e-01,2.531158572460095457e-01,5.000000000000000000e-01
5.440467257523703415e-01,2.529734417561767534e-01,5.000000000000000000e-01
5.441107828024807080e-01,2.528331207257859536e-01,5.000000000000000000e-01
5.441736362789086900e-01,2.526951338250167378e-01,5.000000000000000000e-01
5.442354147528210007e-01,2.525592140501246585e-01,5.000000000000000000e-01
5.442965593512369971e-01,2.524244653667421789e-01,5.000000000000000000e-01
5.443573028798036617e-01,2.522904223729718343e-01,5.000000000000000000e-01
5.444173898763866593e-01,2.521576092624686627e-01,5.000000000000000000e-01
5.444767483556152143e-01,2.520261763305264857e-01,5.000000000000000000e-01
5.445352488724466422e-01,2.518963875793811535e-01,5.000000000000000000e-01
5.445925035998138153e-01,2.517690225395355919e-01,5.000000000000000000e-01
5.446484716042341301e-01,2.516441556234453314e-01,5.000000000000000000e-01
5.447032675977643290e-01,2.515215481054626778e-01,5.000000000000000000e-01
5.447571076407877744e-01,2.514007606800030548e-01,5.000000000000000000e-01
5.448099992783166368e-01,2.512817748066549228e-01,5.000000000000000000e-01
5.448620544126763221e-01,2.511643641359222467e-01,5.000000000000000000e-01
5.449132958603123411e-01,2.510484820932047390e-01,5.000000000000000000e-01
5.449633283850570109e-01,2.509349111573516700e-01,5.000000000000000000e-01
5.450121340291493865e-01,2.508236758975619374e-01,5.000000000000000000e-01
5.450601140284222490e-01,2.507139708209448759e-01,5.000000000000000000e-01
5.451070483051992932e-01,2.506062263431594328e-01,5.000000000000000000e-01
5.451530996338890267e-01,2.505001128941364286e-01,5.000000000000000000e-01
5.451984226692014879e-01,2.503953207338711628e-01,5.000000000000000000e-01
5.452429304275235866e-01,2.502920185944500497e-01,5.000000000000000000e-01
5.452867300651993432e-01,2.501899925089235421e-01,5.000000000000000000e-01
5.453293644718774091e-01,2.500901328622061048e-01,5.000000000000000000e-01
5.453705960928665331e-01,2.499928878342375649e-01,5.000000000000000000e-01
5.454106464698191825e-01,2.498978041837169317e-01,5.000000000000000000e-01
5.454497752335737415e-01,2.498043606764288049e-01,5.000000000000000000e-01
5.454885809775122940e-01,2.497113882930879492e-01,5.000000000000000000e-01
5.455268979168439447e-01,2.496192123746277247e-01,5.000000000000000000e-01
5.455642390460723190e-01,2.495287724256742834e-01,5.000000000000000000e-01
5.456007054541329726e-01,2.494398616675096159e-01,5.000000000000000000e-01
5.456363398430794653e-01,2.493523883380213690e-01,5.000000000000000000e-01
5.456711514977939936e-01,2.492663254508828419e-01,5.000000000000000000e-01
5.457051648004953570e-01,2.491816175229391583e-01,5.000000000000000000e-01
5.457383408158922311e-01,2.490983297624481674e-01,5.000000000000000000e-01
5.457706205825283430e-01,2.490165640950757209e-01,5.000000000000000000e-01
5.458026262965252062e-01,2.489351316987958307e-01,5.000000000000000000e-01
5.458345407484463951e-01,2.488536946947198236e-01,5.000000000000000000e-01
5.458659516087565056e-01,2.487730430691974526e-01,5.000000000000000000e-01
5.458969779599197603e-01,2.486929557593082207e-01,5.000000000000000000e-01
5.459273879413635289e-01,2.486138730926450990e-01,5.000000000000000000e-01
5.459567663572821861e-01,2.485365705981000262e-01,5.000000000000000000e-01
5.459855184601225542e-01,2.484602809969461701e-01,5.000000000000000000e-01
5.460141713861593749e-01,2.483840251669519605e-01,5.000000000000000000e-01
5.460423839962578185e-01,2.483084515504103140e-01,5.000000000000000000e-01
5.460695255899563616e-01,2.482347327979678719e-01,5.000000000000000000e-01
5.460957104874484269e-01,2.481626461766763270e-01,5.000000000000000000e-01
5.461211091583264565e-01,2.480918694864506779e-01,5.000000000000000000e-01
5.461457868546079064e-01,2.480222794981049028e-01,5.000000000000000000e-01
5.461696290054715019e-01,2.479540838135694814e-01,5.000000000000000000e-01
5.461922392785008018e-01,2.478879992134294663e-01,5.000000000000000000e-01
5.462137214789226647e-01,2.478238190806330565e-01,5.000000000000000000e-01
5.462347792142954184e-01,2.477602533831440024e-01,5.000000000000000000e-01
5.462555414150545019e-01,2.476970760145243422e-01,5.000000000000000000e-01
5.462760264629012985e-01,2.476342660458935585e-01,5.000000000000000000e-01
5.462962002755320512e-01,2.475718975003846634e-01,5.000000000000000000e-01
5.463155718604495448e-01,2.475108624975974059e-01,5.000000000000000000e-01
5.463340144294384082e-01,2.474513849788252673e-01,5.000000000000000000e-01
5.463516285403351436e-01,2.473932794489678288e-01,5.000000000000000000e-01
5.463688925042489153e-01,2.473356937132859812e-01,5.000000000000000000e-01
5.463857556303040042e-01,2.472787291365965423e-01,5.000000000000000000e-01
5.464017374050285092e-01,2.472232448149864481e-01,5.000000000000000000e-01
5.464166792203986045e-01,2.471695153741090833e-01,5.000000000000000000e-01
5.464308154862413947e-01,2.471171203726851284e-01,5.000000000000000000e-01
5.464444068679013000e-01,2.470656011853022416e-01,5.000000000000000000e-01
5.464574664472525711e-01,2.470149412988703053e-01,5.000000000000000000e-01
5.464696823872641218e-01,2.469656888125090488e-01,5.000000000000000000e-01
5.464804351453689257e-01,2.469189142519293279e-01,5.000000000000000000e-01
5.464901367960197653e-01,2.468738816022923444e-01,5.000000000000000000e-01
5.464990356381272951e-01,2.468301510532555365e-01,5.000000000000000000e-01
5.465069925348438051e-01,2.467879574533078935e-01,5.000000000000000000e-01
5.465143600855797423e-01,2.467466882842565823e-01,5.000000000000000000e-01
5.465212960676821830e-01,2.467060762238327820e-01,5.000000000000000000e-01
5.465275157246054505e-01,2.466666129000102681e-01,5.000000000000000000e-01
5.465329875459605802e-01,2.466283498900334048e-01,5.000000000000000000e-01
5.465376661191738705e-01,2.465913605412740350e-01,5.000000000000000000e-01
5.465414131134855857e-01,2.465558730469100679e-01,5.000000000000000000e-01
5.465443971210047769e-01,2.465215943746084659e-01,5.000000000000000000e-01
5.465466129253819805e-01,2.464885281991482935e-01,5.000000000000000000e-01
5.465475176454708262e-01,2.464575746926763733e-01,5.000000000000000000e-01
5.465468516892574291e-01,2.464291419066435007e-01,5.000000000000000000e-01
5.465450819662592830e-01,2.464024221339289888e-01,5.000000000000000000e-01
5.465426278115943504e-01,2.463767030105492584e-01,5.000000000000000000e-01
5.465392976241189027e-01,2.463522932724587500e-01,5.000000000000000000e-01
5.465347146831507352e-01,2.463297978886780926e-01,5.000000000000000000e-01
5.465295226247608440e-01,2.463081385483616992e-01,5.000000000000000000e-01
5.465242161977896806e-01,2.462865029647765547e-01,5.000000000000000000e-01
5.465183902290327023e-01,2.462655598368023169e-01,5.000000000000000000e-01
5.465123146709433000e-01,2.462448701473555768e-01,5.000000000000000000e-01
5.465058488490204258e-01,2.462246664151986897e-01,5.000000000000000000e-01
5.464983211611675884e-01,2.462060301716676447e-01,5.000000000000000000e-01
5.464897307517342373e-01,2.461889421221433727e-01,5.000000000000000000e-01
5.464807420799161486e-01,2.461723210406656648e-01,5.000000000000000000e-01
5.464712137210441245e-01,2.461563908975866743e-01,5.000000000000000000e-01
5.464604581748704337e-01,2.461422373015680343e-01,5.000000000000000000e-01
5.464487763235579276e-01,2.461293568663925346e-01,5.000000000000000000e-01
5.464366101383206775e-01,2.461170357597786129e-01,5.000000000000000000e-01
5.464245572159482922e-01,2.461043322181401538e-01,5.000000000000000000e-01
5.464124196933368705e-01,2.460915703109703423e-01,5.000000000000000000e-01
5.463995269278805189e-01,2.460798031161455235e-01,5.000000000000000000e-01
5.463857800007512200e-01,2.460691715131385071e-01,5.000000000000000000e-01
5.463712170441245020e-01,2.460595995110182455e-01,5.000000000000000000e-01
5.463559863152926965e-01,2.460508433295894304e-01,5.000000000000000000e-01
5.463402422745939901e-01,2.460426537783576284e-01,5.000000000000000000e-01
5.463234188084538090e-01,2.460358899367845464e-01,5.000000000000000000e-01
5.463055397662983648e-01,2.460304897994081141e-01,5.000000000000000000e-01
5.462865678474770892e-01,2.460264835671907568e-01,5.000000000000000000e-01
5.462666691954480847e-01,2.460235924731119239e-01,5.000000000000000000e-01
5.462465928191559961e-01,2.460206642859962267e-01,5.000000000000000000e-01
5.462261076768508694e-01,2.460180466287809897e-01,5.000000000000000000e-01
5.462042548215120252e-01,2.460171670504322505e-01,5.000000000000000000e-01
5.461808235582678028e-01,2.460183009982205848e-01,5.000000000000000000e-01
5.461565002689576787e-01,2.460203825429513880e-01,5.000000000000000000e-01
5.461313935256587593e-01,2.460232254871849711e-01,5.000000000000000000e-01
5.461055159638105172e-01,2.460267893348386248e-01,5.000000000000000000e-01
5.460789138048247615e-01,2.460309834756072567e-01,5.000000000000000000e-01
5.460519062248382349e-01,2.460353212284662472e-01,5.000000000000000000e-01
5.460250478910058103e-01,2.460389844905906953e-01,5.000000000000000000e-01
5.459977327380352019e-01,2.460428596909391974e-01,5.000000000000000000e-01
5.459696390467603244e-01,2.460473998277937224e-01,5.000000000000000000e-01
5.459416202635978266e-01,2.460513556040404282e-01,5.000000000000000000e-01
5.459134726901853085e-01,2.460550236163674409e-01,5.000000000000000000e-01
5.458848593954164219e-01,2.460588852433485685e-01,5.000000000000000000e-01
5.458558070327497180e-01,2.460628898391409858e-01,5.000000000000000000e-01
5.458259710667925368e-01,2.460675151849764930e-01,5.000000000000000000e-01
5.457956137250559170e-01,2.460723686274304267e-01,5.000000000000000000e-01
5.457649417694436789e-01,2.460771466860163792e-01,5.000000000000000000e-01
5.457340991616357329e-01,2.460816403912411687e-01,5.000000000000000000e-01
5.457025784161926296e-01,2.460865544643026093e-01,5.000000000000000000e-01
5.456704700080692305e-01,2.460917444019847800e-01,5.000000000000000000e-01
5.456378925978528915e-01,2.460970297362554682e-01,5.000000000000000000e-01
5.456046110053349718e-01,2.461027212732755931e-01,5.000000000000000000e-01
5.455700410102737319e-01,2.461095979805196232e-01,5.000000000000000000e-01
5.455344612705952390e-01,2.461172392337797055e-01,5.000000000000000000e-01
5.454990396777895656e-01,2.461240257498200634e-01,5.000000000000000000e-01
5.454639564395077356e-01,2.461297203828368974e-01,5.000000000000000000e-01
5.454290551615509353e-01,2.461345474420856827e-01,5.000000000000000000e-01
5.453944312948391104e-01,2.461383876337594478e-01,5.000000000000000000e-01
5.453597656142141759e-01,2.461416796812175845e-01,5.000000000000000000e-01
5.453244666283005859e-01,2.461452128620294222e-01,5.000000000000000000e-01
5.452890042601699072e-01,2.461483476578431584e-01,5.000000000000000000e-01
5.452537081922735895e-01,2.461506463954185597e-01,5.000000000000000000e-01
5.452109963451243768e-01,2.461620726982681751e-01,5.000000000000000000e-01
5.451601118125928291e-01,2.461833650144288343e-01,5.000000000000000000e-01
5.451097159117435087e-01,2.462029449980012719e-01,5.000000000000000000e-01
5.450614001986024970e-01,2.462187601423755368e-01,5.000000000000000000e-01
5.450147091706050162e-01,2.462314603682292657e-01,5.000000000000000000e-01
5.449686480714437398e-01,2.462423724465507557e-01,5.000000000000000000e-01
5.449237867295877447e-01,2.462507843959131637e-01,5.000000000000000000e-01
5.448798361076607755e-01,2.462571006563928355e-01,5.000000000000000000e-01
5.448361296583836832e-01,2.462621935354715741e-01,5.000000000000000000e-01
5.447929120987143881e-01,2.462657613498922260e-01,5.000000000000000000e-01
5.447504182842576315e-01,2.462675249430153201e-01,5.000000000000000000e-01
5.447086880422171706e-01,2.462674600812670977e-01,5.000000000000000000e-01
5.446679865899994866e-01,2.462652645121046202e-01,5.000000000000000000e-01
5.446287600090392589e-01,2.462604248149303787e-01,5.000000000000000000e-01
5.445911225928632415e-01,2.462528547308585614e-01,5.000000000000000000e-01
5.445545733201520022e-01,2.462432303465400540e-01,5.000000000000000000e-01
5.445186413757354682e-01,2.462321719172319567e-01,5.000000000000000000e-01
5.444832508771715318e-01,2.462198023950117332e-01,5.000000000000000000e-01
5.444485014472335571e-01,2.462060285471943111e-01,5.000000000000000000e-01
5.444138012236817703e-01,2.461915973148129377e-01,5.000000000000000000e-01
5.443792372468523322e-01,2.461764167706584350e-01,5.000000000000000000e-01
5.443447371464300577e-01,2.461605877786425811e-01,5.000000000000000000e-01
5.443103734725446285e-01,2.461440375099143707e-01,5.000000000000000000e-01
5.442762449412420489e-01,2.461266621591821635e-01,5.000000000000000000e-01
5.442420927877892334e-01,2.461087874765428007e-01,5.000000000000000000e-01
5.442082838615717177e-01,2.460899891659042993e-01,5.000000000000000000e-01
5.441747305656590150e-01,2.460703920418962354e-01,5.000000000000000000e-01
5.441414948370386639e-01,2.460499420565299689e-01,5.000000000000000000e-01
5.441082261807832499e-01,2.460290681424298076e-01,5.000000000000000000e-01
5.440740107393747804e-01,2.460088394654835753e-01,5.000000000000000000e-01
5.440391843644762915e-01,2.459888437835642816e-01,5.000000000000000000e-01
5.440049328192796407e-01,2.459676989826365401e-01,5.000000000000000000e-01
5.439710284997170131e-01,2.459456921268591278e-01,5.000000000000000000e-01
5.439367378811195142e-01,2.459236801521486049e-01,5.000000000000000000e-01
5.439023931621539409e-01,2.459012769485275363e-01,5.000000000000000000e-01
5.438680287713165695e-01,2.458784444109101963e-01,5.000000000000000000e-01
5.438330212370802164e-01,2.458558910089344018e-01,5.000000000000000000e-01
5.437974998662473691e-01,2.458334499648413274e-01,5.000000000000000000e-01
5.437617663909657395e-01,2.458107653029324713e-01,5.000000000000000000e-01
5.437258182761973702e-01,2.457878307952282015e-01,5.000000000000000000e-01
5.436895590395949274e-01,2.457647448482388475e-01,5.000000000000000000e-01
5.436536446338271489e-01,2.457407657477228557e-01,5.000000000000000000e-01
5.436177875299366136e-01,2.457162189200726155e-01,5.000000000000000000e-01
5.435816984125438900e-01,2.456914216229456882e-01,5.000000000000000000e-01
5.435459530023376562e-01,2.456657283774901224e-01,5.000000000000000000e-01
5.435103030011100289e-01,2.456394166651196254e-01,5.000000000000000000e-01
5.434746174645435079e-01,2.456126264593256059e-01,5.000000000000000000e-01
5.434394837017991753e-01,2.455847125984548240e-01,5.000000000000000000e-01
5.434051804385386930e-01,2.455553867707985227e-01,5.000000000000000000e-01
5.433716771125018941e-01,2.455247057865658222e-01,5.000000000000000000e-01
5.433384123733171478e-01,2.454932935456147769e-01,5.000000000000000000e-01
5.433053554678195507e-01,2.454611862004263956e-01,5.000000000000000000e-01
5.432725919512167989e-01,2.454282914408928984e-01,5.000000000000000000e-01
5.432394675171433596e-01,2.453953066652349024e-01,5.000000000000000000e-01
5.432067731959012713e-01,2.453613739384074011e-01,5.000000000000000000e-01
5.431746584008344536e-01,2.453263408251876720e-01,5.000000000000000000e-01
5.431423951584963827e-01,2.452909835623015566e-01,5.000000000000000000e-01
5.431097742576374010e-01,2.452555031065564162e-01,5.000000000000000000e-01
5.430766863166818226e-01,2.452199867373720810e-01,5.000000000000000000e-01
5.430441612913106120e-01,2.451833338099911330e-01,5.000000000000000000e-01
5.430122315066244765e-01,2.451455153623278149e-01,5.000000000000000000e-01
5.429808726290584753e-01,2.451065667058013597e-01,5.000000000000000000e-01
5.429506187430908071e-01,2.450659446878807324e-01,5.000000000000000000e-01
5.429208228148559856e-01,2.450243407377394322e-01,5.000000000000000000e-01
5.428910132077267026e-01,2.449822379886612556e-01,5.000000000000000000e-01
5.428617161238344924e-01,2.449390874034391707e-01,5.000000000000000000e-01
5.428320689204191307e-01,2.448957620676162072e-01,5.000000000000000000e-01
5.428009414777219543e-01,2.448533723488857672e-01,5.000000000000000000e-01
5.427701162699698489e-01,2.448100431973035673e-01,5.000000000000000000e-01
5.427396935731526595e-01,2.447656612660278619e-01,5.000000000000000000e-01
5.427090911335885615e-01,2.447207998917274030e-01,5.000000000000000000e-01
5.426783422093361953e-01,2.446753909109259939e-01,5.000000000000000000e-01
5.426474877123148577e-01,2.446293587310448825e-01,5.000000000000000000e-01
5.426172123093608857e-01,2.445819928908627983e-01,5.000000000000000000e-01
5.425881339161844341e-01,2.445326787251025924e-01,5.000000000000000000e-01
5.425597015471511630e-01,2.444819763541334900e-01,5.000000000000000000e-01
5.425313460418618172e-01,2.444304393584515178e-01,5.000000000000000000e-01
5.425035343560855594e-01,2.443775849867907968e-01,5.000000000000000000e-01
5.424763758338795316e-01,2.443232974315546202e-01,5.000000000000000000e-01
5.424499484275016048e-01,2.442674984720553943e-01,5.000000000000000000e-01
5.424142241405813802e-01,2.442198107034126431e-01,5.000000000000000000e-01
5.423685133801701141e-01,2.441804253485161946e-01,5.000000000000000000e-01
5.423248725724127972e-01,2.441372587481431267e-01,5.000000000000000000e-01
5.422834421079614220e-01,2.440901876383827773e-01,5.000000000000000000e-01
5.422439544743485884e-01,2.440394794653595323e-01,5.000000000000000000e-01
5.422062507237238593e-01,2.439852887829571659e-01,5.000000000000000000e-01
5.421710533747411409e-01,2.439269387684403489e-01,5.000000000000000000e-01
5.421383445657734779e-01,2.438644843750625846e-01,5.000000000000000000e-01
5.421079705358970990e-01,2.437981145559833251e-01,5.000000000000000000e-01
5.420803649215548692e-01,2.437274674805958163e-01,5.000000000000000000e-01
5.420544164264839981e-01,2.436536352295510244e-01,5.000000000000000000e-01
5.420295144179311242e-01,2.435771942044887561e-01,5.000000000000000000e-01
5.420065212956810541e-01,2.434973377784699911e-01,5.000000000000000000e-01
5.419856617087380757e-01,2.434138907298515064e-01,5.000000000000000000e-01
5.419673386996253228e-01,2.433265352983153273e-01,5.000000000000000000e-01
5.419514086626089355e-01,2.432354720022861239e-01,5.000000000000000000e-01
5.419370740523101748e-01,2.431414925858887965e-01,5.000000000000000000e-01
5.419239993692541724e-01,2.430449270673543105e-01,5.000000000000000000e-01
5.419122949863409699e-01,2.429456921271919700e-01,5.000000000000000000e-01
5.419023255568435893e-01,2.428434811462238385e-01,5.000000000000000000e-01
5.418944444543949412e-01,2.427380263362775292e-01,5.000000000000000000e-01
5.418888213735839621e-01,2.426292426157328763e-01,5.000000000000000000e-01
5.418845838905549384e-01,2.425179839988647612e-01,5.000000000000000000e-01
5.418813731556982871e-01,2.424046007771266664e-01,5.000000000000000000e-01
5.418787508626723426e-01,2.422894920344995651e-01,5.000000000000000000e-01
5.418767912430690892e-01,2.421725810282729374e-01,5.000000000000000000e-01
5.418759245127263702e-01,2.420534830183914132e-01,5.000000000000000000e-01
5.418763252561386023e-01,2.419320616891978970e-01,5.000000000000000000e-01
5.418779839008949217e-01,2.418083520070831716e-01,5.000000000000000000e-01
5.418806741051988007e-01,2.416825754678602889e-01,5.000000000000000000e-01
5.418849927461570903e-01,2.415542351474166405e-01,5.000000000000000000e-01
5.418911671908991368e-01,2.414231866746393007e-01,5.000000000000000000e-01
5.418982756433329273e-01,2.412902890625119035e-01,5.000000000000000000e-01
5.419059336918061742e-01,2.411558818749253985e-01,5.000000000000000000e-01
5.419140072181527490e-01,2.410200652026140422e-01,5.000000000000000000e-01
5.419231498461498653e-01,2.408822621069302838e-01,5.000000000000000000e-01
5.419335221622305632e-01,2.407423516921302631e-01,5.000000000000000000e-01
5.419450732068641363e-01,2.406004067378228473e-01,5.000000000000000000e-01
5.419581838859977019e-01,2.404561330324820334e-01,5.000000000000000000e-01
5.419723013680982637e-01,2.403100447310411170e-01,5.000000000000000000e-01
5.419871511680967036e-01,2.401623874818792359e-01,5.000000000000000000e-01
5.420029114187699948e-01,2.400130088258209948e-01,5.000000000000000000e-01
5.420201905502861628e-01,2.398614163347078110e-01,5.000000000000000000e-01
5.420397344854338550e-01,2.397070497835671610e-01,5.000000000000000000e-01
5.420615411160213393e-01,2.395500275716740401e-01,5.000000000000000000e-01
5.420844884729867363e-01,2.393913896425235444e-01,5.000000000000000000e-01
5.421081677255150666e-01,2.392315198647614605e-01,5.000000000000000000e-01
5.421334453440236345e-01,2.390697284326445682e-01,5.000000000000000000e-01
5.421603172456663788e-01,2.389061053712013272e-01,5.000000000000000000e-01
5.421878381350103693e-01,2.387415037892827163e-01,5.000000000000000000e-01
5.422157544440554533e-01,2.385761518816942872e-01,5.000000000000000000e-01
5.422442792106693110e-01,2.384098726602290608e-01,5.000000000000000000e-01
5.422727872109450731e-01,2.382431812333730137e-01,5.000000000000000000e-01
5.423015263114758788e-01,2.380758372444667925e-01,5.000000000000000000e-01
5.423309296093330456e-01,2.379074688189674047e-01,5.000000000000000000e-01
5.423608298955095997e-01,2.377382126969181386e-01,5.000000000000000000e-01
5.423908384755373735e-01,2.375683660987881751e-01,5.000000000000000000e-01
5.424208872023266181e-01,2.373979316470741785e-01,5.000000000000000000e-01
5.424511876657335252e-01,2.372266807233953112e-01,5.000000000000000000e-01
5.424822462038241255e-01,2.370541647148549091e-01,5.000000000000000000e-01
5.425145576530037150e-01,2.368799893304600057e-01,5.000000000000000000e-01
5.425485170694698267e-01,2.367038843139757098e-01,5.000000000000000000e-01
5.425832542144873871e-01,2.365266006593648163e-01,5.000000000000000000e-01
5.426181794858571106e-01,2.363485970653546875e-01,5.000000000000000000e-01
5.426535073397360520e-01,2.361696453718567512e-01,5.000000000000000000e-01
5.426889571687900649e-01,2.359899135484319066e-01,5.000000000000000000e-01
5.427245355864316334e-01,2.358093129365641250e-01,5.000000000000000000e-01
5.427606388668886339e-01,2.356274490103372754e-01,5.000000000000000000e-01
5.427975639773450212e-01,2.354440338824971835e-01,5.000000000000000000e-01
5.428351680895020515e-01,2.352591385668006407e-01,5.000000000000000000e-01
5.428732522920428627e-01,2.350728551508439179e-01,5.000000000000000000e-01
5.429118788624707204e-01,2.348850503124869649e-01,5.000000000000000000e-01
5.429513080558875382e-01,2.346954393576854703e-01,5.000000000000000000e-01
5.429916872837364794e-01,2.345038426900412643e-01,5.000000000000000000e-01
5.430337190346379295e-01,2.343096845764521541e-01,5.000000000000000000e-01
5.430778262260956835e-01,2.341126734167634504e-01,5.000000000000000000e-01
5.431231679633597986e-01,2.339135059442716547e-01,5.000000000000000000e-01
5.431692598782222881e-01,2.337125222563890548e-01,5.000000000000000000e-01
5.432168109369642783e-01,2.335091298433898954e-01,5.000000000000000000e-01
5.432660310218726529e-01,2.333031789313142756e-01,5.000000000000000000e-01
5.433165277292304474e-01,2.330949919381812008e-01,5.000000000000000000e-01
5.433684112978713898e-01,2.328844782753172193e-01,5.000000000000000000e-01
5.434217282965095874e-01,2.326716100171187795e-01,5.000000000000000000e-01
5.434761902705210757e-01,2.324566035089715155e-01,5.000000000000000000e-01
5.435314069564066708e-01,2.322397098920012670e-01,5.000000000000000000e-01
5.435876964959774904e-01,2.320206180654099115e-01,5.000000000000000000e-01
5.436455009529574944e-01,2.317989659269496516e-01,5.000000000000000000e-01
5.437049050949490647e-01,2.315747047050888408e-01,5.000000000000000000e-01
5.437656611146977070e-01,2.313480328572915523e-01,5.000000000000000000e-01
5.438277296833928798e-01,2.311189721372313433e-01,5.000000000000000000e-01
5.438913884243341545e-01,2.308873180250227697e-01,5.000000000000000000e-01
5.439562648780937870e-01,2.306533547805265649e-01,5.000000000000000000e-01
5.440220594536171461e-01,2.304172632950239608e-01,5.000000000000000000e-01
5.440892341693315259e-01,2.301786498435876016e-01,5.000000000000000000e-01
5.441580389050105770e-01,2.299373344283814624e-01,5.000000000000000000e-01
5.442283380715862151e-01,2.296934415816824782e-01,5.000000000000000000e-01
5.442998620980542546e-01,2.294471658831885308e-01,5.000000000000000000e-01
5.443726614375031803e-01,2.291984440715357785e-01,5.000000000000000000e-01
5.444468007615896887e-01,2.289472049003296039e-01,5.000000000000000000e-01
5.445220730822072364e-01,2.286935660005707249e-01,5.000000000000000000e-01
5.445985491948455159e-01,2.284374191977484592e-01,5.000000000000000000e-01
5.446763170774430174e-01,2.281786481912610465e-01,5.000000000000000000e-01
5.447557530043127816e-01,2.279169667610339012e-01,5.000000000000000000e-01
5.448370129334116907e-01,2.276522986918418923e-01,5.000000000000000000e-01
5.449197329629813513e-01,2.273849426332199275e-01,5.000000000000000000e-01
5.450040013906998215e-01,2.271148448595079472e-01,5.000000000000000000e-01
5.450897396216509705e-01,2.268420737899337070e-01,5.000000000000000000e-01
5.451765868073820132e-01,2.265668596621998598e-01,5.000000000000000000e-01
5.452646315726419335e-01,2.262890712361738665e-01,5.000000000000000000e-01
5.453541792053651083e-01,2.260084523269419443e-01,5.000000000000000000e-01
5.454452404783902697e-01,2.257249894375165655e-01,5.000000000000000000e-01
5.455377383297989047e-01,2.254387259389643572e-01,5.000000000000000000e-01
5.456316224449371255e-01,2.251496664949353133e-01,5.000000000000000000e-01
5.457268584659290545e-01,2.248577892485618124e-01,5.000000000000000000e-01
5.458236362264230479e-01,2.245629265019951637e-01,5.000000000000000000e-01
5.459221468850798953e-01,2.242649560026374889e-01,5.000000000000000000e-01
5.460221626903334347e-01,2.239640448364302039e-01,5.000000000000000000e-01
5.461235576476883846e-01,2.236602481449450619e-01,5.000000000000000000e-01
5.462265342152725633e-01,2.233533940177102051e-01,5.000000000000000000e-01
5.463313518798391666e-01,2.230433441701835662e-01,5.000000000000000000e-01
5.464379396840224334e-01,2.227302214460422369e-01,5.000000000000000000e-01
5.465460618426229988e-01,2.224142443084256016e-01,5.000000000000000000e-01
5.466556728846649893e-01,2.220954634452341481e-01,5.000000000000000000e-01
5.467666391284211613e-01,2.217739717534132904e-01,5.000000000000000000e-01
5.468789664668317618e-01,2.214497423865733339e-01,5.000000000000000000e-01
5.469927446615706623e-01,2.211227121525209394e-01,5.000000000000000000e-01
5.471078794401185164e-01,2.207929274710724588e-01,5.000000000000000000e-01
5.472240689552075876e-01,2.204604930520450423e-01,5.000000000000000000e-01
5.473415325711831203e-01,2.201251285105842448e-01,5.000000000000000000e-01
5.474605045669591608e-01,2.197865937322673324e-01,5.000000000000000000e-01
5.475809968858000865e-01,2.194448191808087700e-01,5.000000000000000000e-01
5.477030819272808992e-01,2.190997000936670269e-01,5.000000000000000000e-01
5.478269136191638022e-01,2.187511210944764750e-01,5.000000000000000000e-01
5.479526804589229805e-01,2.183990375144277130e-01,5.000000000000000000e-01
5.480802386309737706e-01,2.180436445164956605e-01,5.000000000000000000e-01
5.482092875739744686e-01,2.176851640790745390e-01,5.000000000000000000e-01
5.483398169469888561e-01,2.173235728613244488e-01,5.000000000000000000e-01
5.484719239466840923e-01,2.169588079490741561e-01,5.000000000000000000e-01
5.486056037633816329e-01,2.165908906540889856e-01,5.000000000000000000e-01
5.487407627584166558e-01,2.162198788203615885e-01,5.000000000000000000e-01
5.488774295355585142e-01,2.158457446892693976e-01,5.000000000000000000e-01
5.490155935434019030e-01,2.154684877281267119e-01,5.000000000000000000e-01
5.491553893336560410e-01,2.150880972205832242e-01,5.000000000000000000e-01
5.492968348938408463e-01,2.147047192824873274e-01,5.000000000000000000e-01
5.494396875689123716e-01,2.143186374595468235e-01,5.000000000000000000e-01
5.495838467797680149e-01,2.139300086438533088e-01,5.000000000000000000e-01
5.497291706488387497e-01,2.135389512215205843e-01,5.000000000000000000e-01
5.498755627334218632e-01,2.131454791457373377e-01,5.000000000000000000e-01
5.500231840808076367e-01,2.127495225909436516e-01,5.000000000000000000e-01
5.501720474700093622e-01,2.123511793510616530e-01,5.000000000000000000e-01
5.503220065999527844e-01,2.119506229030039268e-01,5.000000000000000000e-01
5.504729964580438173e-01,2.115479397845564102e-01,5.000000000000000000e-01
5.506248696871303139e-01,2.111431154400549015e-01,5.000000000000000000e-01
5.507776716407429829e-01,2.107359393026989047e-01,5.000000000000000000e-01
5.509316238914022668e-01,2.103262009925556397e-01,5.000000000000000000e-01
5.510867643570711571e-01,2.099138566339006640e-01,5.000000000000000000e-01
5.512430761309254912e-01,2.094988686416119350e-01,5.000000000000000000e-01
5.514005801478472080e-01,2.090811506158515576e-01,5.000000000000000000e-01
5.515593461670771358e-01,2.086606896139507061e-01,5.000000000000000000e-01
5.517193670843723030e-01,2.082376114666543432e-01,5.000000000000000000e-01
5.518805233530754695e-01,2.078120369715524274e-01,5.000000000000000000e-01
5.520427723127819819e-01,2.073839991741221467e-01,5.000000000000000000e-01
5.522061081057230147e-01,2.069535405447023024e-01,5.000000000000000000e-01
5.523704949974813649e-01,2.065206693357864443e-01,5.000000000000000000e-01
5.525359291964282438e-01,2.060853370978031895e-01,5.000000000000000000e-01
5.527024389051948816e-01,2.056474834985597966e-01,5.000000000000000000e-01
5.528700407811225626e-01,2.052070412350169570e-01,5.000000000000000000e-01
5.530387659343763973e-01,2.047639142315160199e-01,5.000000000000000000e-01
5.532086426638825882e-01,2.043180371829400044e-01,5.000000000000000000e-01
5.533796693907044872e-01,2.038694464477593671e-01,5.000000000000000000e-01
5.535518038688996834e-01,2.034182345754875221e-01,5.000000000000000000e-01
5.537249949292295526e-01,2.029644951336293246e-01,5.000000000000000000e-01
5.538992191654682484e-01,2.025082378816460693e-01,5.000000000000000000e-01
5.540744920211936320e-01,2.020493849891267513e-01,5.000000000000000000e-01
5.542508580455959288e-01,2.015878087805210994e-01,5.000000000000000000e-01
5.544283819515758438e-01,2.011233351510625933e-01,5.000000000000000000e-01
5.546071111325576730e-01,2.006558380725598778e-01,5.000000000000000000e-01
5.547870723273051752e-01,2.001852379254926984e-01,5.000000000000000000e-01
5.549682979595000898e-01,1.997114369771663123e-01,5.000000000000000000e-01
5.551508289999214085e-01,1.992343173664198885e-01,5.000000000000000000e-01
5.553347079885913029e-01,1.987537556275673634e-01,5.000000000000000000e-01
5.555198860351318046e-01,1.982698142503638017e-01,5.000000000000000000e-01
5.557063588678494703e-01,1.977824862161668140e-01,5.000000000000000000e-01
5.558941557091272578e-01,1.972916891619258262e-01,5.000000000000000000e-01
5.560831224415587748e-01,1.967976849068298895e-01,5.000000000000000000e-01
5.562731560666610564e-01,1.963006865278853763e-01,5.000000000000000000e-01
5.564643320386735148e-01,1.958005794399171884e-01,5.000000000000000000e-01
5.566567102614561335e-01,1.952972256756674296e-01,5.000000000000000000e-01
5.568502156522714408e-01,1.947907116481145673e-01,5.000000000000000000e-01
5.570447432042664460e-01,1.942812111703657307e-01,5.000000000000000000e-01
5.572402011478049255e-01,1.937689020857398803e-01,5.000000000000000000e-01
5.574366409730755478e-01,1.932537239991363454e-01,5.000000000000000000e-01
5.576341382923143408e-01,1.927355333297217366e-01,5.000000000000000000e-01
5.578327689844613246e-01,1.922141537469973238e-01,5.000000000000000000e-01
5.580326171736562646e-01,1.916893783938007911e-01,5.000000000000000000e-01
5.582335185143960654e-01,1.911613959127041462e-01,5.000000000000000000e-01
5.584354202028045666e-01,1.906302884418750732e-01,5.000000000000000000e-01
5.586384009848942567e-01,1.900959336229369467e-01,5.000000000000000000e-01
5.588422932098171536e-01,1.895585655763701305e-01,5.000000000000000000e-01
5.590470618829368465e-01,1.890182633499286891e-01,5.000000000000000000e-01
5.592527278726258100e-01,1.884750134247526465e-01,5.000000000000000000e-01
5.594590093142313147e-01,1.879292546638314243e-01,5.000000000000000000e-01
5.596659779604717944e-01,1.873809575066224808e-01,5.000000000000000000e-01
5.598737394202419893e-01,1.868299812741150978e-01,5.000000000000000000e-01
5.600821605772445810e-01,1.862765002885190535e-01,5.000000000000000000e-01
5.602913288654309820e-01,1.857203934133840051e-01,5.000000000000000000e-01
5.605014001451490424e-01,1.851613906674343668e-01,5.000000000000000000e-01
5.607124496873172603e-01,1.845992919294924539e-01,5.000000000000000000e-01
5.609244970421134457e-01,1.840339710454874100e-01,5.000000000000000000e-01
5.611375378004249681e-01,1.834653488729081072e-01,5.000000000000000000e-01
5.613516409448363609e-01,1.828932493337259158e-01,5.000000000000000000e-01
5.615670022775917092e-01,1.823172913260574513e-01,5.000000000000000000e-01
5.617836478372607578e-01,1.817372980062751942e-01,5.000000000000000000e-01
5.620012547623063348e-01,1.811536324862715597e-01,5.000000000000000000e-01
5.622193393999663780e-01,1.805670254997883140e-01,5.000000000000000000e-01
5.624377226326009449e-01,1.799778985479267568e-01,5.000000000000000000e-01
5.626565228528643825e-01,1.793862435583401804e-01,5.000000000000000000e-01
5.628757507097159607e-01,1.787921257488978011e-01,5.000000000000000000e-01
5.630955929788490355e-01,1.781953143261859607e-01,5.000000000000000000e-01
5.633163396704465864e-01,1.775953463780047814e-01,5.000000000000000000e-01
5.635378695793642478e-01,1.769922754487581462e-01,5.000000000000000000e-01
5.637601312655001751e-01,1.763861055457603411e-01,5.000000000000000000e-01
5.639832252850298655e-01,1.757766412565490433e-01,5.000000000000000000e-01
5.642070805555847723e-01,1.751639086134348655e-01,5.000000000000000000e-01
5.644315296027366813e-01,1.745481080996423295e-01,5.000000000000000000e-01
5.646563925659259242e-01,1.739295108377595656e-01,5.000000000000000000e-01
5.648815843051093744e-01,1.733082963638988561e-01,5.000000000000000000e-01
5.651072292913772444e-01,1.726843387842172950e-01,5.000000000000000000e-01
5.653331998447117535e-01,1.720578323169127122e-01,5.000000000000000000e-01
5.655591690983614583e-01,1.714292918755659367e-01,5.000000000000000000e-01
5.657849375773312817e-01,1.707991370408417364e-01,5.000000000000000000e-01
5.660106202001884412e-01,1.701673455245844846e-01,5.000000000000000000e-01
5.662364923365708069e-01,1.695335921207120622e-01,5.000000000000000000e-01
5.664620817403780428e-01,1.688985540603186730e-01,5.000000000000000000e-01
5.666872653549541727e-01,1.682625278863715823e-01,5.000000000000000000e-01
5.669124077698244335e-01,1.676250972620449420e-01,5.000000000000000000e-01
5.671376081916471579e-01,1.669860991904076886e-01,5.000000000000000000e-01
5.673627482224268270e-01,1.663456602464910838e-01,5.000000000000000000e-01
5.675879570008430797e-01,1.657035718330952256e-01,5.000000000000000000e-01
5.678134493567115193e-01,1.650594557963342979e-01,5.000000000000000000e-01
5.680390651754184672e-01,1.644134318056960364e-01,5.000000000000000000e-01
5.682648559581038317e-01,1.637653609433534774e-01,5.000000000000000000e-01
5.684908107790467291e-01,1.631151900196726179e-01,5.000000000000000000e-01
5.687165729652892132e-01,1.624633920929374198e-01,5.000000000000000000e-01
5.689417348720013923e-01,1.618106326900960734e-01,5.000000000000000000e-01
5.691663902809245279e-01,1.611569246668600464e-01,5.000000000000000000e-01
5.693907743904971230e-01,1.605020156359676653e-01,5.000000000000000000e-01
5.696148124603422902e-01,1.598460249896023200e-01,5.000000000000000000e-01
5.698386102499124473e-01,1.591888161217422937e-01,5.000000000000000000e-01
5.700621359704773905e-01,1.585304194750650209e-01,5.000000000000000000e-01
5.702855434774316556e-01,1.578705870163087943e-01,5.000000000000000000e-01
5.705091175377924317e-01,1.572088202652339173e-01,5.000000000000000000e-01
5.707330679082729397e-01,1.565446516402400901e-01,5.000000000000000000e-01
5.709572619773934932e-01,1.558780932411079345e-01,5.000000000000000000e-01
5.711809948181230112e-01,1.552101018363623852e-01,5.000000000000000000e-01
5.714042531688745541e-01,1.545407850927616455e-01,5.000000000000000000e-01
5.716277732818437762e-01,1.538690821365955586e-01,5.000000000000000000e-01
5.718517018480238079e-01,1.531946079666604843e-01,5.000000000000000000e-01
5.720757544285317575e-01,1.525176190873720472e-01,5.000000000000000000e-01
5.722993990574853918e-01,1.518388658762636068e-01,5.000000000000000000e-01
5.725224850320476122e-01,1.511586649072945154e-01,5.000000000000000000e-01
5.727453549358166862e-01,1.504765916694283945e-01,5.000000000000000000e-01
5.729680315274483515e-01,1.497926022303391891e-01,5.000000000000000000e-01
5.731901814083004698e-01,1.491072046334505630e-01,5.000000000000000000e-01
5.734117773732172463e-01,1.484205171611786833e-01,5.000000000000000000e-01
5.736330527447885963e-01,1.477322411412275716e-01,5.000000000000000000e-01
5.738542833731580251e-01,1.470419208389684707e-01,5.000000000000000000e-01
5.740751961295580408e-01,1.463498987690169950e-01,5.000000000000000000e-01
5.742953192740634094e-01,1.456569177477889387e-01,5.000000000000000000e-01
5.745147847801530538e-01,1.449628947227363518e-01,5.000000000000000000e-01
5.747335604285185306e-01,1.442679504987578465e-01,5.000000000000000000e-01
5.749514132220514551e-01,1.435725306612296304e-01,5.000000000000000000e-01
5.751685977400069483e-01,1.428763398314773780e-01,5.000000000000000000e-01
5.753858248940619813e-01,1.421782442238113953e-01,5.000000000000000000e-01
5.756029967287012994e-01,1.414782092390443613e-01,5.000000000000000000e-01
5.758197745155593239e-01,1.407766395041152585e-01,5.000000000000000000e-01
5.760362747706349040e-01,1.400733057020732975e-01,5.000000000000000000e-01
5.762526981236149037e-01,1.393678029967017895e-01,5.000000000000000000e-01
5.764692448839716654e-01,1.386596660711911788e-01,5.000000000000000000e-01
5.766860321728264349e-01,1.379485165622323373e-01,5.000000000000000000e-01
5.769029651719019824e-01,1.372343085814075325e-01,5.000000000000000000e-01
5.771197743547311632e-01,1.365173382340038599e-01,5.000000000000000000e-01
5.773361381023016659e-01,1.357980855941685605e-01,5.000000000000000000e-01
5.775521240576764193e-01,1.350764726703073959e-01,5.000000000000000000e-01
5.777679802532709186e-01,1.343520862937227223e-01,5.000000000000000000e-01
5.779839817455522111e-01,1.336243799702712121e-01,5.000000000000000000e-01
5.782003053777808876e-01,1.328928929171983575e-01,5.000000000000000000e-01
5.784171659155850076e-01,1.321570481070637459e-01,5.000000000000000000e-01
5.786346181240353825e-01,1.314164965474053370e-01,5.000000000000000000e-01
5.788523579948861020e-01,1.306715109322342250e-01,5.000000000000000000e-01
5.790704602539308299e-01,1.299218184074388827e-01,5.000000000000000000e-01
5.792883686678469424e-01,1.291682453826411281e-01,5.000000000000000000e-01
5.795056654357453318e-01,1.284115520433257995e-01,5.000000000000000000e-01
5.797226945561448908e-01,1.276512840816820538e-01,5.000000000000000000e-01
5.799391280002410554e-01,1.268880517518689577e-01,5.000000000000000000e-01
5.801551154546105149e-01,1.261217009985396154e-01,5.000000000000000000e-01
5.803712004220066278e-01,1.253513093052500693e-01,5.000000000000000000e-01
5.805874237774133473e-01,1.245766665393569367e-01,5.000000000000000000e-01
5.808036224068784392e-01,1.237979253984327205e-01,5.000000000000000000e-01
5.810194093262761594e-01,1.230157059143510145e-01,5.000000000000000000e-01
5.812342878231940846e-01,1.222309615234092872e-01,5.000000000000000000e-01
5.814482125552666858e-01,1.214439644326475026e-01,5.000000000000000000e-01
5.816618304798621963e-01,1.206536954397689626e-01,5.000000000000000000e-01
5.818752406338045802e-01,1.198599172289090131e-01,5.000000000000000000e-01
5.820881197517406846e-01,1.190631409464319307e-01,5.000000000000000000e-01
5.823004465775161176e-01,1.182634200218947995e-01,5.000000000000000000e-01
5.825122559471626049e-01,1.174606991226493369e-01,5.000000000000000000e-01
5.827237734445879225e-01,1.166545355727201666e-01,5.000000000000000000e-01
5.829351537769638103e-01,1.158445380752954890e-01,5.000000000000000000e-01
5.831457089904729107e-01,1.150318879312651615e-01,5.000000000000000000e-01
5.833551487550164838e-01,1.142172313055989930e-01,5.000000000000000000e-01
5.835639363646933919e-01,1.133998407022177440e-01,5.000000000000000000e-01
5.837722181000307708e-01,1.125794194342631394e-01,5.000000000000000000e-01
5.839797088426537108e-01,1.117564655253020095e-01,5.000000000000000000e-01
5.841862006999395396e-01,1.109314159241652498e-01,5.000000000000000000e-01
5.843917594359664403e-01,1.101042327189567099e-01,5.000000000000000000e-01
5.845963330648646927e-01,1.092750706087384782e-01,5.000000000000000000e-01
5.848001670415969855e-01,1.084434907041266216e-01,5.000000000000000000e-01
5.850033313634886989e-01,1.076093081065996049e-01,5.000000000000000000e-01
5.852060721303746771e-01,1.067719403595361327e-01,5.000000000000000000e-01
5.854084638181609179e-01,1.059310690935927057e-01,5.000000000000000000e-01
5.856101238610770254e-01,1.050872935324651675e-01,5.000000000000000000e-01
5.858107188964908341e-01,1.042412641042698568e-01,5.000000000000000000e-01
5.860100055881460879e-01,1.033935632570061047e-01,5.000000000000000000e-01
5.862079066147684037e-01,1.025445063682120933e-01,5.000000000000000000e-01
5.864047125400118077e-01,1.016936326028388404e-01,5.000000000000000000e-01
5.866007581874341792e-01,1.008402592246571416e-01,5.000000000000000000e-01
5.867959189317649704e-01,9.998454831593525660e-02,5.000000000000000000e-01
5.869900019829230597e-01,9.912685957405546755e-02,5.000000000000000000e-01
5.871830421665742428e-01,9.826712432396170205e-02,5.000000000000000000e-01
5.873777714392984795e-01,9.739928436725833749e-02,5.000000000000000000e-01
5.875741999802762683e-01,9.652225359160976348e-02,5.000000000000000000e-01
5.877701070021190688e-01,9.563991921065502499e-02,5.000000000000000000e-01
5.879656612078889566e-01,9.475180442551038584e-02,5.000000000000000000e-01
5.881597821695621064e-01,9.386018505589999172e-02,5.000000000000000000e-01
5.883524288835662031e-01,9.296541467636776357e-02,5.000000000000000000e-01
5.885439801422631678e-01,9.206688241812632789e-02,5.000000000000000000e-01
5.887345376518067219e-01,9.116442558837847820e-02,5.000000000000000000e-01
5.889240272308047253e-01,9.025823957610963622e-02,5.000000000000000000e-01
5.891120646853529319e-01,8.934926762295206104e-02,5.000000000000000000e-01
5.892985172571925112e-01,8.843801389653624390e-02,5.000000000000000000e-01
5.894831966471514306e-01,8.752515647464907678e-02,5.000000000000000000e-01
5.896657836344474379e-01,8.661175240902144190e-02,5.000000000000000000e-01
5.898466150276102660e-01,8.569737305122748783e-02,5.000000000000000000e-01
5.900259581303997081e-01,8.478158532366286693e-02,5.000000000000000000e-01
5.902038917499596860e-01,8.386426293275375810e-02,5.000000000000000000e-01
5.903806142529390844e-01,8.294493900527048769e-02,5.000000000000000000e-01
5.905557987773322193e-01,8.202435823517301161e-02,5.000000000000000000e-01
5.907295114756078158e-01,8.110241504290147119e-02,5.000000000000000000e-01
5.909016224214700408e-01,8.017946889241553410e-02,5.000000000000000000e-01
5.910716338839473449e-01,7.925687902510576699e-02,5.000000000000000000e-01
5.912394832013471158e-01,7.833510464240292515e-02,5.000000000000000000e-01
5.914057765575646552e-01,7.741285116354922058e-02,5.000000000000000000e-01
5.915705851075838684e-01,7.648992738393251001e-02,5.000000000000000000e-01
5.917334286891147155e-01,7.556756164462330450e-02,5.000000000000000000e-01
5.918944607689631265e-01,7.464551756423563889e-02,5.000000000000000000e-01
5.920537537757686319e-01,7.372368762570115364e-02,5.000000000000000000e-01
5.922112805933581470e-01,7.280218669314979241e-02,5.000000000000000000e-01
5.923666786254340177e-01,7.188207552979894444e-02,5.000000000000000000e-01
5.925198376454253735e-01,7.096388592334375300e-02,5.000000000000000000e-01
5.926707987638890618e-01,7.004778341224754401e-02,5.000000000000000000e-01
5.928192159364472635e-01,6.913499332959455179e-02,5.000000000000000000e-01
5.929654067312932764e-01,6.822500965148509122e-02,5.000000000000000000e-01
5.931098533161829334e-01,6.731665292505711884e-02,5.000000000000000000e-01
5.932523607684976330e-01,6.641044825219252767e-02,5.000000000000000000e-01
5.933928358139692882e-01,6.550672181464470278e-02,5.000000000000000000e-01
5.935311914944340073e-01,6.460584856537075760e-02,5.000000000000000000e-01
5.936672390683456202e-01,6.370854659153936395e-02,5.000000000000000000e-01
5.938015033417181066e-01,6.281347112796699383e-02,5.000000000000000000e-01
5.939343057917090274e-01,6.191957826143960203e-02,5.000000000000000000e-01
5.940656318163465288e-01,6.102667135589290998e-02,5.000000000000000000e-01
5.941951441069273088e-01,6.013559133439960042e-02,5.000000000000000000e-01
5.943227570059861353e-01,5.924659625419506637e-02,5.000000000000000000e-01
5.944486785280167496e-01,5.835907140723929631e-02,5.000000000000000000e-01
5.945724907779873503e-01,5.747429930295248207e-02,5.000000000000000000e-01
5.946941407450384576e-01,5.659264020581692561e-02,5.000000000000000000e-01
5.948136972149155044e-01,5.571410458279452832e-02,5.000000000000000000e-01
5.949314215080953039e-01,5.483799170286136199e-02,5.000000000000000000e-01
5.950478459213883742e-01,5.396252403834673333e-02,5.000000000000000000e-01
5.951628047225347995e-01,5.308792929309178593e-02,5.000000000000000000e-01
5.952760524159288469e-01,5.221484572956603537e-02,5.000000000000000000e-01
5.953874427941772129e-01,5.134375079905995065e-02,5.000000000000000000e-01
5.954971397978746639e-01,5.047414554378176071e-02,5.000000000000000000e-01
5.956052760781080924e-01,4.960552741005866406e-02,5.000000000000000000e-01
5.957116655425750418e-01,4.873845265006961081e-02,5.000000000000000000e-01
5.958161052283026393e-01,4.787368668151150558e-02,5.000000000000000000e-01
5.959188789512965823e-01,4.701036444976581380e-02,5.000000000000000000e-01
5.960201218478141660e-01,4.614796390798824033e-02,5.000000000000000000e-01
5.961195641908489939e-01,4.528738302283601136e-02,5.000000000000000000e-01
5.962171477360321825e-01,4.442894226691886800e-02,5.000000000000000000e-01
5.963127851785915423e-01,4.357313579334117642e-02,5.000000000000000000e-01
5.964065128226877510e-01,4.272004665883809282e-02,5.000000000000000000e-01
5.964986553431070870e-01,4.186859774854068822e-02,5.000000000000000000e-01
5.965893251775029604e-01,4.101828300066170246e-02,5.000000000000000000e-01
5.966784667308560053e-01,4.016918368728450428e-02,5.000000000000000000e-01
5.967660557827727530e-01,3.932131127574556295e-02,5.000000000000000000e-01
5.968519225327120203e-01,3.847531870502800266e-02,5.000000000000000000e-01
5.969361203112723002e-01,3.763107874927397456e-02,5.000000000000000000e-01
5.970188638274174231e-01,3.678774802929372228e-02,5.000000000000000000e-01
5.971000803455056571e-01,3.594551397046689967e-02,5.000000000000000000e-01
5.971797235179137076e-01,3.510453241744100616e-02,5.000000000000000000e-01
5.972578499651653994e-01,3.426455598845685319e-02,5.000000000000000000e-01
5.973345468250650381e-01,3.342515598546903777e-02,5.000000000000000000e-01
5.974098810791708125e-01,3.258590635952957060e-02,5.000000000000000000e-01
5.974838226566360211e-01,3.174677062065160704e-02,5.000000000000000000e-01
5.975562077436489261e-01,3.090837023923563229e-02,5.000000000000000000e-01
5.976270185309680016e-01,3.007082909719146005e-02,5.000000000000000000e-01
5.976961907263820262e-01,2.923452494971780224e-02,5.000000000000000000e-01
5.977638295267462265e-01,2.839908746736111850e-02,5.000000000000000000e-01
5.978300403579435152e-01,2.756403912107326451e-02,5.000000000000000000e-01
5.978948364000460369e-01,2.672923308568971035e-02,5.000000000000000000e-01
5.979583679542996855e-01,2.589382005644381979e-02,5.000000000000000000e-01
5.980205418612731805e-01,2.505802227666075951e-02,5.000000000000000000e-01
5.980812164965475519e-01,2.422243257053485060e-02,5.000000000000000000e-01
5.981403985006605861e-01,2.338705164538653486e-02,5.000000000000000000e-01
5.981980758039353585e-01,2.255197944568029106e-02,5.000000000000000000e-01
5.982543529244103153e-01,2.171669468346915793e-02,5.000000000000000000e-01
5.983093699431603074e-01,2.088033893340842523e-02,5.000000000000000000e-01
5.983630378095732283e-01,2.004314717596272083e-02,5.000000000000000000e-01
5.984151745189534299e-01,1.920601842627634587e-02,5.000000000000000000e-01
5.984658150051264114e-01,1.836885813944711190e-02,5.000000000000000000e-01
5.985151226819327430e-01,1.753076388732217189e-02,5.000000000000000000e-01
5.985630579118756955e-01,1.669180207890688661e-02,5.000000000000000000e-01
5.986096179334612355e-01,1.585186462052392414e-02,5.000000000000000000e-01
5.986548710058514633e-01,1.501040535971844871e-02,5.000000000000000000e-01
5.986987717643739160e-01,1.416747491215249524e-02,5.000000000000000000e-01
5.987411290455086910e-01,1.332415366796338776e-02,5.000000000000000000e-01
5.987818807699778478e-01,1.248100554079177756e-02,5.000000000000000000e-01
5.988212568816800863e-01,1.163675266396513135e-02,5.000000000000000000e-01
5.988593183579302703e-01,1.079083701639024957e-02,5.000000000000000000e-01
5.988959385091534582e-01,9.943881855419174631e-03,5.000000000000000000e-01
5.989310958283311503e-01,9.096001937323934874e-03,5.000000000000000000e-01
5.989648420566942022e-01,8.246822837785697594e-03,5.000000000000000000e-01
5.989970627066590891e-01,7.397098058610820578e-03,5.000000000000000000e-01
5.990276514716668110e-01,6.547775284788210845e-03,5.000000000000000000e-01
5.990566652310922446e-01,5.698795919563058934e-03,5.000000000000000000e-01
5.990841744141145453e-01,4.849877479115390425e-03,5.000000000000000000e-01
5.991102554694749394e-01,4.000515498071132575e-03,5.000000000000000000e-01
5.991349077545551349e-01,3.150657173597404964e-03,5.000000000000000000e-01
5.991580192039037689e-01,2.301198583432301562e-03,5.000000000000000000e-01
5.991795191393014530e-01,1.453003526055500830e-03,5.000000000000000000e-01
5.991994678412808639e-01,6.059927283358565453e-04,5.000000000000000000e-01
5.992179933527088664e-01,-2.406806177130110108e-04,5.000000000000000000e-01
5.992350795501993899e-01,-1.086883675041755426e-03,5.000000000000000000e-01
5.992507123965721272e-01,-1.932457369287697915e-03,5.000000000000000000e-01
5.992648835403431296e-01,-2.777227209412284556e-03,5.000000000000000000e-01
5.992775687486826541e-01,-3.620815331044099569e-03,5.000000000000000000e-01
5.992887863131162174e-01,-4.463162202106494419e-03,5.000000000000000000e-01
5.992985195821074473e-01,-5.303861468582941538e-03,5.000000000000000000e-01
5.993067925713524424e-01,-6.142845098695908293e-03,5.000000000000000000e-01
5.993136194383703597e-01,-6.979972255788372340e-03,5.000000000000000000e-01
5.993190136710301319e-01,-7.815102215608491984e-03,5.000000000000000000e-01
5.993230535616628218e-01,-8.648905823455078565e-03,5.000000000000000000e-01
5.993257502343110055e-01,-9.481544339491465925e-03,5.000000000000000000e-01
5.993271020525148263e-01,-1.031308179945227693e-02,5.000000000000000000e-01
5.993271296723108321e-01,-1.114386244757967909e-02,5.000000000000000000e-01
5.993257612895317443e-01,-1.197303649497020311e-02,5.000000000000000000e-01
5.993230062216884368e-01,-1.280047112036052787e-02,5.000000000000000000e-01
5.993188854436684032e-01,-1.362616998204625382e-02,5.000000000000000000e-01
5.993134020454498057e-01,-1.444992672860343635e-02,5.000000000000000000e-01
5.993065842163487478e-01,-1.527186674743732930e-02,5.000000000000000000e-01
5.992984159704681790e-01,-1.609146905420171317e-02,5.000000000000000000e-01
5.992889389117403987e-01,-1.690900655085120913e-02,5.000000000000000000e-01
5.992781833956226656e-01,-1.772478327086940419e-02,5.000000000000000000e-01
5.992661331871785846e-01,-1.853838963958246225e-02,5.000000000000000000e-01
5.992528188489651964e-01,-1.935012987099944681e-02,5.000000000000000000e-01
5.992382673842402419e-01,-2.016048951877138021e-02,5.000000000000000000e-01
5.992224379345589824e-01,-2.096862292081195719e-02,5.000000000000000000e-01
5.992053374740169414e-01,-2.177417866589344969e-02,5.000000000000000000e-01
5.991870278272417583e-01,-2.257810745748379394e-02,5.000000000000000000e-01
5.991674980170036413e-01,-2.338017321185384065e-02,5.000000000000000000e-01
5.991467359601184706e-01,-2.417977607611626611e-02,5.000000000000000000e-01
5.991247922042378660e-01,-2.497791320482828370e-02,5.000000000000000000e-01
5.991016692469260940e-01,-2.577493525620302983e-02,5.000000000000000000e-01
5.990773213581777057e-01,-2.656936531833757262e-02,5.000000000000000000e-01
5.990517814981384248e-01,-2.736123350881290717e-02,5.000000000000000000e-01
5.990250891729627103e-01,-2.815128038884204958e-02,5.000000000000000000e-01
5.989972393608899992e-01,-2.893902877843207433e-02,5.000000000000000000e-01
5.989682480345515092e-01,-2.972447192108332650e-02,5.000000000000000000e-01
5.989381330156242633e-01,-3.050784794793096055e-02,5.000000000000000000e-01
5.989069016570052195e-01,-3.128917536361378732e-02,5.000000000000000000e-01
5.988745626382756537e-01,-3.206856428178404134e-02,5.000000000000000000e-01
5.988411213539810429e-01,-3.284596799459011535e-02,5.000000000000000000e-01
5.988065859814516445e-01,-3.362174605575381225e-02,5.000000000000000000e-01
5.987709557827094464e-01,-3.439619540877145859e-02,5.000000000000000000e-01
5.987342276045795053e-01,-3.516905118629714416e-02,5.000000000000000000e-01
5.986964077871094192e-01,-3.594017589448070954e-02,5.000000000000000000e-01
5.986575064546283409e-01,-3.670958259435132959e-02,5.000000000000000000e-01
5.986175365391569470e-01,-3.747695376691791147e-02,5.000000000000000000e-01
5.985765089702800301e-01,-3.824266710400279351e-02,5.000000000000000000e-01
5.985344290936962519e-01,-3.900677545371179777e-02,5.000000000000000000e-01
5.984913102923081762e-01,-3.976883912882205746e-02,5.000000000000000000e-01
5.984471715245915924e-01,-4.052873890167479898e-02,5.000000000000000000e-01
5.984020352790566655e-01,-4.128622809044941305e-02,5.000000000000000000e-01
5.983559272519515249e-01,-4.204108231142803659e-02,5.000000000000000000e-01
5.983088732567070078e-01,-4.279314990909597466e-02,5.000000000000000000e-01
5.982609095564072055e-01,-4.354194720321157008e-02,5.000000000000000000e-01
5.982120601775580138e-01,-4.428758700556246347e-02,5.000000000000000000e-01
5.981623422069004548e-01,-4.503019697585478043e-02,5.000000000000000000e-01
5.981117992959232854e-01,-4.576900612330852408e-02,5.000000000000000000e-01
5.980604716077193572e-01,-4.650375609756738499e-02,5.000000000000000000e-01
5.980083812631260543e-01,-4.723463343546745186e-02,5.000000000000000000e-01
5.979555283825768175e-01,-4.796212854205671172e-02,5.000000000000000000e-01
5.979019198599431206e-01,-4.868630831679369997e-02,5.000000000000000000e-01
5.978475670611370640e-01,-4.940714254401849803e-02,5.000000000000000000e-01
5.977924693452567606e-01,-5.012488902975695271e-02,5.000000000000000000e-01
5.977366438950061367e-01,-5.083937632919907634e-02,5.000000000000000000e-01
5.976801222049098472e-01,-5.155026261417639671e-02,5.000000000000000000e-01
5.976229045701237919e-01,-5.225788944148183901e-02,5.000000000000000000e-01
5.975649834614202849e-01,-5.296259214935300497e-02,5.000000000000000000e-01
5.975064061765265055e-01,-5.366369756473179931e-02,5.000000000000000000e-01
5.974471825516221024e-01,-5.436136797458783476e-02,5.000000000000000000e-01
5.973872772516144458e-01,-5.505640358263745593e-02,5.000000000000000000e-01
5.973267033127569459e-01,-5.574863104080174381e-02,5.000000000000000000e-01
5.972654735916933522e-01,-5.643798632896138145e-02,5.000000000000000000e-01
5.972035957135783946e-01,-5.712451949599275935e-02,5.000000000000000000e-01
5.971410753511435798e-01,-5.780830099529618571e-02,5.000000000000000000e-01
5.970779104017299721e-01,-5.848949713136579465e-02,5.000000000000000000e-01
5.970140977402567106e-01,-5.916825861480393134e-02,5.000000000000000000e-01
5.969496407067715893e-01,-5.984463662357608627e-02,5.000000000000000000e-01
5.968845321049551789e-01,-6.051882023139498745e-02,5.000000000000000000e-01
5.968187638787931792e-01,-6.119098678638171945e-02,5.000000000000000000e-01
5.967523411306547843e-01,-6.186113886782415583e-02,5.000000000000000000e-01
5.966852884334482576e-01,-6.252907409543957684e-02,5.000000000000000000e-01
5.966176117631007969e-01,-6.319484446036857661e-02,5.000000000000000000e-01
5.965492642766130338e-01,-6.385908003534113142e-02,5.000000000000000000e-01
5.964802667516977408e-01,-6.452156952269730295e-02,5.000000000000000000e-01
5.964106618831467310e-01,-6.518192591443967843e-02,5.000000000000000000e-01
5.963404425641951612e-01,-6.584035484877626132e-02,5.000000000000000000e-01
5.962696196493271206e-01,-6.649682839333581619e-02,5.000000000000000000e-01
5.961981964583029647e-01,-6.715139914061113435e-02,5.000000000000000000e-01
5.961261680830378662e-01,-6.780419485423215542e-02,5.000000000000000000e-01
5.960535449621114923e-01,-6.845517806723697141e-02,5.000000000000000000e-01
5.959803696531562611e-01,-6.910401452760539520e-02,5.000000000000000000e-01
5.959066904876673121e-01,-6.975035429722155345e-02,5.000000000000000000e-01
5.958325467058270819e-01,-7.039395987674050559e-02,5.000000000000000000e-01
5.957579508766497334e-01,-7.103484174383523087e-02,5.000000000000000000e-01
5.956829105229177745e-01,-7.167304025020312941e-02,5.000000000000000000e-01
5.956074770874366653e-01,-7.230819296729354417e-02,5.000000000000000000e-01
5.955316738717080227e-01,-7.294021657384486268e-02,5.000000000000000000e-01
5.954554981784723200e-01,-7.356924764661512683e-02,5.000000000000000000e-01
5.953789506185533931e-01,-7.419537425868105718e-02,5.000000000000000000e-01
5.953020388740808411e-01,-7.481861946469883784e-02,5.000000000000000000e-01
5.952247417695158971e-01,-7.543924429222524652e-02,5.000000000000000000e-01
5.951470298007415227e-01,-7.605756131945207166e-02,5.000000000000000000e-01
5.950689148501486780e-01,-7.667353359908207766e-02,5.000000000000000000e-01
5.949904048853200678e-01,-7.728716677956024017e-02,5.000000000000000000e-01
5.949114882859906084e-01,-7.789862097981811728e-02,5.000000000000000000e-01
5.948321602932693519e-01,-7.850799443166972535e-02,5.000000000000000000e-01
5.947524536531332284e-01,-7.911509611833958400e-02,5.000000000000000000e-01
5.946723942003745433e-01,-7.971979704998208294e-02,5.000000000000000000e-01
5.945919944073552177e-01,-8.032207267302063358e-02,5.000000000000000000e-01
5.945112647652682769e-01,-8.092191110266581944e-02,5.000000000000000000e-01
5.944302087532495893e-01,-8.151935237564938985e-02,5.000000000000000000e-01
5.943488314104945491e-01,-8.211442283079034565e-02,5.000000000000000000e-01
5.942671361067838331e-01,-8.270716019896731663e-02,5.000000000000000000e-01
5.941851382007039550e-01,-8.329751614398028803e-02,5.000000000000000000e-01
5.941028444533099639e-01,-8.388550158011809366e-02,5.000000000000000000e-01
5.940202555410625251e-01,-8.447117070115450765e-02,5.000000000000000000e-01
5.939373951846569355e-01,-8.505442001516527739e-02,5.000000000000000000e-01
5.938543031487673041e-01,-8.563503365255259459e-02,5.000000000000000000e-01
5.937709930800152414e-01,-8.621297206059241880e-02,5.000000000000000000e-01
5.936874502872983017e-01,-8.678839502585858345e-02,5.000000000000000000e-01
5.936036629962887501e-01,-8.736144524576364145e-02,5.000000000000000000e-01
5.935196312331414426e-01,-8.793217870517849866e-02,5.000000000000000000e-01
5.934353679168773432e-01,-8.850056582597431998e-02,5.000000000000000000e-01
5.933509030568198117e-01,-8.906646148151368958e-02,5.000000000000000000e-01
5.932662741731613565e-01,-8.962967044623396107e-02,5.000000000000000000e-01
5.931815211203357308e-01,-9.018999022393278664e-02,5.000000000000000000e-01
5.930966940114539288e-01,-9.074715319960288684e-02,5.000000000000000000e-01
5.930118368282046859e-01,-9.130093150961468562e-02,5.000000000000000000e-01
5.929269636256946363e-01,-9.185129815005541043e-02,5.000000000000000000e-01
5.928420673244299000e-01,-9.239836851943709906e-02,5.000000000000000000e-01
5.927571467132881633e-01,-9.294221570120587972e-02,5.000000000000000000e-01
5.926722014042007380e-01,-9.348290851021175130e-02,5.000000000000000000e-01
5.925872499625037815e-01,-9.402039209257240238e-02,5.000000000000000000e-01
5.925023282889059217e-01,-9.455449780544236682e-02,5.000000000000000000e-01
5.924174483874941055e-01,-9.508521261551779180e-02,5.000000000000000000e-01
5.923326143298710544e-01,-9.561257429466549218e-02,5.000000000000000000e-01
5.922478331132591256e-01,-9.613660295486378682e-02,5.000000000000000000e-01
5.921631432648906124e-01,-9.665712038267319783e-02,5.000000000000000000e-01
5.920785919831194066e-01,-9.717389638488321824e-02,5.000000000000000000e-01
5.919941874214400546e-01,-9.768694636267497011e-02,5.000000000000000000e-01
5.919099554211341152e-01,-9.819617586822239341e-02,5.000000000000000000e-01
5.918259216758436914e-01,-9.870149169550043733e-02,5.000000000000000000e-01
5.917420680276568312e-01,-9.920306678713997073e-02,5.000000000000000000e-01
5.916583871160159269e-01,-9.970100476109958199e-02,5.000000000000000000e-01
5.915748638727260644e-01,-1.001954524125361207e-01,5.000000000000000000e-01
5.914914818509252603e-01,-1.006865611458971632e-01,5.000000000000000000e-01
5.914082426673239468e-01,-1.011743721900863480e-01,5.000000000000000000e-01
5.913251354952775429e-01,-1.016589983443041134e-01,5.000000000000000000e-01
5.912421490786583522e-01,-1.021405523639505597e-01,5.000000000000000000e-01
5.911593081805270877e-01,-1.026189353705468515e-01,5.000000000000000000e-01
5.910766190805477605e-01,-1.030941564178080860e-01,5.000000000000000000e-01
5.909940621081903878e-01,-1.035663730530729520e-01,5.000000000000000000e-01
5.909116860395293713e-01,-1.040353482874316893e-01,5.000000000000000000e-01
5.908294899881153528e-01,-1.045011311260130166e-01,5.000000000000000000e-01
5.907474733499937791e-01,-1.049637675354735122e-01,5.000000000000000000e-01
5.906656567220617271e-01,-1.054231824725927469e-01,5.000000000000000000e-01
5.905840262131201168e-01,-1.058794950656534173e-01,5.000000000000000000e-01
5.905025746057215308e-01,-1.063327848069209186e-01,5.000000000000000000e-01
5.904213079358064942e-01,-1.067830556094683525e-01,5.000000000000000000e-01
5.903402402374899882e-01,-1.072302663281904933e-01,5.000000000000000000e-01
5.902593583784558895e-01,-1.076745262831060035e-01,5.000000000000000000e-01
5.901786799997690292e-01,-1.081157731750368722e-01,5.000000000000000000e-01
5.900982027043092382e-01,-1.085540552998548181e-01,5.000000000000000000e-01
5.900179368577367356e-01,-1.089893501064953529e-01,5.000000000000000000e-01
5.899379071486242632e-01,-1.094215564267510543e-01,5.000000000000000000e-01
5.898581216570771835e-01,-1.098506640217152691e-01,5.000000000000000000e-01
5.897785989630663916e-01,-1.102766046441394088e-01,5.000000000000000000e-01
5.896993197374815754e-01,-1.106995156620241283e-01,5.000000000000000000e-01
5.896202348475464428e-01,-1.111196950558151764e-01,5.000000000000000000e-01
5.895413615290082676e-01,-1.115370810075272112e-01,5.000000000000000000e-01
5.894627385101065542e-01,-1.119514968055338455e-01,5.000000000000000000e-01
5.893843536355788393e-01,-1.123630418531290226e-01,5.000000000000000000e-01
5.893062079527394692e-01,-1.127717462773998591e-01,5.000000000000000000e-01
5.892284373910945394e-01,-1.131769177716908104e-01,5.000000000000000000e-01
5.891511263567290602e-01,-1.135781412268440649e-01,5.000000000000000000e-01
5.890741883036226811e-01,-1.139759160974767593e-01,5.000000000000000000e-01
5.889976616237135865e-01,-1.143700744798399754e-01,5.000000000000000000e-01
5.889216710281479639e-01,-1.147599872377258745e-01,5.000000000000000000e-01
5.888461498671467842e-01,-1.151460417071274583e-01,5.000000000000000000e-01
5.887710216298798205e-01,-1.155286777957078986e-01,5.000000000000000000e-01
5.886963070375087481e-01,-1.159078203901929005e-01,5.000000000000000000e-01
5.886220774360242380e-01,-1.162831252641476354e-01,5.000000000000000000e-01
5.885483099081243452e-01,-1.166547466420867485e-01,5.000000000000000000e-01
5.884749655111445321e-01,-1.170229248327532279e-01,5.000000000000000000e-01
5.884021329893209806e-01,-1.173872252839430752e-01,5.000000000000000000e-01
5.883298326595388650e-01,-1.177475725096886194e-01,5.000000000000000000e-01
5.882580133236710029e-01,-1.181042686152030396e-01,5.000000000000000000e-01
5.881866672873068413e-01,-1.184573887165142059e-01,5.000000000000000000e-01
5.881158274797624319e-01,-1.188067945517071733e-01,5.000000000000000000e-01
5.880455186178914495e-01,-1.191523909271179626e-01,5.000000000000000000e-01
5.879757566692982440e-01,-1.194941283643826402e-01,5.000000000000000000e-01
5.879066307487179621e-01,-1.198315691782331771e-01,5.000000000000000000e-01
5.878381803988346199e-01,-1.201645304576108297e-01,5.000000000000000000e-01
5.877702720849956597e-01,-1.204937416514525461e-01,5.000000000000000000e-01
5.877029192078986330e-01,-1.208191630775843350e-01,5.000000000000000000e-01
5.876362910773055281e-01,-1.211399268196662049e-01,5.000000000000000000e-01
5.875703173826465342e-01,-1.214564181175614432e-01,5.000000000000000000e-01
5.875048252004950733e-01,-1.217695711939272007e-01,5.000000000000000000e-01
5.874399109791139661e-01,-1.220789044283858565e-01,5.000000000000000000e-01
5.873756473441658077e-01,-1.223840534858817719e-01,5.000000000000000000e-01
5.873118804514110280e-01,-1.226858501950440217e-01,5.000000000000000000e-01
5.872486557693799014e-01,-1.229840804056121228e-01,5.000000000000000000e-01
5.871860335810639153e-01,-1.232784458260728633e-01,5.000000000000000000e-01
5.871239847776350551e-01,-1.235691178310777683e-01,5.000000000000000000e-01
5.870624129147843373e-01,-1.238566317154037449e-01,5.000000000000000000e-01
5.870012947305782713e-01,-1.241411442360488143e-01,5.000000000000000000e-01
5.869407658519592008e-01,-1.244219643720667900e-01,5.000000000000000000e-01
5.868808655967846510e-01,-1.246989021632606276e-01,5.000000000000000000e-01
5.868215080718259813e-01,-1.249724360845629045e-01,5.000000000000000000e-01
5.867628012429002560e-01,-1.252420092249971473e-01,5.000000000000000000e-01
5.867047713071253945e-01,-1.255074904577217765e-01,5.000000000000000000e-01
5.866472929866012320e-01,-1.257695619400388543e-01,5.000000000000000000e-01
5.865904074499683762e-01,-1.260280200993126876e-01,5.000000000000000000e-01
5.865341157141669148e-01,-1.262828725891132764e-01,5.000000000000000000e-01
5.864784585624247537e-01,-1.265339072691913647e-01,5.000000000000000000e-01
5.864234203480354068e-01,-1.267812115883942825e-01,5.000000000000000000e-01
5.863688400720821203e-01,-1.270256698839812015e-01,5.000000000000000000e-01
5.863147395669310313e-01,-1.272671903827885809e-01,5.000000000000000000e-01
5.862612048782189778e-01,-1.275053256560653436e-01,5.000000000000000000e-01
5.862082427011749974e-01,-1.277400504150884575e-01,5.000000000000000000e-01
5.861558992234014998e-01,-1.279711172562585930e-01,5.000000000000000000e-01
5.861041705160003890e-01,-1.281985455263072171e-01,5.000000000000000000e-01
5.860530779115462607e-01,-1.284222090932752025e-01,5.000000000000000000e-01
5.860025922257185993e-01,-1.286422555474031060e-01,5.000000000000000000e-01
5.859525957994320411e-01,-1.288593288029673267e-01,5.000000000000000000e-01
5.859030812802245025e-01,-1.290734747636580471e-01,5.000000000000000000e-01
5.858540341848303967e-01,-1.292847797422765344e-01,5.000000000000000000e-01
5.858054663642024984e-01,-1.294931827861170448e-01,5.000000000000000000e-01
5.857574696058635011e-01,-1.296981627529286696e-01,5.000000000000000000e-01
5.857100245633122260e-01,-1.298998078607077056e-01,5.000000000000000000e-01
5.856630000639118094e-01,-1.300988455022093204e-01,5.000000000000000000e-01
5.856163823248339284e-01,-1.302953571136564737e-01,5.000000000000000000e-01
5.855701836625336609e-01,-1.304892756968204504e-01,5.000000000000000000e-01
5.855244071568042052e-01,-1.306805835847664743e-01,5.000000000000000000e-01
5.854791275105233339e-01,-1.308688419076920462e-01,5.000000000000000000e-01
5.854343328565128068e-01,-1.310540952872711329e-01,5.000000000000000000e-01
5.853899518990077766e-01,-1.312367335041787209e-01,5.000000000000000000e-01
5.853460681609594651e-01,-1.314162471648216146e-01,5.000000000000000000e-01
5.853026165482417831e-01,-1.315929787465972278e-01,5.000000000000000000e-01
5.852594799984069951e-01,-1.317675918773586197e-01,5.000000000000000000e-01
5.852167334680405952e-01,-1.319396304523586250e-01,5.000000000000000000e-01
5.851743602047898563e-01,-1.321091649413080604e-01,5.000000000000000000e-01
5.851322472726625534e-01,-1.322768468546462184e-01,5.000000000000000000e-01
5.850904824460941844e-01,-1.324421389752361844e-01,5.000000000000000000e-01
5.850490580634173376e-01,-1.326050573597432336e-01,5.000000000000000000e-01
5.850079391925082639e-01,-1.327657806878302926e-01,5.000000000000000000e-01
5.849671777181009169e-01,-1.329239581148370097e-01,5.000000000000000000e-01
5.849267430543469981e-01,-1.330797258893978707e-01,5.000000000000000000e-01
5.848866018548233292e-01,-1.332332406148805104e-01,5.000000000000000000e-01
5.848467381785835695e-01,-1.333845526538605386e-01,5.000000000000000000e-01
5.848070723284209960e-01,-1.335341169064470368e-01,5.000000000000000000e-01
5.847675307582167470e-01,-1.336823727014990748e-01,5.000000000000000000e-01
5.847281466122238314e-01,-1.338291025467949202e-01,5.000000000000000000e-01
5.846889212355150800e-01,-1.339742796718577378e-01,5.000000000000000000e-01
5.846498935728254853e-01,-1.341176301149421268e-01,5.000000000000000000e-01
5.846111057943106371e-01,-1.342588380544940674e-01,5.000000000000000000e-01
5.845724150322920698e-01,-1.343987876770351697e-01,5.000000000000000000e-01
5.845337599494540015e-01,-1.345378761713025006e-01,5.000000000000000000e-01
5.844952328372938766e-01,-1.346755040993350694e-01,5.000000000000000000e-01
5.844568101545370986e-01,-1.348118113925014794e-01,5.000000000000000000e-01
5.844185589948673876e-01,-1.349463321622607348e-01,5.000000000000000000e-01
5.843804928601465942e-01,-1.350789335517624257e-01,5.000000000000000000e-01
5.843424950952942343e-01,-1.352103711705391065e-01,5.000000000000000000e-01
5.843043966983991755e-01,-1.353418220500905433e-01,5.000000000000000000e-01
5.842663341891213280e-01,-1.354724090929623204e-01,5.000000000000000000e-01
5.842284356840352633e-01,-1.356012589812246316e-01,5.000000000000000000e-01
5.841905755164207292e-01,-1.357292418913514376e-01,5.000000000000000000e-01
5.841527053065256325e-01,-1.358567438273577677e-01,5.000000000000000000e-01
5.841148420989079604e-01,-1.359837117135349882e-01,5.000000000000000000e-01
5.840769917796251320e-01,-1.361101795288348626e-01,5.000000000000000000e-01
5.840392026067532383e-01,-1.362358765018432671e-01,5.000000000000000000e-01
5.840015309615841366e-01,-1.363604603025959372e-01,5.000000000000000000e-01
5.839640887593131602e-01,-1.364831448711591178e-01,5.000000000000000000e-01
5.839270373039699980e-01,-1.366027114986491930e-01,5.000000000000000000e-01
5.838902832651802211e-01,-1.367197779470972485e-01,5.000000000000000000e-01
5.838537190765931140e-01,-1.368351188860477685e-01,5.000000000000000000e-01
5.838173000033193283e-01,-1.369490860763981077e-01,5.000000000000000000e-01
5.837810328578378893e-01,-1.370616594663923438e-01,5.000000000000000000e-01
5.837448672710081610e-01,-1.371732752397294419e-01,5.000000000000000000e-01
5.837089206140142483e-01,-1.372830656118199377e-01,5.000000000000000000e-01
5.836732665144646059e-01,-1.373904471505890124e-01,5.000000000000000000e-01
5.836378072194942090e-01,-1.374961738572740289e-01,5.000000000000000000e-01
5.836025871147888511e-01,-1.375999007511098660e-01,5.000000000000000000e-01
5.835676913072219696e-01,-1.377009071471114177e-01,5.000000000000000000e-01
5.835331897035872517e-01,-1.377985288779472184e-01,5.000000000000000000e-01
5.834990444331833448e-01,-1.378929422229248081e-01,5.000000000000000000e-01
5.834651987762081715e-01,-1.379844939035312357e-01,5.000000000000000000e-01
5.834315789603419233e-01,-1.380737043594476854e-01,5.000000000000000000e-01
5.833980534746868729e-01,-1.381616551957914329e-01,5.000000000000000000e-01
5.833645858170959375e-01,-1.382486893087173374e-01,5.000000000000000000e-01
5.833313572575140604e-01,-1.383332216699560135e-01,5.000000000000000000e-01
5.832983640118427626e-01,-1.384151887888251664e-01,5.000000000000000000e-01
5.832655455351496432e-01,-1.384950350776106842e-01,5.000000000000000000e-01
5.832329158689969484e-01,-1.385725526695500975e-01,5.000000000000000000e-01
5.832002929685159431e-01,-1.386493781930916436e-01,5.000000000000000000e-01
5.831676595333119550e-01,-1.387257424527688632e-01,5.000000000000000000e-01
5.831352055702687665e-01,-1.387998806504878169e-01,5.000000000000000000e-01
5.831028716103526799e-01,-1.388722975390427883e-01,5.000000000000000000e-01
5.830705499154203997e-01,-1.389440435002901042e-01,5.000000000000000000e-01
5.830382953401371804e-01,-1.390146375380432175e-01,5.000000000000000000e-01
5.830061421898922180e-01,-1.390837565998222503e-01,5.000000000000000000e-01
5.829740526395801314e-01,-1.391517990557599449e-01,5.000000000000000000e-01
5.829420168806749292e-01,-1.392189178980896558e-01,5.000000000000000000e-01
5.829100693142261758e-01,-1.392848070816902761e-01,5.000000000000000000e-01
5.828782805167334047e-01,-1.393487183974136678e-01,5.000000000000000000e-01
5.828466940343768332e-01,-1.394101025882386047e-01,5.000000000000000000e-01
5.828153117948958739e-01,-1.394688013372828717e-01,5.000000000000000000e-01
5.827840382290461196e-01,-1.395257695214167093e-01,5.000000000000000000e-01
5.827528012980685013e-01,-1.395818144668247718e-01,5.000000000000000000e-01
5.827215599945101410e-01,-1.396375021370492575e-01,5.000000000000000000e-01
5.826903708447046526e-01,-1.396922727555035826e-01,5.000000000000000000e-01
5.826593236508512685e-01,-1.397450768086508643e-01,5.000000000000000000e-01
5.826283992156440217e-01,-1.397960816740275725e-01,5.000000000000000000e-01
5.825975729228212163e-01,-1.398455620584869163e-01,5.000000000000000000e-01
5.825668268163308738e-01,-1.398937356509249719e-01,5.000000000000000000e-01
5.825361821112604588e-01,-1.399403334612099870e-01,5.000000000000000000e-01
5.825056540434503383e-01,-1.399851067462853371e-01,5.000000000000000000e-01
5.824752699808379841e-01,-1.400275955283565299e-01,5.000000000000000000e-01
5.824449418683541602e-01,-1.400689303442869682e-01,5.000000000000000000e-01
5.824146019463407598e-01,-1.401101597075076755e-01,5.000000000000000000e-01
5.823843124411212102e-01,-1.401505367366061572e-01,5.000000000000000000e-01
5.823541597539803050e-01,-1.401887997746021908e-01,5.000000000000000000e-01
5.823240863537513246e-01,-1.402257397139662909e-01,5.000000000000000000e-01
5.822941068667704112e-01,-1.402611114789450442e-01,5.000000000000000000e-01
5.822642247505995794e-01,-1.402948131951362032e-01,5.000000000000000000e-01
5.822344020907310735e-01,-1.403274297899853862e-01,5.000000000000000000e-01
5.822046625963628319e-01,-1.403585735318279015e-01,5.000000000000000000e-01
5.821750421694915634e-01,-1.403875276779755765e-01,5.000000000000000000e-01
5.821455232581180805e-01,-1.404144180337107695e-01,5.000000000000000000e-01
5.821160454194707068e-01,-1.404402336388599071e-01,5.000000000000000000e-01
5.820866558368114063e-01,-1.404640128374501085e-01,5.000000000000000000e-01
5.820573424117105876e-01,-1.404857932176519775e-01,5.000000000000000000e-01
5.820280428933923833e-01,-1.405066885752697392e-01,5.000000000000000000e-01
5.819987950069874794e-01,-1.405258736703672295e-01,5.000000000000000000e-01
5.819696228275745842e-01,-1.405425711264731703e-01,5.000000000000000000e-01
5.819404722743319880e-01,-1.405576760479400056e-01,5.000000000000000000e-01
5.819112821652543399e-01,-1.405725470424544765e-01,5.000000000000000000e-01
5.818820883321778048e-01,-1.405864157519867708e-01,5.000000000000000000e-01
5.818529137427641551e-01,-1.405985898823707003e-01,5.000000000000000000e-01
5.818237428640588016e-01,-1.406092305102341067e-01,5.000000000000000000e-01
5.817945752949248428e-01,-1.406180713856482467e-01,5.000000000000000000e-01
5.817654103505636165e-01,-1.406247196416775258e-01,5.000000000000000000e-01
5.817361858906300309e-01,-1.406307622111656053e-01,5.000000000000000000e-01
5.817068848392983327e-01,-1.406368528900285297e-01,5.000000000000000000e-01
5.816775186485702021e-01,-1.406429208267412911e-01,5.000000000000000000e-01
5.816481103382518114e-01,-1.406482862518591836e-01,5.000000000000000000e-01
5.816186938886082070e-01,-1.406513910965963565e-01,5.000000000000000000e-01
5.815892388725870665e-01,-1.406528082536699920e-01,5.000000000000000000e-01
5.815597319913090590e-01,-1.406525678610516805e-01,5.000000000000000000e-01
5.815301452301738783e-01,-1.406516293154798369e-01,5.000000000000000000e-01
5.815004671454007124e-01,-1.406506677347724166e-01,5.000000000000000000e-01
5.814707108608048181e-01,-1.406491576643165153e-01,5.000000000000000000e-01
5.814408691635172266e-01,-1.406478587932355195e-01,5.000000000000000000e-01
5.814109543329921692e-01,-1.406464099667629752e-01,5.000000000000000000e-01
5.813809828615963404e-01,-1.406433282411880259e-01,5.000000000000000000e-01
5.813509414604123293e-01,-1.406386929602907732e-01,5.000000000000000000e-01
5.813208170895980409e-01,-1.406327476905768759e-01,5.000000000000000000e-01
5.812905985918775942e-01,-1.406263268526575794e-01,5.000000000000000000e-01
5.812602860843714137e-01,-1.406198765826880415e-01,5.000000000000000000e-01
5.812298831252273867e-01,-1.406124183527915350e-01,5.000000000000000000e-01
5.811993788449881793e-01,-1.406027668869232194e-01,5.000000000000000000e-01
5.811687575220575441e-01,-1.405919785760491592e-01,5.000000000000000000e-01
5.811380197642876944e-01,-1.405814729648537376e-01,5.000000000000000000e-01
5.811071715259337189e-01,-1.405710030191303361e-01,5.000000000000000000e-01
5.810762148091492829e-01,-1.405602630452848778e-01,5.000000000000000000e-01
5.810451401172656016e-01,-1.405484067133308534e-01,5.000000000000000000e-01
5.810139277225410126e-01,-1.405346998711116402e-01,5.000000000000000000e-01
5.809825775467698517e-01,-1.405202997809705812e-01,5.000000000000000000e-01
5.809511008461447634e-01,-1.405061269801713975e-01,5.000000000000000000e-01
5.809194981292469251e-01,-1.404918782132520971e-01,5.000000000000000000e-01
5.808877867454846911e-01,-1.404782088091348358e-01,5.000000000000000000e-01
5.808559744131045477e-01,-1.404649871369592073e-01,5.000000000000000000e-01
5.808240664857453606e-01,-1.404519983476732459e-01,5.000000000000000000e-01
5.807920519123738190e-01,-1.404385831460528145e-01,5.000000000000000000e-01
5.807598883650442190e-01,-1.404232719439765520e-01,5.000000000000000000e-01
5.807275701428249448e-01,-1.404065375978973407e-01,5.000000000000000000e-01
5.806950933470995668e-01,-1.403887170208490687e-01,5.000000000000000000e-01
5.806624666576505334e-01,-1.403703917316341809e-01,5.000000000000000000e-01
5.806296896994935786e-01,-1.403516757224110845e-01,5.000000000000000000e-01
5.805967394541843296e-01,-1.403320408346596104e-01,5.000000000000000000e-01
5.805635927565093724e-01,-1.403111649655719440e-01,5.000000000000000000e-01
5.805302534305540885e-01,-1.402895034687315357e-01,5.000000000000000000e-01
5.804967302773814675e-01,-1.402674952038143463e-01,5.000000000000000000e-01
5.804630078563594031e-01,-1.402448970683530804e-01,5.000000000000000000e-01
5.804290914939563839e-01,-1.402219931699373312e-01,5.000000000000000000e-01
5.803949961567729243e-01,-1.401991874862101306e-01,5.000000000000000000e-01
5.803607007275283225e-01,-1.401760540245667319e-01,5.000000000000000000e-01
5.803262144741486717e-01,-1.401528601509788308e-01,5.000000000000000000e-01
5.802915339816516749e-01,-1.401295878274844420e-01,5.000000000000000000e-01
5.802566006133851317e-01,-1.401052243187800861e-01,5.000000000000000000e-01
5.802214237945985120e-01,-1.400802129531351636e-01,5.000000000000000000e-01
5.801860330743142669e-01,-1.400552337435800321e-01,5.000000000000000000e-01
5.801504511220655358e-01,-1.400306862485730663e-01,5.000000000000000000e-01
5.801146161571920645e-01,-1.400055523012701808e-01,5.000000000000000000e-01
5.800785052832648780e-01,-1.399796324181590002e-01,5.000000000000000000e-01
5.800421935893883552e-01,-1.399542637380398746e-01,5.000000000000000000e-01
5.800056825158543816e-01,-1.399294048019780745e-01,5.000000000000000000e-01
5.799689917851866827e-01,-1.399052790671483082e-01,5.000000000000000000e-01
5.799321153922387673e-01,-1.398817092711928667e-01,5.000000000000000000e-01
5.798950132795378520e-01,-1.398580880874314425e-01,5.000000000000000000e-01
5.798577158247164576e-01,-1.398348579936174452e-01,5.000000000000000000e-01
5.798203204682337297e-01,-1.398132328806562241e-01,5.000000000000000000e-01
5.797828454741096316e-01,-1.397931931823964691e-01,5.000000000000000000e-01
5.797451906541820632e-01,-1.397732527908757960e-01,5.000000000000000000e-01
5.797072668087299707e-01,-1.397523363912459571e-01,5.000000000000000000e-01
5.796690944712988847e-01,-1.397308640836495974e-01,5.000000000000000000e-01
5.796307009903332030e-01,-1.397092764840450474e-01,5.000000000000000000e-01
5.795920088263042391e-01,-1.396867504755422151e-01,5.000000000000000000e-01
5.795530564474029589e-01,-1.396638988967257022e-01,5.000000000000000000e-01
5.795138813807030331e-01,-1.396412386578420040e-01,5.000000000000000000e-01
5.794744531203949167e-01,-1.396184635044507294e-01,5.000000000000000000e-01
5.794349030383707522e-01,-1.395970182485713751e-01,5.000000000000000000e-01
5.793952170256966294e-01,-1.395766207053359964e-01,5.000000000000000000e-01
5.793553354970324420e-01,-1.395565516182227239e-01,5.000000000000000000e-01
5.793152307647349009e-01,-1.395365456880828525e-01,5.000000000000000000e-01
5.792747660040379332e-01,-1.395153052373186708e-01,5.000000000000000000e-01
5.792340079376248063e-01,-1.394937034148550081e-01,5.000000000000000000e-01
5.791930720218332329e-01,-1.394729479132181815e-01,5.000000000000000000e-01
5.791520001036865040e-01,-1.394533743135358828e-01,5.000000000000000000e-01
5.791107840395844919e-01,-1.394348089642587496e-01,5.000000000000000000e-01
5.790694197662166198e-01,-1.394171347923122417e-01,5.000000000000000000e-01
5.790278687858609885e-01,-1.393999504013751500e-01,5.000000000000000000e-01
5.789860089038378899e-01,-1.393821824757170147e-01,5.000000000000000000e-01
5.789438521892533718e-01,-1.393640714494338018e-01,5.000000000000000000e-01
5.789014260399135692e-01,-1.393459698492049981e-01,5.000000000000000000e-01
5.788587734136640961e-01,-1.393283036523064455e-01,5.000000000000000000e-01
5.788159863673136840e-01,-1.393118543503477635e-01,5.000000000000000000e-01
5.787730251571940876e-01,-1.392962171283125827e-01,5.000000000000000000e-01
5.787297989958533062e-01,-1.392806394002169545e-01,5.000000000000000000e-01
5.786862325124058071e-01,-1.392645957572816173e-01,5.000000000000000000e-01
5.786424111913226476e-01,-1.392488930452333296e-01,5.000000000000000000e-01
5.785983548833938395e-01,-1.392337346522513619e-01,5.000000000000000000e-01
5.785540718507807822e-01,-1.392192011213017611e-01,5.000000000000000000e-01
5.785096385748472736e-01,-1.392058822395461359e-01,5.000000000000000000e-01
5.784649483506383305e-01,-1.391929327879014577e-01,5.000000000000000000e-01
5.784201147185679126e-01,-1.391812179637426095e-01,5.000000000000000000e-01
5.783751869865731976e-01,-1.391710431025341699e-01,5.000000000000000000e-01
5.783299168014719438e-01,-1.391605351477326058e-01,5.000000000000000000e-01
5.782843524027253546e-01,-1.391501630086552088e-01,5.000000000000000000e-01
5.782387122180210337e-01,-1.391415236570054670e-01,5.000000000000000000e-01
5.781929296388126360e-01,-1.391340511381455036e-01,5.000000000000000000e-01
5.781467723014079851e-01,-1.391261149492234728e-01,5.000000000000000000e-01
5.781003852692866429e-01,-1.391188390413742593e-01,5.000000000000000000e-01
5.780540198520386364e-01,-1.391139165047885762e-01,5.000000000000000000e-01
5.780075663998214264e-01,-1.391104451610726267e-01,5.000000000000000000e-01
5.779608581282863478e-01,-1.391072527878083886e-01,5.000000000000000000e-01
5.779139701011613006e-01,-1.391048809189842084e-01,5.000000000000000000e-01
5.778668948974310382e-01,-1.391032809845338669e-01,5.000000000000000000e-01
5.778195339377847350e-01,-1.391018351896727012e-01,5.000000000000000000e-01
5.777719070300376680e-01,-1.391007483713557202e-01,5.000000000000000000e-01
5.777241170906308732e-01,-1.391007199021872254e-01,5.000000000000000000e-01
5.776762127035492966e-01,-1.391020297416201423e-01,5.000000000000000000e-01
5.776281877146662858e-01,-1.391045883332954758e-01,5.000000000000000000e-01
5.775801469455831283e-01,-1.391089773528167706e-01,5.000000000000000000e-01
5.775321173511654971e-01,-1.391152439182904432e-01,5.000000000000000000e-01
5.774840023802223499e-01,-1.391226870798930870e-01,5.000000000000000000e-01
5.774356999443710503e-01,-1.391306650652334165e-01,5.000000000000000000e-01
5.773871997120736399e-01,-1.391391410784954263e-01,5.000000000000000000e-01
5.773386100088606643e-01,-1.391487753518436676e-01,5.000000000000000000e-01
5.772899230715293761e-01,-1.391594816924492939e-01,5.000000000000000000e-01
5.772412669184703304e-01,-1.391719465702332681e-01,5.000000000000000000e-01
5.771926440328862817e-01,-1.391860719856020945e-01,5.000000000000000000e-01
5.771437772624631313e-01,-1.392002120246355334e-01,5.000000000000000000e-01
5.770946709585753620e-01,-1.392144738964798678e-01,5.000000000000000000e-01
5.770456106142848318e-01,-1.392304970479960047e-01,5.000000000000000000e-01
5.769966187466353258e-01,-1.392482931552189440e-01,5.000000000000000000e-01
5.769474537985030960e-01,-1.392664459532524934e-01,5.000000000000000000e-01
5.768980963197991585e-01,-1.392848979596561509e-01,5.000000000000000000e-01
5.768487724226384339e-01,-1.393049062209572586e-01,5.000000000000000000e-01
5.767993665928172753e-01,-1.393257832979773458e-01,5.000000000000000000e-01
5.767496396439326656e-01,-1.393462754240330781e-01,5.000000000000000000e-01
5.766998344009586219e-01,-1.393677876896195766e-01,5.000000000000000000e-01
5.766500689435223315e-01,-1.393909220480747946e-01,5.000000000000000000e-01
5.766001999840562053e-01,-1.394148597710978266e-01,5.000000000000000000e-01
5.765501527728271736e-01,-1.394392412736898401e-01,5.000000000000000000e-01
5.764997621744083478e-01,-1.394633053808660428e-01,5.000000000000000000e-01
5.764489397566088247e-01,-1.394867859887659600e-01,5.000000000000000000e-01
5.763978405577294684e-01,-1.395106707539051638e-01,5.000000000000000000e-01
5.763465448734269581e-01,-1.395354737864902273e-01,5.000000000000000000e-01
5.762950593050450987e-01,-1.395612795320598787e-01,5.000000000000000000e-01
5.762433907718522708e-01,-1.395881782693955131e-01,5.000000000000000000e-01
5.761913698784484339e-01,-1.396154023118356124e-01,5.000000000000000000e-01
5.761389872274615964e-01,-1.396430607013226799e-01,5.000000000000000000e-01
5.760864861837553530e-01,-1.396724504166427239e-01,5.000000000000000000e-01
5.760341062731018091e-01,-1.397046802065108340e-01,5.000000000000000000e-01
5.759817757952825357e-01,-1.397392442059980644e-01,5.000000000000000000e-01
5.759292990930441336e-01,-1.397751190639268948e-01,5.000000000000000000e-01
5.758766527864878082e-01,-1.398122077866076618e-01,5.000000000000000000e-01
5.758238096782308801e-01,-1.398504192899079346e-01,5.000000000000000000e-01
5.757707635753483988e-01,-1.398897649306174717e-01,5.000000000000000000e-01
5.757176357935538391e-01,-1.399308400158234267e-01,5.000000000000000000e-01
5.756643110976029654e-01,-1.399730971513304389e-01,5.000000000000000000e-01
5.756107770413783076e-01,-1.400165190623681999e-01,5.000000000000000000e-01
5.755571893814060980e-01,-1.400618432978568140e-01,5.000000000000000000e-01
5.755035541508808361e-01,-1.401090405450273746e-01,5.000000000000000000e-01
5.754498396584081243e-01,-1.401579138913175981e-01,5.000000000000000000e-01
5.753959762394464938e-01,-1.402081300332241320e-01,5.000000000000000000e-01
5.753419494953393443e-01,-1.402596380839534473e-01,5.000000000000000000e-01
5.752877775610276689e-01,-1.403125423741461431e-01,5.000000000000000000e-01
5.752333111678182842e-01,-1.403662223505003637e-01,5.000000000000000000e-01
5.751785873685975048e-01,-1.404209419230944833e-01,5.000000000000000000e-01
5.751237633069443689e-01,-1.404774455342713002e-01,5.000000000000000000e-01
5.750687402030795203e-01,-1.405352975211207056e-01,5.000000000000000000e-01
5.750134291168749190e-01,-1.405941696913435013e-01,5.000000000000000000e-01
5.749579181231350145e-01,-1.406545256790099063e-01,5.000000000000000000e-01
5.749021862309380282e-01,-1.407163200646816548e-01,5.000000000000000000e-01
5.748462497468391774e-01,-1.407796639943920403e-01,5.000000000000000000e-01
5.747902308159495988e-01,-1.408450883177701229e-01,5.000000000000000000e-01
5.747341428554391118e-01,-1.409125941677722704e-01,5.000000000000000000e-01
5.746779958642584951e-01,-1.409821620162323430e-01,5.000000000000000000e-01
5.746216817220131112e-01,-1.410533033068529507e-01,5.000000000000000000e-01
5.745651806990068611e-01,-1.411259517415578146e-01,5.000000000000000000e-01
5.745086102617962265e-01,-1.412005993349936539e-01,5.000000000000000000e-01
5.744518465850390054e-01,-1.412767129827268708e-01,5.000000000000000000e-01
5.743947602618106885e-01,-1.413538280285933368e-01,5.000000000000000000e-01
5.743374022849356830e-01,-1.414322726738473923e-01,5.000000000000000000e-01
5.742798744390128496e-01,-1.415125229197668477e-01,5.000000000000000000e-01
5.742221552852789790e-01,-1.415945111300508374e-01,5.000000000000000000e-01
5.741642489442029262e-01,-1.416782728405161507e-01,5.000000000000000000e-01
5.741062741129663305e-01,-1.417642756317474828e-01,5.000000000000000000e-01
5.740481311204252979e-01,-1.418520814842842703e-01,5.000000000000000000e-01
5.739897989060780414e-01,-1.419416170071253480e-01,5.000000000000000000e-01
5.739314966063105983e-01,-1.420337116983234060e-01,5.000000000000000000e-01
5.738732541727736836e-01,-1.421283334452256575e-01,5.000000000000000000e-01
5.738148598532559763e-01,-1.422245529256894736e-01,5.000000000000000000e-01
5.737562901116042280e-01,-1.423222956291587404e-01,5.000000000000000000e-01
5.736976558987718633e-01,-1.424219963330984329e-01,5.000000000000000000e-01
5.736388337104543211e-01,-1.425231643159584061e-01,5.000000000000000000e-01
5.735798009020327548e-01,-1.426257623666359886e-01,5.000000000000000000e-01
5.735206976682207802e-01,-1.427303540264063808e-01,5.000000000000000000e-01
5.734614390771055614e-01,-1.428365943358458623e-01,5.000000000000000000e-01
5.734020137213560186e-01,-1.429444624468507175e-01,5.000000000000000000e-01
5.733425159475256105e-01,-1.430543201600318892e-01,5.000000000000000000e-01
5.732828571724128963e-01,-1.431658189063606534e-01,5.000000000000000000e-01
5.732230371578935779e-01,-1.432789855272625645e-01,5.000000000000000000e-01
5.731631564591936900e-01,-1.433941944205035235e-01,5.000000000000000000e-01
5.731031292387522846e-01,-1.435111032596525504e-01,5.000000000000000000e-01
5.730429438917845619e-01,-1.436296918836661995e-01,5.000000000000000000e-01
5.729826950084588866e-01,-1.437503096125841429e-01,5.000000000000000000e-01
5.729223900268195502e-01,-1.438729265821330761e-01,5.000000000000000000e-01
5.728620333231444484e-01,-1.439975012573238566e-01,5.000000000000000000e-01
5.728016219756950633e-01,-1.441239690674774865e-01,5.000000000000000000e-01
5.727412530470320506e-01,-1.442525905754037108e-01,5.000000000000000000e-01
5.726810446807055754e-01,-1.443836102288124090e-01,5.000000000000000000e-01
5.726209250162954678e-01,-1.445165659127239655e-01,5.000000000000000000e-01
5.725607045576819321e-01,-1.446507147288540462e-01,5.000000000000000000e-01
5.725003583175156674e-01,-1.447860248750032774e-01,5.000000000000000000e-01
5.724399753429161297e-01,-1.449228514718531868e-01,5.000000000000000000e-01
5.723795591669282867e-01,-1.450611879546476191e-01,5.000000000000000000e-01
5.723190341630117750e-01,-1.452007911434422815e-01,5.000000000000000000e-01
5.722583910928362716e-01,-1.453416929299746474e-01,5.000000000000000000e-01
5.721977201835287685e-01,-1.454842381816628394e-01,5.000000000000000000e-01
5.721370197378490285e-01,-1.456283938537446532e-01,5.000000000000000000e-01
5.720762039495962403e-01,-1.457738885013677987e-01,5.000000000000000000e-01
5.720151798705996882e-01,-1.459205249041985453e-01,5.000000000000000000e-01
5.719539227436936102e-01,-1.460684058417730802e-01,5.000000000000000000e-01
5.718924979225161742e-01,-1.462178992973297564e-01,5.000000000000000000e-01
5.718309248627717611e-01,-1.463691600073110388e-01,5.000000000000000000e-01
5.717691996893556894e-01,-1.465222324341650950e-01,5.000000000000000000e-01
5.717073974864264052e-01,-1.466773844332077414e-01,5.000000000000000000e-01
5.716454522203648914e-01,-1.468344015529580437e-01,5.000000000000000000e-01
5.715834217230781888e-01,-1.469934734209424887e-01,5.000000000000000000e-01
5.715213951079092247e-01,-1.471548115619213115e-01,5.000000000000000000e-01
5.714593084569525860e-01,-1.473181029804725983e-01,5.000000000000000000e-01
5.713970876499288032e-01,-1.474831141433939619e-01,5.000000000000000000e-01
5.713347117263687380e-01,-1.476498396730977491e-01,5.000000000000000000e-01
5.712723159426692510e-01,-1.478186917351619889e-01,5.000000000000000000e-01
5.712098952702353571e-01,-1.479895504298985587e-01,5.000000000000000000e-01
5.711473166399883006e-01,-1.481619944217790197e-01,5.000000000000000000e-01
5.710844940817803028e-01,-1.483359199598838774e-01,5.000000000000000000e-01
5.710213389067591017e-01,-1.485113277234152707e-01,5.000000000000000000e-01
5.709578422021259758e-01,-1.486884990701984599e-01,5.000000000000000000e-01
5.708941674466445626e-01,-1.488680660480947160e-01,5.000000000000000000e-01
5.708303961815300864e-01,-1.490502044476982868e-01,5.000000000000000000e-01
5.707664754823781328e-01,-1.492346597577378919e-01,5.000000000000000000e-01
5.707023434731621769e-01,-1.494212706045343064e-01,5.000000000000000000e-01
5.706379791083107111e-01,-1.496100475599924651e-01,5.000000000000000000e-01
5.705733866457278758e-01,-1.498010881475944356e-01,5.000000000000000000e-01
5.705085455165113117e-01,-1.499944041438216746e-01,5.000000000000000000e-01
5.704435045937047422e-01,-1.501901651987504471e-01,5.000000000000000000e-01
5.703782350975834525e-01,-1.503883020249963676e-01,5.000000000000000000e-01
5.703127316172067474e-01,-1.505888264046047753e-01,5.000000000000000000e-01
5.702470393886047706e-01,-1.507918436384676486e-01,5.000000000000000000e-01
5.701811554203741750e-01,-1.509972880172736343e-01,5.000000000000000000e-01
5.701150864692121623e-01,-1.512051215893551459e-01,5.000000000000000000e-01
5.700488529164611240e-01,-1.514153220455213278e-01,5.000000000000000000e-01
5.699824620139661846e-01,-1.516278187232968921e-01,5.000000000000000000e-01
5.699158890170707981e-01,-1.518425043151793996e-01,5.000000000000000000e-01
5.698491164144525722e-01,-1.520593403201299376e-01,5.000000000000000000e-01
5.697821288772463300e-01,-1.522783346238085200e-01,5.000000000000000000e-01
5.697148871893898958e-01,-1.524994909817016520e-01,5.000000000000000000e-01
5.696474091125107719e-01,-1.527229273250350627e-01,5.000000000000000000e-01
5.695796988827974694e-01,-1.529486913478292076e-01,5.000000000000000000e-01
5.695117530616412571e-01,-1.531767878573067621e-01,5.000000000000000000e-01
5.694435680141980427e-01,-1.534072357809135312e-01,5.000000000000000000e-01
5.693751009885044123e-01,-1.536400290533159740e-01,5.000000000000000000e-01
5.693063520576204795e-01,-1.538752607282969642e-01,5.000000000000000000e-01
5.692373243810853189e-01,-1.541129895394028892e-01,5.000000000000000000e-01
5.691679981575562541e-01,-1.543532424027879435e-01,5.000000000000000000e-01
5.690983632650248314e-01,-1.545960713683807997e-01,5.000000000000000000e-01
5.690284227854638388e-01,-1.548415215606119832e-01,5.000000000000000000e-01
5.689581870270657982e-01,-1.550895952122000876e-01,5.000000000000000000e-01
5.688876749372572261e-01,-1.553402514393064093e-01,5.000000000000000000e-01
5.688168763818266527e-01,-1.555934466688228546e-01,5.000000000000000000e-01
5.687457903793300407e-01,-1.558491571379983787e-01,5.000000000000000000e-01
5.686744080453403072e-01,-1.561073950076528327e-01,5.000000000000000000e-01
5.686026964767452174e-01,-1.563682241051475297e-01,5.000000000000000000e-01
5.685306667546115023e-01,-1.566316648954738100e-01,5.000000000000000000e-01
5.684583345501723617e-01,-1.568976692311958299e-01,5.000000000000000000e-01
5.683856880999669237e-01,-1.571662397433170599e-01,5.000000000000000000e-01
5.683127050682568182e-01,-1.574374503684771442e-01,5.000000000000000000e-01
5.682393668692865552e-01,-1.577113840172575110e-01,5.000000000000000000e-01
5.681656751299212216e-01,-1.579880213844577774e-01,5.000000000000000000e-01
5.680916480802571389e-01,-1.582672488312187875e-01,5.000000000000000000e-01
5.680172897746907923e-01,-1.585490459100558358e-01,5.000000000000000000e-01
5.679426020787070595e-01,-1.588333780449576460e-01,5.000000000000000000e-01
5.678676010842993449e-01,-1.591201088953570486e-01,5.000000000000000000e-01
5.677923055613526282e-01,-1.594091234720211858e-01,5.000000000000000000e-01
5.677167340658947348e-01,-1.597003114775595867e-01,5.000000000000000000e-01
5.676408936159187402e-01,-1.599937006767390701e-01,5.000000000000000000e-01
5.675647823750612497e-01,-1.602892942518175656e-01,5.000000000000000000e-01
5.674884043863533956e-01,-1.605869835396180056e-01,5.000000000000000000e-01
5.674117709544583832e-01,-1.608866787933510289e-01,5.000000000000000000e-01
5.673348962640991644e-01,-1.611882680978592441e-01,5.000000000000000000e-01
5.672577964081864099e-01,-1.614916624808794554e-01,5.000000000000000000e-01
5.671804870496427453e-01,-1.617967626351264621e-01,5.000000000000000000e-01
5.671029802777833861e-01,-1.621036286354419209e-01,5.000000000000000000e-01
5.670252733180449756e-01,-1.624123566866678969e-01,5.000000000000000000e-01
5.669473541162572960e-01,-1.627229375295536351e-01,5.000000000000000000e-01
5.668692142661575506e-01,-1.630354648535222717e-01,5.000000000000000000e-01
5.667908381701072251e-01,-1.633499942794746085e-01,5.000000000000000000e-01
5.667122092805496614e-01,-1.636664809478578508e-01,5.000000000000000000e-01
5.666333207261105009e-01,-1.639849562232227054e-01,5.000000000000000000e-01
5.665541609633928388e-01,-1.643051601220010260e-01,5.000000000000000000e-01
5.664747435991925872e-01,-1.646268208702259817e-01,5.000000000000000000e-01
5.663951089597693000e-01,-1.649501954342766363e-01,5.000000000000000000e-01
5.663152541193573475e-01,-1.652753588985151623e-01,5.000000000000000000e-01
5.662351624851024168e-01,-1.656021482730579697e-01,5.000000000000000000e-01
5.661548410235759388e-01,-1.659306053134740611e-01,5.000000000000000000e-01
5.660742866654677741e-01,-1.662606885115377464e-01,5.000000000000000000e-01
5.659935015921937485e-01,-1.665924637234703631e-01,5.000000000000000000e-01
5.659124796668674184e-01,-1.669259602304965506e-01,5.000000000000000000e-01
5.658312108977638921e-01,-1.672611938489922956e-01,5.000000000000000000e-01
5.657496773056391870e-01,-1.675979231793169877e-01,5.000000000000000000e-01
5.656678777701011906e-01,-1.679358000482743529e-01,5.000000000000000000e-01
5.655858640802144954e-01,-1.682751028192600307e-01,5.000000000000000000e-01
5.655036487215368002e-01,-1.686161196947284224e-01,5.000000000000000000e-01
5.654212062922181481e-01,-1.689589057626312285e-01,5.000000000000000000e-01
5.653385126035153085e-01,-1.693035242344147207e-01,5.000000000000000000e-01
5.652555406601681431e-01,-1.696499460211277621e-01,5.000000000000000000e-01
5.651722682322393165e-01,-1.699980944693140483e-01,5.000000000000000000e-01
5.650886969425530371e-01,-1.703481476029566621e-01,5.000000000000000000e-01
5.650047986953257162e-01,-1.706999967916168204e-01,5.000000000000000000e-01
5.649205677647294310e-01,-1.710537091960326328e-01,5.000000000000000000e-01
5.648359912676799155e-01,-1.714092833576718600e-01,5.000000000000000000e-01
5.647510563799797989e-01,-1.717667098878610243e-01,5.000000000000000000e-01
5.646657636470804320e-01,-1.721261533604850347e-01,5.000000000000000000e-01
5.645800848998754340e-01,-1.724875106589678353e-01,5.000000000000000000e-01
5.644940037851756687e-01,-1.728506517380671847e-01,5.000000000000000000e-01
5.644075288285688163e-01,-1.732156950868435907e-01,5.000000000000000000e-01
5.643206617437350747e-01,-1.735828252460677734e-01,5.000000000000000000e-01
5.642333812288355954e-01,-1.739520937501266018e-01,5.000000000000000000e-01
5.641457030688153962e-01,-1.743241932318632115e-01,5.000000000000000000e-01
5.640575489772297058e-01,-1.746990476351780730e-01,5.000000000000000000e-01
5.639688407453780084e-01,-1.750762591062615114e-01,5.000000000000000000e-01
5.638795748365567073e-01,-1.754559226737555377e-01,5.000000000000000000e-01
5.637897123532413790e-01,-1.758376607297490735e-01,5.000000000000000000e-01
5.636992583924953504e-01,-1.762212890781826302e-01,5.000000000000000000e-01
5.636082333378733544e-01,-1.766067137081763494e-01,5.000000000000000000e-01
5.635166748127760084e-01,-1.769941363084752972e-01,5.000000000000000000e-01
5.634246009476870931e-01,-1.773837973567041759e-01,5.000000000000000000e-01
5.633320014081788507e-01,-1.777758197585901923e-01,5.000000000000000000e-01
5.632388564588957092e-01,-1.781702758470831705e-01,5.000000000000000000e-01
5.631450974549052635e-01,-1.785664179720790057e-01,5.000000000000000000e-01
5.630507361392663723e-01,-1.789638776910984774e-01,5.000000000000000000e-01
5.629558175709687973e-01,-1.793624748790465240e-01,5.000000000000000000e-01
5.628603962244751457e-01,-1.797622336721932668e-01,5.000000000000000000e-01
5.627645487477043185e-01,-1.801637793114554409e-01,5.000000000000000000e-01
5.626682248890477744e-01,-1.805664769181116736e-01,5.000000000000000000e-01
5.625714421053590319e-01,-1.809700889579211880e-01,5.000000000000000000e-01
5.624742604360551956e-01,-1.813749339964310092e-01,5.000000000000000000e-01
5.623767003566895184e-01,-1.817812495422225505e-01,5.000000000000000000e-01
5.622787594046618764e-01,-1.821891986155508569e-01,5.000000000000000000e-01
5.621803916636810561e-01,-1.825983662101329785e-01,5.000000000000000000e-01
5.620816189399410190e-01,-1.830090146360186520e-01,5.000000000000000000e-01
5.619824123422891837e-01,-1.834208097711599317e-01,5.000000000000000000e-01
5.618827644701125390e-01,-1.838334296254204303e-01,5.000000000000000000e-01
5.617827240464563499e-01,-1.842472216156861020e-01,5.000000000000000000e-01
5.616822974220008202e-01,-1.846623587617096940e-01,5.000000000000000000e-01
5.615814967042958017e-01,-1.850793815077056426e-01,5.000000000000000000e-01
5.614802877353111121e-01,-1.854986437378221553e-01,5.000000000000000000e-01
5.613786002097264083e-01,-1.859200829788463238e-01,5.000000000000000000e-01
5.612763761978705190e-01,-1.863436140013778053e-01,5.000000000000000000e-01
5.611735879959903750e-01,-1.867694799882102796e-01,5.000000000000000000e-01
5.610701835534086523e-01,-1.871976354738609516e-01,5.000000000000000000e-01
5.609661249230718516e-01,-1.876281174169817378e-01,5.000000000000000000e-01
5.608613792620762428e-01,-1.880609967859234177e-01,5.000000000000000000e-01
5.607559044159093897e-01,-1.884961172365535176e-01,5.000000000000000000e-01
5.606496614840577042e-01,-1.889330252992454384e-01,5.000000000000000000e-01
5.605426467738775509e-01,-1.893713408417162514e-01,5.000000000000000000e-01
5.604348911552523571e-01,-1.898109795814023060e-01,5.000000000000000000e-01
5.603264308122900550e-01,-1.902520246143861726e-01,5.000000000000000000e-01
5.602172672690219901e-01,-1.906939202636983299e-01,5.000000000000000000e-01
5.601074379060015929e-01,-1.911362911000006604e-01,5.000000000000000000e-01
5.599970460057901445e-01,-1.915801765407327273e-01,5.000000000000000000e-01
5.598860868710391347e-01,-1.920257322440919734e-01,5.000000000000000000e-01
5.597745203990689422e-01,-1.924724129051984534e-01,5.000000000000000000e-01
5.596623433526592972e-01,-1.929196192226562412e-01,5.000000000000000000e-01
5.595496090474889606e-01,-1.933675606620424148e-01,5.000000000000000000e-01
5.594363664896523369e-01,-1.938169418614184014e-01,5.000000000000000000e-01
5.593225975539803940e-01,-1.942679684868362233e-01,5.000000000000000000e-01
5.592082827877333795e-01,-1.947211461156282408e-01,5.000000000000000000e-01
5.590933724149457218e-01,-1.951769475530441555e-01,5.000000000000000000e-01
5.589777884128961372e-01,-1.956355104355652352e-01,5.000000000000000000e-01
5.588614275215955107e-01,-1.960958288500756763e-01,5.000000000000000000e-01
5.587442751920188577e-01,-1.965576494940318164e-01,5.000000000000000000e-01
5.586263559856592398e-01,-1.970217760662139606e-01,5.000000000000000000e-01
5.585076292001280862e-01,-1.974882553719882472e-01,5.000000000000000000e-01
5.583880552781259610e-01,-1.979571805806207840e-01,5.000000000000000000e-01
5.582676040903461478e-01,-1.984291486195786658e-01,5.000000000000000000e-01
5.581461929882631789e-01,-1.989033411601528467e-01,5.000000000000000000e-01
5.580237984340297164e-01,-1.993791209219247518e-01,5.000000000000000000e-01
5.579004435344293578e-01,-1.998562212215543865e-01,5.000000000000000000e-01
5.577761661160887119e-01,-2.003348998539892789e-01,5.000000000000000000e-01
5.576509909052100866e-01,-2.008160076782111170e-01,5.000000000000000000e-01
5.575248718638590173e-01,-2.012982377971567205e-01,5.000000000000000000e-01
5.573978501476255509e-01,-2.017818830539692132e-01,5.000000000000000000e-01
5.572699521032709047e-01,-2.022679991860021342e-01,5.000000000000000000e-01
5.571411295336712310e-01,-2.027560682439403239e-01,5.000000000000000000e-01
5.570113716720064279e-01,-2.032458132234353787e-01,5.000000000000000000e-01
5.568806825495115076e-01,-2.037370347706587703e-01,5.000000000000000000e-01
5.567490777996475515e-01,-2.042295515879428702e-01,5.000000000000000000e-01
5.566165797946081017e-01,-2.047228429356817148e-01,5.000000000000000000e-01
5.564832333832485656e-01,-2.052171843504882742e-01,5.000000000000000000e-01
5.563490608782986069e-01,-2.057127730384703257e-01,5.000000000000000000e-01
5.562140754392750353e-01,-2.062090254171590198e-01,5.000000000000000000e-01
5.560783104354856121e-01,-2.067061924063517409e-01,5.000000000000000000e-01
5.559417733526466066e-01,-2.072051814016749594e-01,5.000000000000000000e-01
5.558044333192289077e-01,-2.077055914779975532e-01,5.000000000000000000e-01
5.556662822882009189e-01,-2.082071492091451814e-01,5.000000000000000000e-01
5.555273251725550976e-01,-2.087097754337768896e-01,5.000000000000000000e-01
5.553875659552216515e-01,-2.092135286850687059e-01,5.000000000000000000e-01
5.552469958717112242e-01,-2.097188602151269787e-01,5.000000000000000000e-01
5.551055981191967970e-01,-2.102254054338527078e-01,5.000000000000000000e-01
5.549633660381581013e-01,-2.107332174835340743e-01,5.000000000000000000e-01
5.548202797673036368e-01,-2.112427906225116392e-01,5.000000000000000000e-01
5.546763254194613246e-01,-2.117533922068667585e-01,5.000000000000000000e-01
5.545315270148978293e-01,-2.122644292533540089e-01,5.000000000000000000e-01
5.543859255470290348e-01,-2.127757548231312135e-01,5.000000000000000000e-01
5.542395483010968960e-01,-2.132876764748904974e-01,5.000000000000000000e-01
5.540923854096354573e-01,-2.138009395496698328e-01,5.000000000000000000e-01
5.539443977203204472e-01,-2.143158990178034018e-01,5.000000000000000000e-01
5.537955527945687129e-01,-2.148323010268035071e-01,5.000000000000000000e-01
5.536458482704040840e-01,-2.153495648250903227e-01,5.000000000000000000e-01
5.534953331914919117e-01,-2.158666946473548620e-01,5.000000000000000000e-01
5.533440576528779742e-01,-2.163837601881673511e-01,5.000000000000000000e-01
5.531920028724015559e-01,-2.169021116640994784e-01,5.000000000000000000e-01
5.530391171759152513e-01,-2.174221712694180408e-01,5.000000000000000000e-01
5.528853570042956411e-01,-2.179438089430201231e-01,5.000000000000000000e-01
5.527307094947200294e-01,-2.184665259790943281e-01,5.000000000000000000e-01
5.525751824664282275e-01,-2.189899812646653732e-01,5.000000000000000000e-01
5.524187624531691210e-01,-2.195145234465761819e-01,5.000000000000000000e-01
5.522614362943270017e-01,-2.200401781968079062e-01,5.000000000000000000e-01
5.521032773279206385e-01,-2.205655273400113914e-01,5.000000000000000000e-01
5.519443925053917344e-01,-2.210897585375053431e-01,5.000000000000000000e-01
5.517848078023767089e-01,-2.216138402016431530e-01,5.000000000000000000e-01
5.516245780103374852e-01,-2.221374317744377325e-01,5.000000000000000000e-01
5.514637545953524622e-01,-2.226603670260078882e-01,5.000000000000000000e-01
5.513022816251179625e-01,-2.231840571748471280e-01,5.000000000000000000e-01
5.511400901257603735e-01,-2.237090261251463152e-01,5.000000000000000000e-01
5.509772206435452624e-01,-2.242340376836436944e-01,5.000000000000000000e-01
5.508137374135515518e-01,-2.247583647439280186e-01,5.000000000000000000e-01
5.506496255818180696e-01,-2.252827396066713339e-01,5.000000000000000000e-01
5.504849182769179228e-01,-2.258067778344963750e-01,5.000000000000000000e-01
5.503196901192624058e-01,-2.263298116807339611e-01,5.000000000000000000e-01
5.501539787008465909e-01,-2.268519346463055975e-01,5.000000000000000000e-01
5.499877624123332698e-01,-2.273738053235344614e-01,5.000000000000000000e-01
5.498210627849664522e-01,-2.278951847091659211e-01,5.000000000000000000e-01
5.496538854731012336e-01,-2.284161115678192688e-01,5.000000000000000000e-01
5.494861609190413443e-01,-2.289373805753896762e-01,5.000000000000000000e-01
5.493178403617851036e-01,-2.294591660548031542e-01,5.000000000000000000e-01
5.491490222378659913e-01,-2.299800904349385555e-01,5.000000000000000000e-01
5.489796896622768374e-01,-2.305005798329043953e-01,5.000000000000000000e-01
5.488097109946504792e-01,-2.310219732455360553e-01,5.000000000000000000e-01
5.486390657237927293e-01,-2.315439227452391613e-01,5.000000000000000000e-01
5.484677073069249564e-01,-2.320665264070459477e-01,5.000000000000000000e-01
5.482956239229148654e-01,-2.325895604573101627e-01,5.000000000000000000e-01
5.481228665519738419e-01,-2.331123619032904326e-01,5.000000000000000000e-01
5.479495521922863599e-01,-2.336339848785459750e-01,5.000000000000000000e-01
5.477756508209229436e-01,-2.341550960445979435e-01,5.000000000000000000e-01
5.476011380085084035e-01,-2.346760370218581582e-01,5.000000000000000000e-01
5.474261657836944073e-01,-2.351955202725965199e-01,5.000000000000000000e-01
5.472507838291574833e-01,-2.357135736691975958e-01,5.000000000000000000e-01
5.470749109121901821e-01,-2.362312027096923894e-01,5.000000000000000000e-01
5.468985747508970929e-01,-2.367481772068985579e-01,5.000000000000000000e-01
5.467218495836436709e-01,-2.372639613010890658e-01,5.000000000000000000e-01
5.465446171357672966e-01,-2.377796629986246302e-01,5.000000000000000000e-01
5.463668587841326030e-01,-2.382952515760142220e-01,5.000000000000000000e-01
5.461886420571391287e-01,-2.388100892839865041e-01,5.000000000000000000e-01
5.460100898078359410e-01,-2.393233568635658448e-01,5.000000000000000000e-01
5.458311681077094857e-01,-2.398355845524122176e-01,5.000000000000000000e-01
5.456517571171837222e-01,-2.403477144692617862e-01,5.000000000000000000e-01
5.454718281682520153e-01,-2.408597594807838638e-01,5.000000000000000000e-01
5.452912680298812598e-01,-2.413723126401811636e-01,5.000000000000000000e-01
5.451100393456742577e-01,-2.418853133042345727e-01,5.000000000000000000e-01
5.449282468027674131e-01,-2.423978154072387592e-01,5.000000000000000000e-01
5.447460469588625287e-01,-2.429088339647430539e-01,5.000000000000000000e-01
5.445634876807959879e-01,-2.434183341797528377e-01,5.000000000000000000e-01
5.443805143595945584e-01,-2.439269109348541353e-01,5.000000000000000000e-01
5.441970408061771458e-01,-2.444351617547811939e-01,5.000000000000000000e-01
5.440130178501350056e-01,-2.449433043895616890e-01,5.000000000000000000e-01
5.438284357416465209e-01,-2.454512624076028438e-01,5.000000000000000000e-01
5.436432285998203939e-01,-2.459593297635599973e-01,5.000000000000000000e-01
5.434574218411923896e-01,-2.464672021857094442e-01,5.000000000000000000e-01
5.432710024032514351e-01,-2.469748868186906754e-01,5.000000000000000000e-01
5.430839095353139356e-01,-2.474826643205480514e-01,5.000000000000000000e-01
5.428961500647259131e-01,-2.479903837873140005e-01,5.000000000000000000e-01
5.427077302779348411e-01,-2.484979375904487198e-01,5.000000000000000000e-01
5.425187732931804341e-01,-2.490046249448628068e-01,5.000000000000000000e-01
5.423293247660003757e-01,-2.495103063810962807e-01,5.000000000000000000e-01
5.421391231582866066e-01,-2.500164978741246657e-01,5.000000000000000000e-01
5.419481114107949082e-01,-2.505233081085549984e-01,5.000000000000000000e-01
5.417565382264377671e-01,-2.510292670921550062e-01,5.000000000000000000e-01
5.415645430971822716e-01,-2.515337753266418952e-01,5.000000000000000000e-01
5.413718747848081936e-01,-2.520383162273809319e-01,5.000000000000000000e-01
5.411783975999511220e-01,-2.525434817756342376e-01,5.000000000000000000e-01
5.409843855326352813e-01,-2.530477468464994995e-01,5.000000000000000000e-01
5.407897645016048749e-01,-2.535515731821635921e-01,5.000000000000000000e-01
5.405941752079478357e-01,-2.540567066185162592e-01,5.000000000000000000e-01
5.403976935448551178e-01,-2.545624955082641527e-01,5.000000000000000000e-01
5.402004512394018576e-01,-2.550681782557511768e-01,5.000000000000000000e-01
5.400024791647695110e-01,-2.555736096317401396e-01,5.000000000000000000e-01
5.398038217335632272e-01,-2.560786158466569762e-01,5.000000000000000000e-01
5.396044662294654515e-01,-2.565833021131255220e-01,5.000000000000000000e-01
5.394044569829502533e-01,-2.570875052874221911e-01,5.000000000000000000e-01
5.392041429967554533e-01,-2.575897358817951788e-01,5.000000000000000000e-01
5.390034609194531701e-01,-2.580905478423078936e-01,5.000000000000000000e-01
5.388021252865962119e-01,-2.585913375301543971e-01,5.000000000000000000e-01
5.386002251273140917e-01,-2.590916601990643775e-01,5.000000000000000000e-01
5.383979473843364394e-01,-2.595907277628791698e-01,5.000000000000000000e-01
5.381954412170080193e-01,-2.600880387739015198e-01,5.000000000000000000e-01
5.379926295415371484e-01,-2.605840849847722573e-01,5.000000000000000000e-01
5.377893975623766476e-01,-2.610794282866092941e-01,5.000000000000000000e-01
5.375858141628915288e-01,-2.615737832879165836e-01,5.000000000000000000e-01
5.373818132495356004e-01,-2.620674525657589182e-01,5.000000000000000000e-01
5.371775095484989659e-01,-2.625599691302174521e-01,5.000000000000000000e-01
5.369727613190509175e-01,-2.630519400467228319e-01,5.000000000000000000e-01
5.367678220017551016e-01,-2.635423499939896774e-01,5.000000000000000000e-01
5.365630672781289690e-01,-2.640298491616046017e-01,5.000000000000000000e-01
5.363579994962079933e-01,-2.645165937730148409e-01,5.000000000000000000e-01
5.361523160763763673e-01,-2.650036913526154225e-01,5.000000000000000000e-01
5.359463834632323120e-01,-2.654895970616880096e-01,5.000000000000000000e-01
5.357403479538549451e-01,-2.659737996755441314e-01,5.000000000000000000e-01
5.355343830693600760e-01,-2.664557563539168283e-01,5.000000000000000000e-01
5.353288143904597618e-01,-2.669344286794907428e-01,5.000000000000000000e-01
5.351236843595428283e-01,-2.674099151251383977e-01,5.000000000000000000e-01
5.349187149201575231e-01,-2.678834191130960996e-01,5.000000000000000000e-01
5.347137183036879682e-01,-2.683556591664810753e-01,5.000000000000000000e-01
5.345087809291892977e-01,-2.688262959895941773e-01,5.000000000000000000e-01
5.343038981526637698e-01,-2.692953506458165003e-01,5.000000000000000000e-01
5.340991327170369063e-01,-2.697626088104712050e-01,5.000000000000000000e-01
5.338945723627690487e-01,-2.702277951854162863e-01,5.000000000000000000e-01
5.336904684084993189e-01,-2.706901109898358637e-01,5.000000000000000000e-01
5.334869425562438483e-01,-2.711492750695835285e-01,5.000000000000000000e-01
5.332840313451778780e-01,-2.716053119441123043e-01,5.000000000000000000e-01
5.330817936995084771e-01,-2.720581524764185133e-01,5.000000000000000000e-01
5.328799874446992213e-01,-2.725087099793872536e-01,5.000000000000000000e-01
5.326783520042175368e-01,-2.729578485769950658e-01,5.000000000000000000e-01
5.324768497728918915e-01,-2.734056221311875756e-01,5.000000000000000000e-01
5.322755637318570265e-01,-2.738516983127652349e-01,5.000000000000000000e-01
5.320745732462743849e-01,-2.742957989399057439e-01,5.000000000000000000e-01
5.318738453162008550e-01,-2.747380295587097399e-01,5.000000000000000000e-01
5.316733290907664777e-01,-2.751785445463192925e-01,5.000000000000000000e-01
5.314731378998481803e-01,-2.756169744160647528e-01,5.000000000000000000e-01
5.312730433334555968e-01,-2.760540394157047217e-01,5.000000000000000000e-01
5.310727884145090005e-01,-2.764904792812101775e-01,5.000000000000000000e-01
5.308724807044518101e-01,-2.769258654957544863e-01,5.000000000000000000e-01
5.306722936790605472e-01,-2.773596223684169360e-01,5.000000000000000000e-01
5.304722142201707680e-01,-2.777917918746813930e-01,5.000000000000000000e-01
5.302724612538998183e-01,-2.782217288838582658e-01,5.000000000000000000e-01
5.300728912651748725e-01,-2.786499096110751084e-01,5.000000000000000000e-01
5.298732840278159717e-01,-2.790769935947119418e-01,5.000000000000000000e-01
5.296737428388582636e-01,-2.795026421326353150e-01,5.000000000000000000e-01
5.294740149466992118e-01,-2.799275768708717194e-01,5.000000000000000000e-01
5.292739524921743488e-01,-2.803521605346753209e-01,5.000000000000000000e-01
5.290736336435394316e-01,-2.807760933585353724e-01,5.000000000000000000e-01
5.288732970699713265e-01,-2.811986579533939379e-01,5.000000000000000000e-01
5.286727179755656980e-01,-2.816204965695571216e-01,5.000000000000000000e-01
5.284719275315661324e-01,-2.820414934465008683e-01,5.000000000000000000e-01
5.282711258095496021e-01,-2.824610786454267997e-01,5.000000000000000000e-01
5.280701973842023556e-01,-2.828795964313323141e-01,5.000000000000000000e-01
5.278695094460192916e-01,-2.832960531544428395e-01,5.000000000000000000e-01
5.276692432282656942e-01,-2.837100333519876338e-01,5.000000000000000000e-01
5.274692381030055000e-01,-2.841220649066918957e-01,5.000000000000000000e-01
5.272696645834713536e-01,-2.845317476748282504e-01,5.000000000000000000e-01
5.270705084537068430e-01,-2.849391936145806992e-01,5.000000000000000000e-01
5.268714069013303858e-01,-2.853454172473448569e-01,5.000000000000000000e-01
5.266723889529496549e-01,-2.857503333606596918e-01,5.000000000000000000e-01
5.264734847234471271e-01,-2.861538605793313428e-01,5.000000000000000000e-01
5.262746065436717524e-01,-2.865562291327260480e-01,5.000000000000000000e-01
5.260759998956714423e-01,-2.869568017221678091e-01,5.000000000000000000e-01
5.258778338283868203e-01,-2.873551803258814208e-01,5.000000000000000000e-01
5.256800793650731052e-01,-2.877514929733997473e-01,5.000000000000000000e-01
5.254826471884531669e-01,-2.881460062264005195e-01,5.000000000000000000e-01
5.252854552672131527e-01,-2.885389484558996132e-01,5.000000000000000000e-01
5.250884792694239245e-01,-2.889303884149545532e-01,5.000000000000000000e-01
5.248915716178521595e-01,-2.893206945980441036e-01,5.000000000000000000e-01
5.246946808555725816e-01,-2.897099776529321602e-01,5.000000000000000000e-01
5.244982888204405835e-01,-2.900970459216125619e-01,5.000000000000000000e-01
5.243023713184647994e-01,-2.904820065989165423e-01,5.000000000000000000e-01
5.241067132608128176e-01,-2.908654197141644082e-01,5.000000000000000000e-01
5.239115780798526689e-01,-2.912466617120456625e-01,5.000000000000000000e-01
5.237167037557516336e-01,-2.916263967400099522e-01,5.000000000000000000e-01
5.235219620578668298e-01,-2.920049313897246090e-01,5.000000000000000000e-01
5.233276233928751964e-01,-2.923816182170211331e-01,5.000000000000000000e-01
5.231336537052524438e-01,-2.927565593639103181e-01,5.000000000000000000e-01
5.229398931708106879e-01,-2.931301442922127354e-01,5.000000000000000000e-01
5.227464374862913488e-01,-2.935021485998786650e-01,5.000000000000000000e-01
5.225533661429406784e-01,-2.938723997135260779e-01,5.000000000000000000e-01
5.223607247665991160e-01,-2.942408111673386895e-01,5.000000000000000000e-01
5.221683260016106720e-01,-2.946078308045506633e-01,5.000000000000000000e-01
5.219761056170157953e-01,-2.949736034279455410e-01,5.000000000000000000e-01
5.217842547377704587e-01,-2.953376938928116147e-01,5.000000000000000000e-01
5.215928414940074198e-01,-2.956999651574602206e-01,5.000000000000000000e-01
5.214015784057388636e-01,-2.960610784203892010e-01,5.000000000000000000e-01
5.212104730483251291e-01,-2.964210083768294979e-01,5.000000000000000000e-01
5.210200238772741965e-01,-2.967786532102191233e-01,5.000000000000000000e-01
5.208305481750727939e-01,-2.971333619064656650e-01,5.000000000000000000e-01
5.206417344615019704e-01,-2.974858810896170991e-01,5.000000000000000000e-01
5.204534864976265718e-01,-2.978364508369910069e-01,5.000000000000000000e-01
5.202659260652440221e-01,-2.981848276793567232e-01,5.000000000000000000e-01
5.200791239160411639e-01,-2.985308880233444317e-01,5.000000000000000000e-01
5.198931164095476065e-01,-2.988745854075228747e-01,5.000000000000000000e-01
5.197079621470266364e-01,-2.992158264351277297e-01,5.000000000000000000e-01
5.195235855940667502e-01,-2.995548027554533199e-01,5.000000000000000000e-01
5.193399094991835163e-01,-2.998916998067983064e-01,5.000000000000000000e-01
5.191571070126062004e-01,-3.002261696639075828e-01,5.000000000000000000e-01
5.189749469121306413e-01,-3.005587203509633154e-01,5.000000000000000000e-01
5.187932388465739120e-01,-3.008897534021272024e-01,5.000000000000000000e-01
5.186122210219279438e-01,-3.012187699755043413e-01,5.000000000000000000e-01
5.184321747047759832e-01,-3.015452048860352563e-01,5.000000000000000000e-01
5.182529696974529365e-01,-3.018693557127558047e-01,5.000000000000000000e-01
5.180742707161234417e-01,-3.021919243945038192e-01,5.000000000000000000e-01
5.178961522202195633e-01,-3.025127551104821455e-01,5.000000000000000000e-01
5.177186268338720421e-01,-3.028318241046654702e-01,5.000000000000000000e-01
5.175417627131970733e-01,-3.031489984377329638e-01,5.000000000000000000e-01
5.173655462909871883e-01,-3.034643138623912550e-01,5.000000000000000000e-01
5.171898536279726510e-01,-3.037780250930615655e-01,5.000000000000000000e-01
5.170147706804151255e-01,-3.040899624691413283e-01,5.000000000000000000e-01
5.168405520066292613e-01,-3.043996314258447522e-01,5.000000000000000000e-01
5.166672158433229800e-01,-3.047070185839482193e-01,5.000000000000000000e-01
5.164946723566019582e-01,-3.050123218028935046e-01,5.000000000000000000e-01
5.163227911681471660e-01,-3.053158095863452992e-01,5.000000000000000000e-01
5.161517032964225704e-01,-3.056172356280826286e-01,5.000000000000000000e-01
5.159819289871696579e-01,-3.059156106012577703e-01,5.000000000000000000e-01
5.158135047312769617e-01,-3.062109064597952623e-01,5.000000000000000000e-01
5.156461360773515468e-01,-3.065037260150932363e-01,5.000000000000000000e-01
5.154797903700351069e-01,-3.067941521748904776e-01,5.000000000000000000e-01
5.153147848645023288e-01,-3.070815996534901338e-01,5.000000000000000000e-01
5.151509446599229491e-01,-3.073664307219907688e-01,5.000000000000000000e-01
5.149883015159062438e-01,-3.076486060207880846e-01,5.000000000000000000e-01
5.148272028617886242e-01,-3.079274939489373697e-01,5.000000000000000000e-01
5.146675600148916674e-01,-3.082032948731123767e-01,5.000000000000000000e-01
5.145092721816506565e-01,-3.084762241134141325e-01,5.000000000000000000e-01
5.143524347749192094e-01,-3.087461250969829596e-01,5.000000000000000000e-01
5.141968504905887194e-01,-3.090133856518542110e-01,5.000000000000000000e-01
5.140425863445385879e-01,-3.092778955005842656e-01,5.000000000000000000e-01
5.138898305784674880e-01,-3.095393243143674256e-01,5.000000000000000000e-01
5.137385843163712051e-01,-3.097976921874467382e-01,5.000000000000000000e-01
5.135887786422244083e-01,-3.100531452011096034e-01,5.000000000000000000e-01
5.134404347959431458e-01,-3.103056613538729969e-01,5.000000000000000000e-01
5.132936764085853643e-01,-3.105550331572274891e-01,5.000000000000000000e-01
5.131485988909019191e-01,-3.108011086264648171e-01,5.000000000000000000e-01
5.130052331355288153e-01,-3.110438543100895736e-01,5.000000000000000000e-01
5.128635750656462822e-01,-3.112832993022580652e-01,5.000000000000000000e-01
5.127236115496226487e-01,-3.115194869939393874e-01,5.000000000000000000e-01
5.125853963505896393e-01,-3.117523400311800197e-01,5.000000000000000000e-01
5.124489843934478817e-01,-3.119817796934559739e-01,5.000000000000000000e-01
5.123143027778127578e-01,-3.122079547017553303e-01,5.000000000000000000e-01
5.121814436278637750e-01,-3.124307184403442017e-01,5.000000000000000000e-01
5.120502424099526717e-01,-3.126503785312069184e-01,5.000000000000000000e-01
5.119204961975627466e-01,-3.128673032703161994e-01,5.000000000000000000e-01
5.117921770125340997e-01,-3.130815476593508673e-01,5.000000000000000000e-01
5.116655491825861102e-01,-3.132926562360195399e-01,5.000000000000000000e-01
5.115406085149643012e-01,-3.135006497627671473e-01,5.000000000000000000e-01
5.114172550250672966e-01,-3.137057148929146000e-01,5.000000000000000000e-01
5.112956527140425367e-01,-3.139075778460115318e-01,5.000000000000000000e-01
5.111757041351978614e-01,-3.141064210264903345e-01,5.000000000000000000e-01
5.110574289306080153e-01,-3.143022219661527061e-01,5.000000000000000000e-01
5.109410311363752344e-01,-3.144946419391280168e-01,5.000000000000000000e-01
5.108265592113150344e-01,-3.146836141346447957e-01,5.000000000000000000e-01
5.107139347968697729e-01,-3.148692888698286785e-01,5.000000000000000000e-01
5.106030824296142745e-01,-3.150518085664724133e-01,5.000000000000000000e-01
5.104940580587694621e-01,-3.152310897303768344e-01,5.000000000000000000e-01
5.103867788498430702e-01,-3.154072852748067701e-01,5.000000000000000000e-01
5.102812461317119963e-01,-3.155804033590698943e-01,5.000000000000000000e-01
5.101775402500305923e-01,-3.157503184912547334e-01,5.000000000000000000e-01
5.100756560844522669e-01,-3.159170509379856107e-01,5.000000000000000000e-01
5.099756647049331626e-01,-3.160804923650072373e-01,5.000000000000000000e-01
5.098776371129951634e-01,-3.162405358559292612e-01,5.000000000000000000e-01
5.097814812752610170e-01,-3.163973482883440935e-01,5.000000000000000000e-01
5.096868427451199945e-01,-3.165515323661407532e-01,5.000000000000000000e-01
5.095937660810579972e-01,-3.167030182504847469e-01,5.000000000000000000e-01
5.095025713334555562e-01,-3.168512791702246534e-01,5.000000000000000000e-01
5.094134007890589455e-01,-3.169960898852089426e-01,5.000000000000000000e-01
5.093261801041721881e-01,-3.171375863530447869e-01,5.000000000000000000e-01
5.092408582049914312e-01,-3.172758640196743363e-01,5.000000000000000000e-01
5.091573844879209165e-01,-3.174110161771002137e-01,5.000000000000000000e-01
5.090757220795327775e-01,-3.175431122979537890e-01,5.000000000000000000e-01
5.089959162178129271e-01,-3.176720859405564035e-01,5.000000000000000000e-01
5.089179232261776820e-01,-3.177980172390025837e-01,5.000000000000000000e-01
5.088417118373391723e-01,-3.179209651089246469e-01,5.000000000000000000e-01
5.087673418224680777e-01,-3.180408387921052071e-01,5.000000000000000000e-01
5.086947591803945290e-01,-3.181577342499629091e-01,5.000000000000000000e-01
5.086239531022417326e-01,-3.182716760054138394e-01,5.000000000000000000e-01
5.085549607388450966e-01,-3.183826101573515865e-01,5.000000000000000000e-01
5.084877967034351354e-01,-3.184905198501094548e-01,5.000000000000000000e-01
5.084224507862564746e-01,-3.185954285684632348e-01,5.000000000000000000e-01
5.083589040003864135e-01,-3.186973737209676250e-01,5.000000000000000000e-01
5.082971376802279950e-01,-3.187963917890077048e-01,5.000000000000000000e-01
5.082372119089664242e-01,-3.188923914521185066e-01,5.000000000000000000e-01
5.081791335176799596e-01,-3.189853679567829503e-01,5.000000000000000000e-01
5.081227874740643635e-01,-3.190755131448561599e-01,5.000000000000000000e-01
5.080681499899478704e-01,-3.191628703595399963e-01,5.000000000000000000e-01
5.080152418953418625e-01,-3.192474107682837792e-01,5.000000000000000000e-01
5.079640825568521034e-01,-3.193291080155363781e-01,5.000000000000000000e-01
5.079146801087406349e-01,-3.194079538641669824e-01,5.000000000000000000e-01
5.078670847297723778e-01,-3.194838725113395284e-01,5.000000000000000000e-01
5.078213410781811099e-01,-3.195567972570295123e-01,5.000000000000000000e-01
5.077774171785416346e-01,-3.196267843283669974e-01,5.000000000000000000e-01
5.077352698525849917e-01,-3.196939074069456987e-01,5.000000000000000000e-01
5.076949138059145827e-01,-3.197581470810826887e-01,5.000000000000000000e-01
5.076563586029925190e-01,-3.198194920811419650e-01,5.000000000000000000e-01
5.076195972536166057e-01,-3.198779574529285741e-01,5.000000000000000000e-01
5.075846491638799085e-01,-3.199335158888237385e-01,5.000000000000000000e-01
5.075515011638300766e-01,-3.199861919491271411e-01,5.000000000000000000e-01
5.075201328784162413e-01,-3.200360214099194911e-01,5.000000000000000000e-01
5.074905457637977069e-01,-3.200830049963772628e-01,5.000000000000000000e-01
5.074627393563022615e-01,-3.201271463254339866e-01,5.000000000000000000e-01
5.074367104132824213e-01,-3.201684532609111455e-01,5.000000000000000000e-01
5.074124595383660008e-01,-3.202069273666406923e-01,5.000000000000000000e-01
5.073899895456474018e-01,-3.202425665255294041e-01,5.000000000000000000e-01
5.073693102770149288e-01,-3.202753572951562155e-01,5.000000000000000000e-01
5.073504326891103977e-01,-3.203052843187297882e-01,5.000000000000000000e-01
5.073333657792358231e-01,-3.203323351988925927e-01,5.000000000000000000e-01
5.073181187260838998e-01,-3.203564970867316397e-01,5.000000000000000000e-01
5.073046980952768958e-01,-3.203777611084899224e-01,5.000000000000000000e-01
5.072931218379892471e-01,-3.203961001551295373e-01,5.000000000000000000e-01
5.072833870985908877e-01,-3.204115199410271231e-01,5.000000000000000000e-01
5.072754840694846390e-01,-3.204240369986600667e-01,5.000000000000000000e-01
5.072694440023570728e-01,-3.204336025741706395e-01,5.000000000000000000e-01
5.072652593180281277e-01,-3.204402292922172713e-01,5.000000000000000000e-01
5.072628931158409404e-01,-3.204439760450590868e-01,5.000000000000000000e-01
5.072623180117361574e-01,-3.204448864401719943e-01,5.000000000000000000e-01
5.072635012205999328e-01,-3.204430124669221946e-01,5.000000000000000000e-01
5.072664789995310342e-01,-3.204382965199256694e-01,5.000000000000000000e-01
5.072713181008016159e-01,-3.204306324774738868e-01,5.000000000000000000e-01
5.072780005988666296e-01,-3.204200482502750358e-01,5.000000000000000000e-01
5.072865101688880385e-01,-3.204065690334811922e-01,5.000000000000000000e-01
5.072967914634023412e-01,-3.203902817463264441e-01,5.000000000000000000e-01
5.073088408932737714e-01,-3.203711910861668510e-01,5.000000000000000000e-01
5.073227130488573433e-01,-3.203492092566145866e-01,5.000000000000000000e-01
5.073384200519412968e-01,-3.203243156188289031e-01,5.000000000000000000e-01
5.073559690618445472e-01,-3.202964972077356198e-01,5.000000000000000000e-01
5.073753811339360986e-01,-3.202657187809233585e-01,5.000000000000000000e-01
5.073966462931713828e-01,-3.202319941808404735e-01,5.000000000000000000e-01
5.074197558245514550e-01,-3.201953350836114209e-01,5.000000000000000000e-01
5.074447792146852265e-01,-3.201556285641461996e-01,5.000000000000000000e-01
5.074716801589873594e-01,-3.201129297386465788e-01,5.000000000000000000e-01
5.075004057884715536e-01,-3.200673200273461694e-01,5.000000000000000000e-01
5.075309543064889795e-01,-3.200187994138218861e-01,5.000000000000000000e-01
5.075633577803331242e-01,-3.199673136769466408e-01,5.000000000000000000e-01
5.075976034876825693e-01,-3.199128797982714323e-01,5.000000000000000000e-01
5.076336142886841429e-01,-3.198556175373737931e-01,5.000000000000000000e-01
5.076712708805890539e-01,-3.197957141835625627e-01,5.000000000000000000e-01
5.077106201784873374e-01,-3.197330913090778437e-01,5.000000000000000000e-01
5.077518273833332429e-01,-3.196674806413953851e-01,5.000000000000000000e-01
5.077948587705166661e-01,-3.195989319538994344e-01,5.000000000000000000e-01
5.078396199618517848e-01,-3.195275923206829516e-01,5.000000000000000000e-01
5.078861231450382263e-01,-3.194534378608148706e-01,5.000000000000000000e-01
5.079343588247872132e-01,-3.193764793160638327e-01,5.000000000000000000e-01
5.079843906171856993e-01,-3.192966095995073417e-01,5.000000000000000000e-01
5.080362813444172509e-01,-3.192137223971838189e-01,5.000000000000000000e-01
5.080899037673878293e-01,-3.191280175516023609e-01,5.000000000000000000e-01
5.081451953781184194e-01,-3.190395908033473171e-01,5.000000000000000000e-01
5.082021343294196303e-01,-3.189484722513513115e-01,5.000000000000000000e-01
5.082606801026452459e-01,-3.188547221655743669e-01,5.000000000000000000e-01
5.083208565687803437e-01,-3.187582964328845581e-01,5.000000000000000000e-01
5.083826481281761289e-01,-3.186592147151824372e-01,5.000000000000000000e-01
5.084461220123668301e-01,-3.185573619186936600e-01,5.000000000000000000e-01
5.085113365998243928e-01,-3.184526368011489916e-01,5.000000000000000000e-01
5.085783618778197956e-01,-3.183449187085939380e-01,5.000000000000000000e-01
5.086472286639553975e-01,-3.182341503376325820e-01,5.000000000000000000e-01
5.087179027268740050e-01,-3.181203804270307245e-01,5.000000000000000000e-01
5.087905322604858727e-01,-3.180033588954795931e-01,5.000000000000000000e-01
5.088650771971050535e-01,-3.178831434248956533e-01,5.000000000000000000e-01
5.089413103612314693e-01,-3.177600992632625410e-01,5.000000000000000000e-01
5.090192487789012565e-01,-3.176341908478378384e-01,5.000000000000000000e-01
5.090991167193200662e-01,-3.175050404929523062e-01,5.000000000000000000e-01
5.091808350127775551e-01,-3.173727701927229750e-01,5.000000000000000000e-01
5.092642879956059687e-01,-3.172375627011762567e-01,5.000000000000000000e-01
5.093494750384275349e-01,-3.170994104705954220e-01,5.000000000000000000e-01
5.094365027982891148e-01,-3.169581275341128990e-01,5.000000000000000000e-01
5.095254269106351819e-01,-3.168136118673164914e-01,5.000000000000000000e-01
5.096160898956182406e-01,-3.166661164601797251e-01,5.000000000000000000e-01
5.097086532788919211e-01,-3.165153618152157233e-01,5.000000000000000000e-01
5.098028943412682423e-01,-3.163617107348423718e-01,5.000000000000000000e-01
5.098985817633707729e-01,-3.162055418404499108e-01,5.000000000000000000e-01
5.099958397276715960e-01,-3.160466367937626586e-01,5.000000000000000000e-01
5.100946340842025251e-01,-3.158850432618494075e-01,5.000000000000000000e-01
5.101950399428754057e-01,-3.157206242924763817e-01,5.000000000000000000e-01
5.102969006397835017e-01,-3.155536347731869862e-01,5.000000000000000000e-01
5.104002943953960258e-01,-3.153839317885334115e-01,5.000000000000000000e-01
5.105055358307435398e-01,-3.152109693622838771e-01,5.000000000000000000e-01
5.106125730794426332e-01,-3.150348245621302778e-01,5.000000000000000000e-01
5.107213676135796687e-01,-3.148555517516259394e-01,5.000000000000000000e-01
5.108317812455928086e-01,-3.146733760882486353e-01,5.000000000000000000e-01
5.109434500018725789e-01,-3.144889113410017645e-01,5.000000000000000000e-01
5.110564246101103603e-01,-3.143020589420595368e-01,5.000000000000000000e-01
5.111707620544795327e-01,-3.141127088189756833e-01,5.000000000000000000e-01
5.112863938486480464e-01,-3.139209680070210728e-01,5.000000000000000000e-01
5.114034854474610592e-01,-3.137265374423827136e-01,5.000000000000000000e-01
5.115221754892675943e-01,-3.135291639331008740e-01,5.000000000000000000e-01
5.116426612854769740e-01,-3.133284908499037735e-01,5.000000000000000000e-01
5.117649520283018560e-01,-3.131244897222021928e-01,5.000000000000000000e-01
5.118889329834914736e-01,-3.129173492028506365e-01,5.000000000000000000e-01
5.120143716371385878e-01,-3.127074657372392874e-01,5.000000000000000000e-01
5.121412847145760949e-01,-3.124947966118979403e-01,5.000000000000000000e-01
5.122696740608783106e-01,-3.122793251341128284e-01,5.000000000000000000e-01
5.123994092043542281e-01,-3.120612695079719723e-01,5.000000000000000000e-01
5.125306430495211174e-01,-3.118403436039476340e-01,5.000000000000000000e-01
5.126633282455128615e-01,-3.116166180887047776e-01,5.000000000000000000e-01
5.127971795395228627e-01,-3.113905904871239194e-01,5.000000000000000000e-01
5.129323053832413049e-01,-3.111620512040191300e-01,5.000000000000000000e-01
5.130686081793206510e-01,-3.109311618263734811e-01,5.000000000000000000e-01
5.132061427362851758e-01,-3.106978086979582110e-01,5.000000000000000000e-01
5.133452369293084461e-01,-3.104613819229433691e-01,5.000000000000000000e-01
5.134858273924136629e-01,-3.102219832644153019e-01,5.000000000000000000e-01
5.136278197956276603e-01,-3.099797712182781328e-01,5.000000000000000000e-01
5.137713203086310410e-01,-3.097345365171139675e-01,5.000000000000000000e-01
5.139161482740159936e-01,-3.094865971673575467e-01,5.000000000000000000e-01
5.140620616753347472e-01,-3.092363849888341565e-01,5.000000000000000000e-01
5.142092665375815885e-01,-3.089835017955038232e-01,5.000000000000000000e-01
5.143579616882876238e-01,-3.087275622778110629e-01,5.000000000000000000e-01
5.145079815246439425e-01,-3.084688609906351964e-01,5.000000000000000000e-01
5.146590206188008665e-01,-3.082079545525374664e-01,5.000000000000000000e-01
5.148109467997692423e-01,-3.079450740465374814e-01,5.000000000000000000e-01
5.149641731269726241e-01,-3.076794219337180003e-01,5.000000000000000000e-01
5.151188238884039095e-01,-3.074107472025933707e-01,5.000000000000000000e-01
5.152748049667271735e-01,-3.071392148292058089e-01,5.000000000000000000e-01
5.154321257014314872e-01,-3.068647913189047616e-01,5.000000000000000000e-01
5.155905807147078690e-01,-3.065878550035828765e-01,5.000000000000000000e-01
5.157504093739802009e-01,-3.063079279697339397e-01,5.000000000000000000e-01
5.159116646191471700e-01,-3.060248924547532834e-01,5.000000000000000000e-01
5.160742589803142266e-01,-3.057389030571728283e-01,5.000000000000000000e-01
5.162382277176884582e-01,-3.054498747213718612e-01,5.000000000000000000e-01
5.164036584309195099e-01,-3.051576198440288379e-01,5.000000000000000000e-01
5.165705508292965931e-01,-3.048621230926614745e-01,5.000000000000000000e-01
5.167389413752647709e-01,-3.045632964167038770e-01,5.000000000000000000e-01
5.169085997685674005e-01,-3.042615792292343579e-01,5.000000000000000000e-01
5.170791827538123719e-01,-3.039576351064989801e-01,5.000000000000000000e-01
5.172509918580041610e-01,-3.036508373651024550e-01,5.000000000000000000e-01
5.174242054108130207e-01,-3.033408079043016237e-01,5.000000000000000000e-01
5.175986452705281238e-01,-3.030278884581811827e-01,5.000000000000000000e-01
5.177744610039197726e-01,-3.027117559059441243e-01,5.000000000000000000e-01
5.179520035704722192e-01,-3.023916774872666968e-01,5.000000000000000000e-01
5.181309639851275906e-01,-3.020682710834990958e-01,5.000000000000000000e-01
5.183111678003375911e-01,-3.017418761067653943e-01,5.000000000000000000e-01
5.184928770177807955e-01,-3.014119282818787937e-01,5.000000000000000000e-01
5.186758770089872073e-01,-3.010788538962188010e-01,5.000000000000000000e-01
5.188599791203059031e-01,-3.007430230929549753e-01,5.000000000000000000e-01
5.190452965280611952e-01,-3.004041716372923831e-01,5.000000000000000000e-01
5.192319359040209470e-01,-3.000620501325658163e-01,5.000000000000000000e-01
5.194198916787101661e-01,-2.997166478018322144e-01,5.000000000000000000e-01
5.196089341436163078e-01,-2.993684300595316206e-01,5.000000000000000000e-01
5.197988580697014971e-01,-2.990178075689439718e-01,5.000000000000000000e-01
5.199898054183499374e-01,-2.986644424780315887e-01,5.000000000000000000e-01
5.201816410452052564e-01,-2.983085977956421164e-01,5.000000000000000000e-01
5.203741644544781497e-01,-2.979506781044706787e-01,5.000000000000000000e-01
5.205673469846113788e-01,-2.975907100203715738e-01,5.000000000000000000e-01
5.207613427566126774e-01,-2.972283209072260068e-01,5.000000000000000000e-01
5.209561500911917831e-01,-2.968634847684404887e-01,5.000000000000000000e-01
5.211517632307355319e-01,-2.964961874782687801e-01,5.000000000000000000e-01
5.213485631701932910e-01,-2.961255514791425458e-01,5.000000000000000000e-01
5.215462066159544108e-01,-2.957523321141952155e-01,5.000000000000000000e-01
5.217445772246831481e-01,-2.953767666768437605e-01,5.000000000000000000e-01
5.219436564497812459e-01,-2.949988667385315955e-01,5.000000000000000000e-01
5.221433802947983427e-01,-2.946187501516343010e-01,5.000000000000000000e-01
5.223435047316440372e-01,-2.942369451503882294e-01,5.000000000000000000e-01
5.225434421433694521e-01,-2.938547706133879389e-01,5.000000000000000000e-01
5.227434527234162687e-01,-2.934715641183803791e-01,5.000000000000000000e-01
5.229437670899128587e-01,-2.930867436427170847e-01,5.000000000000000000e-01
5.231444547515197163e-01,-2.927001167785289182e-01,5.000000000000000000e-01
5.233460020508218236e-01,-2.923105113486326179e-01,5.000000000000000000e-01
5.235483952814112829e-01,-2.919179577070262210e-01,5.000000000000000000e-01
5.237507869902398028e-01,-2.915244784965427272e-01,5.000000000000000000e-01
5.239529263017227434e-01,-2.911306335572451109e-01,5.000000000000000000e-01
5.241551075703897444e-01,-2.907356573336390415e-01,5.000000000000000000e-01
5.243574020608261499e-01,-2.903393431991759810e-01,5.000000000000000000e-01
5.245596981696025729e-01,-2.899419382923428268e-01,5.000000000000000000e-01
5.247619865479289381e-01,-2.895434363613997863e-01,5.000000000000000000e-01
5.249647352820797641e-01,-2.891426508291081166e-01,5.000000000000000000e-01
5.251680271374175035e-01,-2.887393762317769230e-01,5.000000000000000000e-01
5.253714504576967315e-01,-2.883346527463036546e-01,5.000000000000000000e-01
5.255750058161758886e-01,-2.879284585467067892e-01,5.000000000000000000e-01
5.257783703923456509e-01,-2.875215936823772855e-01,5.000000000000000000e-01
5.259813039746676910e-01,-2.871146351049703727e-01,5.000000000000000000e-01
5.261842403720722317e-01,-2.867064150510053033e-01,5.000000000000000000e-01
5.263872195943388732e-01,-2.862968135723388263e-01,5.000000000000000000e-01
5.265902721226483063e-01,-2.858857421023003331e-01,5.000000000000000000e-01
5.267935907455068012e-01,-2.854726861985422692e-01,5.000000000000000000e-01
5.269970527995158083e-01,-2.850579778812466492e-01,5.000000000000000000e-01
5.272007665410024524e-01,-2.846413260029754255e-01,5.000000000000000000e-01
5.274048755402298561e-01,-2.842223502241138511e-01,5.000000000000000000e-01
5.276093622942497063e-01,-2.838011123540405967e-01,5.000000000000000000e-01
5.278142033593785643e-01,-2.833776861324061036e-01,5.000000000000000000e-01
5.280191501764173179e-01,-2.829527554671852352e-01,5.000000000000000000e-01
5.282239508739262623e-01,-2.825269953704653836e-01,5.000000000000000000e-01
5.284287440256483226e-01,-2.820999797386565255e-01,5.000000000000000000e-01
5.286337263123133123e-01,-2.816711340820770570e-01,5.000000000000000000e-01
5.288389709134744265e-01,-2.812402485809875063e-01,5.000000000000000000e-01
5.290444535115003122e-01,-2.808073949314721096e-01,5.000000000000000000e-01
5.292501158907150227e-01,-2.803727375502657604e-01,5.000000000000000000e-01
5.294560043123324178e-01,-2.799361343747480135e-01,5.000000000000000000e-01
5.296621628049147379e-01,-2.794974521748856411e-01,5.000000000000000000e-01
5.298685207723277113e-01,-2.790568958458851667e-01,5.000000000000000000e-01
5.300750348995668659e-01,-2.786145813224880086e-01,5.000000000000000000e-01
5.302813649430480059e-01,-2.781714988239150088e-01,5.000000000000000000e-01
5.304876318050326667e-01,-2.777272318668090323e-01,5.000000000000000000e-01
5.306942062265803672e-01,-2.772806241789691484e-01,5.000000000000000000e-01
5.309008339022445178e-01,-2.768324621521035533e-01,5.000000000000000000e-01
5.311076232924498708e-01,-2.763823926930436548e-01,5.000000000000000000e-01
5.313147937149749200e-01,-2.759297312547622227e-01,5.000000000000000000e-01
5.315220529063776622e-01,-2.754754081124849985e-01,5.000000000000000000e-01
5.317292376702287271e-01,-2.750199114975795389e-01,5.000000000000000000e-01
5.319365988149202806e-01,-2.745624007606809469e-01,5.000000000000000000e-01
5.321442441410539903e-01,-2.741025267673385946e-01,5.000000000000000000e-01
5.323519097820318402e-01,-2.736411468959291104e-01,5.000000000000000000e-01
5.325593295529733595e-01,-2.731790883778159595e-01,5.000000000000000000e-01
5.327666969558089161e-01,-2.727156424223594611e-01,5.000000000000000000e-01
5.329740153935097480e-01,-2.722507601101534780e-01,5.000000000000000000e-01
5.331811806540114329e-01,-2.717847596171458213e-01,5.000000000000000000e-01
5.333884168154165994e-01,-2.713168428130797727e-01,5.000000000000000000e-01
5.335955814555104482e-01,-2.708474906452724706e-01,5.000000000000000000e-01
5.338026308844301404e-01,-2.703768269596434348e-01,5.000000000000000000e-01
5.340096196071117962e-01,-2.699046276037948000e-01,5.000000000000000000e-01
5.342165332539434708e-01,-2.694309256705856859e-01,5.000000000000000000e-01
5.344235084688782056e-01,-2.689552206952404156e-01,5.000000000000000000e-01
5.346301195442904053e-01,-2.684790257204587305e-01,5.000000000000000000e-01
5.348360990471741072e-01,-2.680032109792103712e-01,5.000000000000000000e-01
5.350418076563130398e-01,-2.675263401313769940e-01,5.000000000000000000e-01
5.352472386822075823e-01,-2.670484048997837090e-01,5.000000000000000000e-01
5.354521606895628061e-01,-2.665702298375354218e-01,5.000000000000000000e-01
5.356566574915422319e-01,-2.660914250128651459e-01,5.000000000000000000e-01
5.358608524785223315e-01,-2.656114836150735847e-01,5.000000000000000000e-01
5.360647142449508351e-01,-2.651305200247594529e-01,5.000000000000000000e-01
5.362683673884458546e-01,-2.646480510041981926e-01,5.000000000000000000e-01
5.364718410437003815e-01,-2.641639877882244192e-01,5.000000000000000000e-01
5.366749563230990283e-01,-2.636790575329107655e-01,5.000000000000000000e-01
5.368776427720478583e-01,-2.631935064112836398e-01,5.000000000000000000e-01
5.370800026803851379e-01,-2.627068852765298002e-01,5.000000000000000000e-01
5.372818414518760743e-01,-2.622199607596146231e-01,5.000000000000000000e-01
5.374827382948563770e-01,-2.617343686357443411e-01,5.000000000000000000e-01
5.376827907911879700e-01,-2.612495106399549405e-01,5.000000000000000000e-01
5.378823416254022716e-01,-2.607638469007448889e-01,5.000000000000000000e-01
5.380814076547136837e-01,-2.602773249469636507e-01,5.000000000000000000e-01
5.382798099942232017e-01,-2.597907299884104626e-01,5.000000000000000000e-01
5.384775713402096819e-01,-2.593039192362471823e-01,5.000000000000000000e-01
5.386747954323547471e-01,-2.588164247529957107e-01,5.000000000000000000e-01
5.388715008700025733e-01,-2.583281861479629349e-01,5.000000000000000000e-01
5.390673255184802448e-01,-2.578408223715050740e-01,5.000000000000000000e-01
5.392622667691813199e-01,-2.573542182618797081e-01,5.000000000000000000e-01
5.394563849746674133e-01,-2.568679913078167343e-01,5.000000000000000000e-01
5.396496825999372859e-01,-2.563820834388875758e-01,5.000000000000000000e-01
5.398424264619202662e-01,-2.558952331279163994e-01,5.000000000000000000e-01
5.400346732165994812e-01,-2.554072836428815663e-01,5.000000000000000000e-01
5.402262254833420929e-01,-2.549192744593140048e-01,5.000000000000000000e-01
5.404170847036873226e-01,-2.544311961557214063e-01,5.000000000000000000e-01
5.406073572303782271e-01,-2.539425285852441316e-01,5.000000000000000000e-01
5.407970510828657984e-01,-2.534532956484563115e-01,5.000000000000000000e-01
5.409863734660814716e-01,-2.529625331642451069e-01,5.000000000000000000e-01
5.411752697680569657e-01,-2.524706740000915439e-01,5.000000000000000000e-01
5.413636158652349595e-01,-2.519784424250635091e-01,5.000000000000000000e-01
5.415514305166658771e-01,-2.514857370500936384e-01,5.000000000000000000e-01
5.417387641866848735e-01,-2.509923087474024150e-01,5.000000000000000000e-01
5.419256382811721284e-01,-2.504980840257908792e-01,5.000000000000000000e-01
5.421120653979567550e-01,-2.500030461223053391e-01,5.000000000000000000e-01
5.422979030149480684e-01,-2.495079930228582543e-01,5.000000000000000000e-01
5.424830584733703054e-01,-2.490133610353840732e-01,5.000000000000000000e-01
5.426676822643634601e-01,-2.485181920723182614e-01,5.000000000000000000e-01
5.428518203664931541e-01,-2.480222568735679922e-01,5.000000000000000000e-01
5.430354578706375612e-01,-2.475256942889250689e-01,5.000000000000000000e-01
5.432186059832266878e-01,-2.470284756821647942e-01,5.000000000000000000e-01
5.434013238917576594e-01,-2.465302891022623788e-01,5.000000000000000000e-01
5.435835349740349987e-01,-2.460316612756896226e-01,5.000000000000000000e-01
5.437651002680157220e-01,-2.455334001404696209e-01,5.000000000000000000e-01
5.439460128640971615e-01,-2.450354022548175692e-01,5.000000000000000000e-01
5.441264084975367954e-01,-2.445367215490487078e-01,5.000000000000000000e-01
5.443063441339732744e-01,-2.440370660250715806e-01,5.000000000000000000e-01
5.444857724320775194e-01,-2.435368405612802767e-01,5.000000000000000000e-01
5.446646320958513643e-01,-2.430364618389263542e-01,5.000000000000000000e-01
5.448429782653338993e-01,-2.425355211826278889e-01,5.000000000000000000e-01
5.450208429028928769e-01,-2.420338337209372859e-01,5.000000000000000000e-01
5.451982704750772957e-01,-2.415311722982047549e-01,5.000000000000000000e-01
5.453753145968605054e-01,-2.410272723527860372e-01,5.000000000000000000e-01
5.455520667467574913e-01,-2.405216614530414354e-01,5.000000000000000000e-01
5.457284170786580457e-01,-2.400153164769201486e-01,5.000000000000000000e-01
5.459042237870268544e-01,-2.395092543646679117e-01,5.000000000000000000e-01
5.460796520836077583e-01,-2.390020501585813362e-01,5.000000000000000000e-01
5.462546771454817041e-01,-2.384939904519987608e-01,5.000000000000000000e-01
5.464292471240730364e-01,-2.379854993623858883e-01,5.000000000000000000e-01
5.466034348792400133e-01,-2.374759553530286504e-01,5.000000000000000000e-01
5.467772644129316184e-01,-2.369652535554833683e-01,5.000000000000000000e-01
5.469507403103806009e-01,-2.364534635599507550e-01,5.000000000000000000e-01
5.471238563921452247e-01,-2.359407001343368782e-01,5.000000000000000000e-01
5.472965049574347596e-01,-2.354278651013621271e-01,5.000000000000000000e-01
5.474686983700460807e-01,-2.349146497629185648e-01,5.000000000000000000e-01
5.476404865465728244e-01,-2.344005130050342278e-01,5.000000000000000000e-01
5.478119354217984016e-01,-2.338849548726869010e-01,5.000000000000000000e-01
5.479830631243278738e-01,-2.333679929262010011e-01,5.000000000000000000e-01
5.481538499099924966e-01,-2.328499844933607510e-01,5.000000000000000000e-01
5.483243569575698695e-01,-2.323304036278211471e-01,5.000000000000000000e-01
5.484945082635139801e-01,-2.318101443127360828e-01,5.000000000000000000e-01
5.486642314074507976e-01,-2.312897785166999343e-01,5.000000000000000000e-01
5.488335235283350322e-01,-2.307690329425542974e-01,5.000000000000000000e-01
5.490023780346247051e-01,-2.302477916314443207e-01,5.000000000000000000e-01
5.491708120915388402e-01,-2.297257672119212835e-01,5.000000000000000000e-01
5.493388327230657175e-01,-2.292028786295783882e-01,5.000000000000000000e-01
5.495064748101031737e-01,-2.286788011909549612e-01,5.000000000000000000e-01
5.496737829624959160e-01,-2.281531981735769876e-01,5.000000000000000000e-01
5.498406969357149121e-01,-2.276269995355200970e-01,5.000000000000000000e-01
5.500072313500301568e-01,-2.270999200686950603e-01,5.000000000000000000e-01
5.501733884577489908e-01,-2.265719041479686835e-01,5.000000000000000000e-01
5.503390910705221462e-01,-2.260438918662662777e-01,5.000000000000000000e-01
5.505043397935778238e-01,-2.255154704201859928e-01,5.000000000000000000e-01
5.506691404302948012e-01,-2.249863858251146542e-01,5.000000000000000000e-01
5.508334521724274069e-01,-2.244571233266295374e-01,5.000000000000000000e-01
5.509972117219792409e-01,-2.239282425752573413e-01,5.000000000000000000e-01
5.511603812471250752e-01,-2.233997309614030313e-01,5.000000000000000000e-01
5.513229229340006476e-01,-2.228716400660505359e-01,5.000000000000000000e-01
5.514848984246156771e-01,-2.223427006232089886e-01,5.000000000000000000e-01
5.516463893386349682e-01,-2.218120391485816079e-01,5.000000000000000000e-01
5.518073449712943557e-01,-2.212812826531382893e-01,5.000000000000000000e-01
5.519677502406532543e-01,-2.207504622484898760e-01,5.000000000000000000e-01
5.521276361861333637e-01,-2.202188496017715158e-01,5.000000000000000000e-01
5.522869934642233858e-01,-2.196868956924124261e-01,5.000000000000000000e-01
5.524457812317842276e-01,-2.191552679869404052e-01,5.000000000000000000e-01
5.526039186111820767e-01,-2.186248709940215862e-01,5.000000000000000000e-01
5.527613585597421775e-01,-2.180954644621129757e-01,5.000000000000000000e-01
5.529180909243001096e-01,-2.175663915797018677e-01,5.000000000000000000e-01
5.530740790198053203e-01,-2.170382158677761075e-01,5.000000000000000000e-01
5.532293169335393834e-01,-2.165104700699058693e-01,5.000000000000000000e-01
5.533838261453150054e-01,-2.159825899503047542e-01,5.000000000000000000e-01
5.535375957376018619e-01,-2.154552934116247820e-01,5.000000000000000000e-01
5.536906173281432864e-01,-2.149285698816464918e-01,5.000000000000000000e-01
5.538429229665893239e-01,-2.144014676259413665e-01,5.000000000000000000e-01
5.539945206891462304e-01,-2.138746852454397329e-01,5.000000000000000000e-01
5.541453910745713918e-01,-2.133488465451478522e-01,5.000000000000000000e-01
5.542955388761003910e-01,-2.128231414048570302e-01,5.000000000000000000e-01
5.544449832485791596e-01,-2.122974807522491902e-01,5.000000000000000000e-01
5.545937211587990134e-01,-2.117725645287460434e-01,5.000000000000000000e-01
5.547417149631443944e-01,-2.112491484985106194e-01,5.000000000000000000e-01
5.548889154672485002e-01,-2.107273638702050200e-01,5.000000000000000000e-01
5.550353088902517662e-01,-2.102061386086505612e-01,5.000000000000000000e-01
5.551809210757935320e-01,-2.096849788013175897e-01,5.000000000000000000e-01
5.553257901895292115e-01,-2.091639305412113514e-01,5.000000000000000000e-01
5.554699413383494822e-01,-2.086432374291579683e-01,5.000000000000000000e-01
5.556133777681944164e-01,-2.081235925200546899e-01,5.000000000000000000e-01
5.557560775643336504e-01,-2.076051751644245325e-01,5.000000000000000000e-01
5.558980124124093258e-01,-2.070882709638936503e-01,5.000000000000000000e-01
5.560391391259426053e-01,-2.065734783507675587e-01,5.000000000000000000e-01
5.561794074782610009e-01,-2.060605100391491584e-01,5.000000000000000000e-01
5.563188045532860837e-01,-2.055479516061215484e-01,5.000000000000000000e-01
5.564573808476833694e-01,-2.050354770226138768e-01,5.000000000000000000e-01
5.565951857216824283e-01,-2.045240217878461497e-01,5.000000000000000000e-01
5.567322229333923067e-01,-2.040138006260058257e-01,5.000000000000000000e-01
5.568684903591754054e-01,-2.035041926817043878e-01,5.000000000000000000e-01
5.570040160423672670e-01,-2.029953154093974976e-01,5.000000000000000000e-01
5.571388184175742886e-01,-2.024875752664311024e-01,5.000000000000000000e-01
5.572728918625144967e-01,-2.019814927876679989e-01,5.000000000000000000e-01
5.574062067952625377e-01,-2.014773458266308492e-01,5.000000000000000000e-01
5.575387251625665286e-01,-2.009746572393524278e-01,5.000000000000000000e-01
5.576704408956381087e-01,-2.004735678449777458e-01,5.000000000000000000e-01
5.578013461151776209e-01,-1.999745462875748558e-01,5.000000000000000000e-01
5.579314075110664017e-01,-1.994774853779416324e-01,5.000000000000000000e-01
5.580606059633339555e-01,-1.989825189671721728e-01,5.000000000000000000e-01
5.581889222247135018e-01,-1.984902217752113340e-01,5.000000000000000000e-01
5.583163093007457167e-01,-1.980007461041149164e-01,5.000000000000000000e-01
5.584427159248530614e-01,-1.975137175683097934e-01,5.000000000000000000e-01
5.585681264123822931e-01,-1.970290892485980772e-01,5.000000000000000000e-01
5.586925369813751097e-01,-1.965472629064262955e-01,5.000000000000000000e-01
5.588159242106548463e-01,-1.960684611487970297e-01,5.000000000000000000e-01
5.589382523311445805e-01,-1.955925110673156775e-01,5.000000000000000000e-01
5.590595121696473324e-01,-1.951198175390294609e-01,5.000000000000000000e-01
5.591796659443141193e-01,-1.946498913703484379e-01,5.000000000000000000e-01
5.592986983165399995e-01,-1.941813643504503029e-01,5.000000000000000000e-01
5.594167030709946697e-01,-1.937143198731607896e-01,5.000000000000000000e-01
5.595337719228223872e-01,-1.932496667783886457e-01,5.000000000000000000e-01
5.596499166910003931e-01,-1.927876088251443409e-01,5.000000000000000000e-01
5.597651278470712199e-01,-1.923278830935581107e-01,5.000000000000000000e-01
5.598794217734148759e-01,-1.918705646753158522e-01,5.000000000000000000e-01
5.599928212606677391e-01,-1.914163178165328438e-01,5.000000000000000000e-01
5.601052967011431738e-01,-1.909652398011954522e-01,5.000000000000000000e-01
5.602168013801229751e-01,-1.905166248745667479e-01,5.000000000000000000e-01
5.603273631510232722e-01,-1.900707229572690116e-01,5.000000000000000000e-01
5.604369925742114233e-01,-1.896276553290014988e-01,5.000000000000000000e-01
5.605456818462005719e-01,-1.891872376411671275e-01,5.000000000000000000e-01
5.606534464392021189e-01,-1.887494560594037973e-01,5.000000000000000000e-01
5.607602907100670553e-01,-1.883139148376583027e-01,5.000000000000000000e-01
5.608662539445095074e-01,-1.878804633189077866e-01,5.000000000000000000e-01
5.609713796560038546e-01,-1.874489665658531923e-01,5.000000000000000000e-01
5.610757191535142852e-01,-1.870194751673494860e-01,5.000000000000000000e-01
5.611793118612176112e-01,-1.865920412373557880e-01,5.000000000000000000e-01
5.612821987522446099e-01,-1.861672204675175468e-01,5.000000000000000000e-01
5.613843646258074305e-01,-1.857449849574248912e-01,5.000000000000000000e-01
5.614857726923516701e-01,-1.853242916723978062e-01,5.000000000000000000e-01
5.615864989866061752e-01,-1.849053864697485783e-01,5.000000000000000000e-01
5.616866092669332566e-01,-1.844892283259081389e-01,5.000000000000000000e-01
5.617860564631351750e-01,-1.840755178408451098e-01,5.000000000000000000e-01
5.618848208439097824e-01,-1.836638576776365717e-01,5.000000000000000000e-01
5.619829310264408129e-01,-1.832542821296061775e-01,5.000000000000000000e-01
5.620804105700346609e-01,-1.828470129262456945e-01,5.000000000000000000e-01
5.621772708348762304e-01,-1.824425391744980141e-01,5.000000000000000000e-01
5.622734714707614545e-01,-1.820407996239877535e-01,5.000000000000000000e-01
5.623689786471873786e-01,-1.816413728502873082e-01,5.000000000000000000e-01
5.624638020610972511e-01,-1.812439010097941228e-01,5.000000000000000000e-01
5.625579860734992721e-01,-1.808483244276645752e-01,5.000000000000000000e-01
5.626515757023161646e-01,-1.804547882825990324e-01,5.000000000000000000e-01
5.627445921656646366e-01,-1.800632675505627056e-01,5.000000000000000000e-01
5.628370489728775627e-01,-1.796734414973568117e-01,5.000000000000000000e-01
5.629289843415667960e-01,-1.792849625504465971e-01,5.000000000000000000e-01
5.630204619066118132e-01,-1.788977321274159704e-01,5.000000000000000000e-01
5.631115439438626469e-01,-1.785119715530583684e-01,5.000000000000000000e-01
5.632022564069494308e-01,-1.781277051009773349e-01,5.000000000000000000e-01
5.632926127163182528e-01,-1.777446813806220494e-01,5.000000000000000000e-01
5.633826481904866679e-01,-1.773628084936919869e-01,5.000000000000000000e-01
5.634723998600456030e-01,-1.769823261140762716e-01,5.000000000000000000e-01
5.635618733262852675e-01,-1.766032896663878859e-01,5.000000000000000000e-01
5.636510651071937605e-01,-1.762253693195839077e-01,5.000000000000000000e-01
5.637400071219238473e-01,-1.758483332254414111e-01,5.000000000000000000e-01
5.638287437984338402e-01,-1.754723720727222325e-01,5.000000000000000000e-01
5.639172909455114624e-01,-1.750975981926739533e-01,5.000000000000000000e-01
5.640056500748800161e-01,-1.747236926007156022e-01,5.000000000000000000e-01
5.640938551538161594e-01,-1.743505776551488307e-01,5.000000000000000000e-01
5.641819375389164337e-01,-1.739783066177194581e-01,5.000000000000000000e-01
5.642699055814797138e-01,-1.736071874397067394e-01,5.000000000000000000e-01
5.643577312440269944e-01,-1.732375560129586767e-01,5.000000000000000000e-01
5.644453721144210290e-01,-1.728692391392113725e-01,5.000000000000000000e-01
5.645328207372417584e-01,-1.725021033307455876e-01,5.000000000000000000e-01
5.646200867098118970e-01,-1.721361865160414006e-01,5.000000000000000000e-01
5.647071732613646589e-01,-1.717714973465221673e-01,5.000000000000000000e-01
5.647940810904459319e-01,-1.714081018211833507e-01,5.000000000000000000e-01
5.648808168875247837e-01,-1.710458709400429489e-01,5.000000000000000000e-01
5.649673862613644459e-01,-1.706849037398109892e-01,5.000000000000000000e-01
5.650537755745501656e-01,-1.703254159471230544e-01,5.000000000000000000e-01
5.651399736043328792e-01,-1.699672943028283090e-01,5.000000000000000000e-01
5.652259803028787388e-01,-1.696105745158490719e-01,5.000000000000000000e-01
5.653117981105175716e-01,-1.692552737954445830e-01,5.000000000000000000e-01
5.653974453735290950e-01,-1.689012638237981090e-01,5.000000000000000000e-01
5.654829471794315943e-01,-1.685485022441364777e-01,5.000000000000000000e-01
5.655683110230844690e-01,-1.681970442066064997e-01,5.000000000000000000e-01
5.656535375081492845e-01,-1.678469285790862298e-01,5.000000000000000000e-01
5.657386267715565076e-01,-1.674981681782868326e-01,5.000000000000000000e-01
5.658235765261099282e-01,-1.671508020592109289e-01,5.000000000000000000e-01
5.659083900351726815e-01,-1.668048372092894027e-01,5.000000000000000000e-01
5.659930449464780633e-01,-1.664603685160534474e-01,5.000000000000000000e-01
5.660774892493698474e-01,-1.661175791120810818e-01,5.000000000000000000e-01
5.661616909905190509e-01,-1.657765961177792291e-01,5.000000000000000000e-01
5.662456600077030444e-01,-1.654374406224957683e-01,5.000000000000000000e-01
5.663294044681982387e-01,-1.651001122416677069e-01,5.000000000000000000e-01
5.664129129978219268e-01,-1.647646457378240115e-01,5.000000000000000000e-01
5.664961350329809076e-01,-1.644311443048445953e-01,5.000000000000000000e-01
5.665790375476513763e-01,-1.640997427642909012e-01,5.000000000000000000e-01
5.666616229824941176e-01,-1.637705292418057956e-01,5.000000000000000000e-01
5.667439012414279276e-01,-1.634435411975049268e-01,5.000000000000000000e-01
5.668258876788894174e-01,-1.631187841577013686e-01,5.000000000000000000e-01
5.669075544057742277e-01,-1.627962591479726884e-01,5.000000000000000000e-01
5.669888985339412990e-01,-1.624760222813978472e-01,5.000000000000000000e-01
5.670698952470318854e-01,-1.621581127127086908e-01,5.000000000000000000e-01
5.671504936222542259e-01,-1.618425916499037220e-01,5.000000000000000000e-01
5.672307148463318072e-01,-1.615296000683864031e-01,5.000000000000000000e-01
5.673105881748790047e-01,-1.612191909461242467e-01,5.000000000000000000e-01
5.673901431901537951e-01,-1.609113589188551630e-01,5.000000000000000000e-01
5.674694059878688801e-01,-1.606060668679047121e-01,5.000000000000000000e-01
5.675483874963693776e-01,-1.603032529905918657e-01,5.000000000000000000e-01
5.676271276793536380e-01,-1.600029052344055513e-01,5.000000000000000000e-01
5.677056213092526171e-01,-1.597049244253814226e-01,5.000000000000000000e-01
5.677838503699474959e-01,-1.594092453486682937e-01,5.000000000000000000e-01
5.678618510765303107e-01,-1.591159279892929990e-01,5.000000000000000000e-01
5.679396316232134811e-01,-1.588249369444771075e-01,5.000000000000000000e-01
5.680171408329158789e-01,-1.585361555853294080e-01,5.000000000000000000e-01
5.680943264958571159e-01,-1.582495634611664204e-01,5.000000000000000000e-01
5.681711391581921733e-01,-1.579652103378669792e-01,5.000000000000000000e-01
5.682476062242611814e-01,-1.576833126053331924e-01,5.000000000000000000e-01
5.683237973585437697e-01,-1.574040748201739337e-01,5.000000000000000000e-01
5.683996747889913381e-01,-1.571273743598940453e-01,5.000000000000000000e-01
5.684751748582014264e-01,-1.568531110459041034e-01,5.000000000000000000e-01
5.685502863088864878e-01,-1.565813763368182343e-01,5.000000000000000000e-01
5.686250589399465261e-01,-1.563123712737332360e-01,5.000000000000000000e-01
5.686994995485430415e-01,-1.560461121068766333e-01,5.000000000000000000e-01
5.687735753714251441e-01,-1.557825178301578684e-01,5.000000000000000000e-01
5.688472867882361506e-01,-1.555216297412636839e-01,5.000000000000000000e-01
5.689206242536559710e-01,-1.552634555318173626e-01,5.000000000000000000e-01
5.689935868400857188e-01,-1.550080274213537224e-01,5.000000000000000000e-01
5.690662472297416397e-01,-1.547555407800331184e-01,5.000000000000000000e-01
5.691386715462694035e-01,-1.545060787990894247e-01,5.000000000000000000e-01
5.692108231049169964e-01,-1.542594073244208941e-01,5.000000000000000000e-01
5.692826664938589465e-01,-1.540153724739451169e-01,5.000000000000000000e-01
5.693542333802669164e-01,-1.537740462191288238e-01,5.000000000000000000e-01
5.694255566541881475e-01,-1.535354688076823459e-01,5.000000000000000000e-01
5.694966810459425322e-01,-1.532996795107636201e-01,5.000000000000000000e-01
5.695676310382025154e-01,-1.530666319645977991e-01,5.000000000000000000e-01
5.696383151830779479e-01,-1.528359648612626909e-01,5.000000000000000000e-01
5.697087312656462510e-01,-1.526076798611887553e-01,5.000000000000000000e-01
5.697789229819438805e-01,-1.523819102773218415e-01,5.000000000000000000e-01
5.698487868493817832e-01,-1.521583331303236475e-01,5.000000000000000000e-01
5.699182436251940542e-01,-1.519368084333069802e-01,5.000000000000000000e-01
5.699873789779142941e-01,-1.517177285923108077e-01,5.000000000000000000e-01
5.700563117236969735e-01,-1.515014665574467290e-01,5.000000000000000000e-01
5.701249454329710975e-01,-1.512876533691559777e-01,5.000000000000000000e-01
5.701930998966605602e-01,-1.510757850706600514e-01,5.000000000000000000e-01
5.702609027124225793e-01,-1.508664259308943045e-01,5.000000000000000000e-01
5.703285605971765149e-01,-1.506602223266948759e-01,5.000000000000000000e-01
5.703959318281947022e-01,-1.504565834392765922e-01,5.000000000000000000e-01
5.704629178730709071e-01,-1.502551975210295043e-01,5.000000000000000000e-01
5.705296680868670034e-01,-1.500565965746785968e-01,5.000000000000000000e-01
5.705962260181737244e-01,-1.498608415428127338e-01,5.000000000000000000e-01
5.706624617305453562e-01,-1.496674336115082771e-01,5.000000000000000000e-01
5.707282287659731779e-01,-1.494759496287391964e-01,5.000000000000000000e-01
5.707936666333641718e-01,-1.492869704387271845e-01,5.000000000000000000e-01
5.708589876493441739e-01,-1.491011673004919991e-01,5.000000000000000000e-01
5.709242220506454135e-01,-1.489184537549572696e-01,5.000000000000000000e-01
5.709891874153225633e-01,-1.487380739281111974e-01,5.000000000000000000e-01
5.710538726388310060e-01,-1.485599763138280571e-01,5.000000000000000000e-01
5.711183111735743667e-01,-1.483842772226431905e-01,5.000000000000000000e-01
5.711824595100793989e-01,-1.482108013647137346e-01,5.000000000000000000e-01
5.712464218406080319e-01,-1.480399002675296671e-01,5.000000000000000000e-01
5.713100845211228629e-01,-1.478711281805628885e-01,5.000000000000000000e-01
5.713734773552546775e-01,-1.477046015537145096e-01,5.000000000000000000e-01
5.714366933545583782e-01,-1.475406231501860677e-01,5.000000000000000000e-01
5.714998035883065430e-01,-1.473793492950231099e-01,5.000000000000000000e-01
5.715629096439398538e-01,-1.472209965808096155e-01,5.000000000000000000e-01
5.716260468455554022e-01,-1.470654982794423749e-01,5.000000000000000000e-01
5.716891358692854919e-01,-1.469123984987026899e-01,5.000000000000000000e-01
5.717520859199956007e-01,-1.467612743492323069e-01,5.000000000000000000e-01
5.718148826727377232e-01,-1.466120414045701259e-01,5.000000000000000000e-01
5.718775792485177867e-01,-1.464648574675753157e-01,5.000000000000000000e-01
5.719402022560153842e-01,-1.463197616717661076e-01,5.000000000000000000e-01
5.720026213917204227e-01,-1.461762366669888125e-01,5.000000000000000000e-01
5.720648514823363229e-01,-1.460343600947821008e-01,5.000000000000000000e-01
5.721270239779212563e-01,-1.458946093658279319e-01,5.000000000000000000e-01
5.721892766287801635e-01,-1.457573978858759667e-01,5.000000000000000000e-01
5.722516630286182959e-01,-1.456227672917260185e-01,5.000000000000000000e-01
5.723140733373788258e-01,-1.454901584980586582e-01,5.000000000000000000e-01
5.723765442353381250e-01,-1.453596162137211767e-01,5.000000000000000000e-01
5.724390523221580818e-01,-1.452309634266037708e-01,5.000000000000000000e-01
5.725014385595175170e-01,-1.451035519442396282e-01,5.000000000000000000e-01
5.725636700579517235e-01,-1.449772945464339879e-01,5.000000000000000000e-01
5.726257169943667069e-01,-1.448521337883788285e-01,5.000000000000000000e-01
5.726875615794768670e-01,-1.447280712702973260e-01,5.000000000000000000e-01
5.727492371006865923e-01,-1.446053028708771115e-01,5.000000000000000000e-01
5.728109253916652266e-01,-1.444845488119126109e-01,5.000000000000000000e-01
5.728726584159079538e-01,-1.443658770805572589e-01,5.000000000000000000e-01
5.729343914315701003e-01,-1.442490491892998439e-01,5.000000000000000000e-01
5.729961887839578605e-01,-1.441342718254624844e-01,5.000000000000000000e-01
5.730580324785186086e-01,-1.440214076371067187e-01,5.000000000000000000e-01
5.731198244526527485e-01,-1.439100351390078525e-01,5.000000000000000000e-01
5.731815907186031955e-01,-1.438002532702269409e-01,5.000000000000000000e-01
5.732434191760331643e-01,-1.436923938769345543e-01,5.000000000000000000e-01
5.733052480891180913e-01,-1.435861657135648894e-01,5.000000000000000000e-01
5.733670276831700496e-01,-1.434813629977144678e-01,5.000000000000000000e-01
5.734288119972592579e-01,-1.433782043093112524e-01,5.000000000000000000e-01
5.734905786534685301e-01,-1.432765929081856737e-01,5.000000000000000000e-01
5.735521238215619544e-01,-1.431757261180567897e-01,5.000000000000000000e-01
5.736135594421820638e-01,-1.430761430473395102e-01,5.000000000000000000e-01
5.736748130471098772e-01,-1.429776034292891962e-01,5.000000000000000000e-01
5.737358695929648533e-01,-1.428801138397962356e-01,5.000000000000000000e-01
5.737969476164056504e-01,-1.427846296765173939e-01,5.000000000000000000e-01
5.738580453253306901e-01,-1.426911117552144004e-01,5.000000000000000000e-01
5.739192043605809701e-01,-1.425997008569137303e-01,5.000000000000000000e-01
5.739803781556901408e-01,-1.425101633323084538e-01,5.000000000000000000e-01
5.740414557697460785e-01,-1.424220240010587168e-01,5.000000000000000000e-01
5.741023452334073074e-01,-1.423349346790959702e-01,5.000000000000000000e-01
5.741628664094768908e-01,-1.422482228667022730e-01,5.000000000000000000e-01
5.742231139149515107e-01,-1.421624197199158335e-01,5.000000000000000000e-01
5.742833748073250533e-01,-1.420788194637720159e-01,5.000000000000000000e-01
5.743434316828817110e-01,-1.419964803866903269e-01,5.000000000000000000e-01
5.744029762590907584e-01,-1.419141622119438340e-01,5.000000000000000000e-01
5.744622638534536696e-01,-1.418331276753853898e-01,5.000000000000000000e-01
5.745213729809892644e-01,-1.417537868698790227e-01,5.000000000000000000e-01
5.745801023485694881e-01,-1.416753045756050655e-01,5.000000000000000000e-01
5.746386077756797661e-01,-1.415984609330998290e-01,5.000000000000000000e-01
5.746970737959575803e-01,-1.415240896799791204e-01,5.000000000000000000e-01
5.747555174552643198e-01,-1.414522239395671066e-01,5.000000000000000000e-01
5.748138993459213086e-01,-1.413826387958197484e-01,5.000000000000000000e-01
5.748721596194570349e-01,-1.413150384806121096e-01,5.000000000000000000e-01
5.749300082118635746e-01,-1.412481316990957247e-01,5.000000000000000000e-01
5.749875935367743107e-01,-1.411826694496145784e-01,5.000000000000000000e-01
5.750451638412831246e-01,-1.411198013987879918e-01,5.000000000000000000e-01
5.751023832780974843e-01,-1.410579560233195806e-01,5.000000000000000000e-01
5.751593262456788924e-01,-1.409975268032619133e-01,5.000000000000000000e-01
5.752161875905253963e-01,-1.409394361148923469e-01,5.000000000000000000e-01
5.752729091694760433e-01,-1.408833672735309017e-01,5.000000000000000000e-01
5.753294026981010667e-01,-1.408288943700865270e-01,5.000000000000000000e-01
5.753856101483998398e-01,-1.407757507632846905e-01,5.000000000000000000e-01
5.754417582804468578e-01,-1.407250164974195861e-01,5.000000000000000000e-01
5.754977327539734233e-01,-1.406760994596457925e-01,5.000000000000000000e-01
5.755534629508356481e-01,-1.406286422725023244e-01,5.000000000000000000e-01
5.756089828848391932e-01,-1.405828161445736857e-01,5.000000000000000000e-01
5.756641959418853371e-01,-1.405381483907083839e-01,5.000000000000000000e-01
5.757192548861504999e-01,-1.404953946944136334e-01,5.000000000000000000e-01
5.757743122845495609e-01,-1.404552584396037973e-01,5.000000000000000000e-01
5.758292557905321241e-01,-1.404171088806894785e-01,5.000000000000000000e-01
5.758838784950146561e-01,-1.403798858644721426e-01,5.000000000000000000e-01
5.759383417966372765e-01,-1.403444053382024992e-01,5.000000000000000000e-01
5.759927847262182876e-01,-1.403113277062733033e-01,5.000000000000000000e-01
5.760470607346859229e-01,-1.402798395339877047e-01,5.000000000000000000e-01
5.761010807957687163e-01,-1.402494642764852972e-01,5.000000000000000000e-01
5.761548062299789441e-01,-1.402200072183277246e-01,5.000000000000000000e-01
5.762083012560316186e-01,-1.401918080387258569e-01,5.000000000000000000e-01
5.762617008804578056e-01,-1.401655510347766254e-01,5.000000000000000000e-01
5.763150148211400037e-01,-1.401412333636208873e-01,5.000000000000000000e-01
5.763681147020996987e-01,-1.401181295446240482e-01,5.000000000000000000e-01
5.764210087664954907e-01,-1.400962668300778646e-01,5.000000000000000000e-01
5.764738151703234781e-01,-1.400762549495751796e-01,5.000000000000000000e-01
5.765265672006816278e-01,-1.400582158459428295e-01,5.000000000000000000e-01
5.765791969367384251e-01,-1.400417208043265860e-01,5.000000000000000000e-01
5.766317436681073216e-01,-1.400269372284310976e-01,5.000000000000000000e-01
5.766842684901114513e-01,-1.400141485620421677e-01,5.000000000000000000e-01
5.767367351998736735e-01,-1.400030806677000916e-01,5.000000000000000000e-01
5.767891696925563361e-01,-1.399938197545745888e-01,5.000000000000000000e-01
5.768414398460193215e-01,-1.399855614802594517e-01,5.000000000000000000e-01
5.768935023872518997e-01,-1.399780356734293407e-01,5.000000000000000000e-01
5.769453617787180244e-01,-1.399712645379244391e-01,5.000000000000000000e-01
5.769969423135323794e-01,-1.399648034557170184e-01,5.000000000000000000e-01
5.770483697208120821e-01,-1.399593998219895996e-01,5.000000000000000000e-01
5.770997641207465945e-01,-1.399557398408694808e-01,5.000000000000000000e-01
5.771510965159065698e-01,-1.399535961837376496e-01,5.000000000000000000e-01
5.772022701177953463e-01,-1.399523461805523561e-01,5.000000000000000000e-01
5.772532402301228105e-01,-1.399517044727859316e-01,5.000000000000000000e-01
5.773039363159592208e-01,-1.399512450500378091e-01,5.000000000000000000e-01
5.773543090239714459e-01,-1.399506851297778742e-01,5.000000000000000000e-01
5.774044976087312486e-01,-1.399509299331263834e-01,5.000000000000000000e-01
5.774545842991017919e-01,-1.399524944346610122e-01,5.000000000000000000e-01
5.775043883612303031e-01,-1.399542097336995417e-01,5.000000000000000000e-01
5.775539078671307891e-01,-1.399560856536093134e-01,5.000000000000000000e-01
5.776031106004910765e-01,-1.399579549587993688e-01,5.000000000000000000e-01
5.776518513991620862e-01,-1.399589019583057092e-01,5.000000000000000000e-01
5.777002394423876863e-01,-1.399597400977648232e-01,5.000000000000000000e-01
5.777483080383856162e-01,-1.399607435664109722e-01,5.000000000000000000e-01
5.777961741112364047e-01,-1.399627423696856721e-01,5.000000000000000000e-01
5.778438563550187812e-01,-1.399658702568696289e-01,5.000000000000000000e-01
5.778912746652853372e-01,-1.399695692944127878e-01,5.000000000000000000e-01
5.779383832065867477e-01,-1.399735409013476151e-01,5.000000000000000000e-01
5.779851453170067321e-01,-1.399775590833018113e-01,5.000000000000000000e-01
5.780316078972134175e-01,-1.399820001677132275e-01,5.000000000000000000e-01
5.780777641673977563e-01,-1.399868442619696951e-01,5.000000000000000000e-01
5.781235870424759060e-01,-1.399919178714686685e-01,5.000000000000000000e-01
5.781692046286110997e-01,-1.399981978020622686e-01,5.000000000000000000e-01
5.782146399127795489e-01,-1.400058468339244744e-01,5.000000000000000000e-01
5.782598907056925031e-01,-1.400148202727224123e-01,5.000000000000000000e-01
5.783049335385936907e-01,-1.400249185778999206e-01,5.000000000000000000e-01
5.783496291959167035e-01,-1.400350409502126026e-01,5.000000000000000000e-01
5.783939326527215430e-01,-1.400448606797372042e-01,5.000000000000000000e-01
5.784378777351071310e-01,-1.400546845303296817e-01,5.000000000000000000e-01
5.784816167300617096e-01,-1.400657620271057169e-01,5.000000000000000000e-01
5.785251844490499895e-01,-1.400783514956661091e-01,5.000000000000000000e-01
5.785684225274217996e-01,-1.400911004354954137e-01,5.000000000000000000e-01
5.786113652933340123e-01,-1.401043001962180012e-01,5.000000000000000000e-01
5.786539749608322625e-01,-1.401176363055625096e-01,5.000000000000000000e-01
5.786960911081133752e-01,-1.401297303991769772e-01,5.000000000000000000e-01
5.787378715123048245e-01,-1.401420261210761797e-01,5.000000000000000000e-01
5.787794419991763029e-01,-1.401556488997294792e-01,5.000000000000000000e-01
5.788208256849085576e-01,-1.401707582552220721e-01,5.000000000000000000e-01
5.788619162280176367e-01,-1.401863372960147902e-01,5.000000000000000000e-01
5.789026305023056151e-01,-1.402015920109447866e-01,5.000000000000000000e-01
5.789430878634530542e-01,-1.402176612967668268e-01,5.000000000000000000e-01
5.789833546637345174e-01,-1.402351399466298665e-01,5.000000000000000000e-01
5.790233335433960793e-01,-1.402530250514328614e-01,5.000000000000000000e-01
5.790629868544564518e-01,-1.402709087777218588e-01,5.000000000000000000e-01
5.791024713484771436e-01,-1.402903491323272689e-01,5.000000000000000000e-01
5.791417885996137382e-01,-1.403112799041417724e-01,5.000000000000000000e-01
5.791808627622367922e-01,-1.403328257950567926e-01,5.000000000000000000e-01
5.792196450969391286e-01,-1.403544182014652975e-01,5.000000000000000000e-01
5.792581230547744209e-01,-1.403758861699518912e-01,5.000000000000000000e-01
5.792963003657602972e-01,-1.403972440517651243e-01,5.000000000000000000e-01
5.793341475409298225e-01,-1.404181353265172294e-01,5.000000000000000000e-01
5.793717400083514546e-01,-1.404393959327602803e-01,5.000000000000000000e-01
5.794091881071830041e-01,-1.404622523730239270e-01,5.000000000000000000e-01
5.794464274704991258e-01,-1.404858380616049729e-01,5.000000000000000000e-01
5.794833707657516264e-01,-1.405090201762889124e-01,5.000000000000000000e-01
5.795200954202727184e-01,-1.405327127611850080e-01,5.000000000000000000e-01
5.795566835220962165e-01,-1.405578734226444471e-01,5.000000000000000000e-01
5.795931245846518420e-01,-1.405842394474142443e-01,5.000000000000000000e-01
5.796293802034397924e-01,-1.406111878396103521e-01,5.000000000000000000e-01
5.796654606165676515e-01,-1.406387487590561591e-01,5.000000000000000000e-01
5.797013677322923053e-01,-1.406668481461383347e-01,5.000000000000000000e-01
5.797370342642167440e-01,-1.406944265244466641e-01,5.000000000000000000e-01
5.797724531158590100e-01,-1.407213193447571231e-01,5.000000000000000000e-01
5.798076517642059002e-01,-1.407478813665519746e-01,5.000000000000000000e-01
5.798426822277418236e-01,-1.407748323544631142e-01,5.000000000000000000e-01
5.798775410596460622e-01,-1.408020193571689060e-01,5.000000000000000000e-01
5.799122162459643404e-01,-1.408291388978233083e-01,5.000000000000000000e-01
5.799467493735666057e-01,-1.408567902778412595e-01,5.000000000000000000e-01
5.799811048119142276e-01,-1.408842456920852693e-01,5.000000000000000000e-01
5.800152850782960279e-01,-1.409114446467062687e-01,5.000000000000000000e-01
5.800493433096480800e-01,-1.409392650684050396e-01,5.000000000000000000e-01
5.800832857894331340e-01,-1.409676744298833662e-01,5.000000000000000000e-01
5.801171195534964298e-01,-1.409966551118596867e-01,5.000000000000000000e-01
5.801508537430428714e-01,-1.410262248502625049e-01,5.000000000000000000e-01
5.801844894231535932e-01,-1.410562316513060410e-01,5.000000000000000000e-01
5.802180236941458791e-01,-1.410864305068535440e-01,5.000000000000000000e-01
5.802514581254202275e-01,-1.411166839156683395e-01,5.000000000000000000e-01
5.802847518812643823e-01,-1.411458595784809700e-01,5.000000000000000000e-01
5.803179156498179392e-01,-1.411740974692286543e-01,5.000000000000000000e-01
5.803509750340081208e-01,-1.412019710011329365e-01,5.000000000000000000e-01
5.803838781190437945e-01,-1.412279140515658171e-01,5.000000000000000000e-01
5.804166420902241441e-01,-1.412523720811231231e-01,5.000000000000000000e-01
5.804493139118661604e-01,-1.412767320973561391e-01,5.000000000000000000e-01
5.804818462239836885e-01,-1.412993311949247155e-01,5.000000000000000000e-01
5.805141896951375724e-01,-1.413184677979412995e-01,5.000000000000000000e-01
5.805463807567869949e-01,-1.413356464551387415e-01,5.000000000000000000e-01
5.805784531794420111e-01,-1.413522748519567829e-01,5.000000000000000000e-01
5.806104269966431142e-01,-1.413690940665661422e-01,5.000000000000000000e-01
5.806423194061176574e-01,-1.413867203206823353e-01,5.000000000000000000e-01
5.806741305043477963e-01,-1.414048502102740190e-01,5.000000000000000000e-01
5.807058593403928715e-01,-1.414231392607508964e-01,5.000000000000000000e-01
5.807374952282877700e-01,-1.414406476554617986e-01,5.000000000000000000e-01
5.807690375904179803e-01,-1.414571334550805692e-01,5.000000000000000000e-01
5.808005012997012884e-01,-1.414735379617473865e-01,5.000000000000000000e-01
5.808318953611562030e-01,-1.414902474185985859e-01,5.000000000000000000e-01
5.808632185256167313e-01,-1.415064759916526138e-01,5.000000000000000000e-01
5.808944689101012138e-01,-1.415214152394580760e-01,5.000000000000000000e-01
5.809256463201740717e-01,-1.415346413134879744e-01,5.000000000000000000e-01
5.809567516099753970e-01,-1.415461705075652388e-01,5.000000000000000000e-01
5.809877869146521379e-01,-1.415566347191473118e-01,5.000000000000000000e-01
5.810187536248243578e-01,-1.415658753416257631e-01,5.000000000000000000e-01
5.810496536949618651e-01,-1.415740481106557147e-01,5.000000000000000000e-01
5.810804853322559804e-01,-1.415821590946896025e-01,5.000000000000000000e-01
5.811112560885454137e-01,-1.415896566206435725e-01,5.000000000000000000e-01
5.811419753291773294e-01,-1.415956717346394389e-01,5.000000000000000000e-01
5.811726420829752549e-01,-1.416004980518185130e-01,5.000000000000000000e-01
5.812032503551149976e-01,-1.416048661149539312e-01,5.000000000000000000e-01
5.812338111424162346e-01,-1.416082023542143686e-01,5.000000000000000000e-01
5.812643386049118899e-01,-1.416096773904068629e-01,5.000000000000000000e-01
5.812948373929661683e-01,-1.416090023161653555e-01,5.000000000000000000e-01
5.813253164848909416e-01,-1.416055700792603622e-01,5.000000000000000000e-01
5.813557777401896498e-01,-1.415991017616396175e-01,5.000000000000000000e-01
5.813861851987723872e-01,-1.415910483710277057e-01,5.000000000000000000e-01
5.814165180288708434e-01,-1.415822404942845281e-01,5.000000000000000000e-01
5.814467720335863010e-01,-1.415729019979384828e-01,5.000000000000000000e-01
5.814769317802900295e-01,-1.415636990168529508e-01,5.000000000000000000e-01
5.815069913541313085e-01,-1.415550149709274008e-01,5.000000000000000000e-01
5.815369686304683317e-01,-1.415464601107130349e-01,5.000000000000000000e-01
5.815669070470718127e-01,-1.415368397854827320e-01,5.000000000000000000e-01
5.815968143945763336e-01,-1.415260135340124237e-01,5.000000000000000000e-01
5.816267111590642802e-01,-1.415134449649159687e-01,5.000000000000000000e-01
5.816565897548129360e-01,-1.414993869171824736e-01,5.000000000000000000e-01
5.816864116185651579e-01,-1.414848681939651909e-01,5.000000000000000000e-01
5.817162148390574439e-01,-1.414690601272996229e-01,5.000000000000000000e-01
5.817460025652828604e-01,-1.414519471407620910e-01,5.000000000000000000e-01
5.817757771202439754e-01,-1.414335255651217316e-01,5.000000000000000000e-01
5.818055238420027919e-01,-1.414141835812395276e-01,5.000000000000000000e-01
5.818352714674068782e-01,-1.413933704000123193e-01,5.000000000000000000e-01
5.818650558293305686e-01,-1.413704005311549605e-01,5.000000000000000000e-01
5.818948265050098989e-01,-1.413462657066728856e-01,5.000000000000000000e-01
5.819245624941273842e-01,-1.413214283976114427e-01,5.000000000000000000e-01
5.819543132115720940e-01,-1.412950363263958398e-01,5.000000000000000000e-01
5.819840768788097085e-01,-1.412671688707551054e-01,5.000000000000000000e-01
5.820137897896646706e-01,-1.412389756293514764e-01,5.000000000000000000e-01
5.820434744620897050e-01,-1.412101844013882168e-01,5.000000000000000000e-01
5.820731373676499842e-01,-1.411807843982319233e-01,5.000000000000000000e-01
5.821028739049453060e-01,-1.411493209001478677e-01,5.000000000000000000e-01
5.821326780342828133e-01,-1.411159225775169279e-01,5.000000000000000000e-01
5.821625024952675753e-01,-1.410813248924897290e-01,5.000000000000000000e-01
5.821924571996225373e-01,-1.410439345610104422e-01,5.000000000000000000e-01
5.822224704924321426e-01,-1.410047795865484732e-01,5.000000000000000000e-01
5.822524158444973841e-01,-1.409656875544019194e-01,5.000000000000000000e-01
5.822823249331241513e-01,-1.409263328047643260e-01,5.000000000000000000e-01
5.823122522906056808e-01,-1.408860772253919535e-01,5.000000000000000000e-01
5.823422376148246205e-01,-1.408444694095742911e-01,5.000000000000000000e-01
5.823723712682165043e-01,-1.408003773386325708e-01,5.000000000000000000e-01
5.824027055644214190e-01,-1.407531298975053802e-01,5.000000000000000000e-01
5.824331174965509117e-01,-1.407042403753414050e-01,5.000000000000000000e-01
5.824634881877339687e-01,-1.406552061850382673e-01,5.000000000000000000e-01
5.824938960744350247e-01,-1.406051726342076591e-01,5.000000000000000000e-01
5.825244095309174419e-01,-1.405533968208906859e-01,5.000000000000000000e-01
5.825549628495603205e-01,-1.405006812760135615e-01,5.000000000000000000e-01
5.825855974793632264e-01,-1.404466178386270525e-01,5.000000000000000000e-01
5.826163982527188256e-01,-1.403903041653188910e-01,5.000000000000000000e-01
5.826473420309381535e-01,-1.403320104576800953e-01,5.000000000000000000e-01
5.826784203313442045e-01,-1.402718476240994716e-01,5.000000000000000000e-01
5.827096551323537321e-01,-1.402096037071862977e-01,5.000000000000000000e-01
5.827410467396423321e-01,-1.401452847511083233e-01,5.000000000000000000e-01
5.827725289050615931e-01,-1.400795938827707476e-01,5.000000000000000000e-01
5.828040779433921736e-01,-1.400128091844917988e-01,5.000000000000000000e-01
5.828357244244772861e-01,-1.399446797056086711e-01,5.000000000000000000e-01
5.828674272583687088e-01,-1.398756600768380487e-01,5.000000000000000000e-01
5.828992284457552575e-01,-1.398054064506857319e-01,5.000000000000000000e-01
5.829312382691984595e-01,-1.397329050205655121e-01,5.000000000000000000e-01
5.829634527093063845e-01,-1.396582125144633646e-01,5.000000000000000000e-01
5.829957197283441861e-01,-1.395827777378239876e-01,5.000000000000000000e-01
5.830280170454438249e-01,-1.395068856376987798e-01,5.000000000000000000e-01
5.830604138671066083e-01,-1.394299987729648305e-01,5.000000000000000000e-01
5.830929572104375236e-01,-1.393517733446709150e-01,5.000000000000000000e-01
5.831256223106304759e-01,-1.392725063505407535e-01,5.000000000000000000e-01
5.831584535695788496e-01,-1.391918927683183649e-01,5.000000000000000000e-01
5.831916286499181368e-01,-1.391084655061514408e-01,5.000000000000000000e-01
5.832251382871900258e-01,-1.390223324875318189e-01,5.000000000000000000e-01
5.832590343195172000e-01,-1.389330708994414298e-01,5.000000000000000000e-01
5.832932980555423086e-01,-1.388408493806149724e-01,5.000000000000000000e-01
5.833277911700951446e-01,-1.387468169750187830e-01,5.000000000000000000e-01
5.833626227783077489e-01,-1.386501279633051420e-01,5.000000000000000000e-01
5.833977917230895871e-01,-1.385508078659002940e-01,5.000000000000000000e-01
5.834333163729387151e-01,-1.384487214646639985e-01,5.000000000000000000e-01
5.834692448899201356e-01,-1.383434915615255889e-01,5.000000000000000000e-01
5.835054943692588036e-01,-1.382357587115112252e-01,5.000000000000000000e-01
5.835420178763980337e-01,-1.381258944320224169e-01,5.000000000000000000e-01
5.835787884632834821e-01,-1.380141318759015301e-01,5.000000000000000000e-01
5.836158198194627555e-01,-1.379003959882519614e-01,5.000000000000000000e-01
5.836531821827376509e-01,-1.377841897134654270e-01,5.000000000000000000e-01
5.836908561078477664e-01,-1.376656704676727794e-01,5.000000000000000000e-01
5.837289525331367246e-01,-1.375440313785236679e-01,5.000000000000000000e-01
5.837674886385897377e-01,-1.374191321029687163e-01,5.000000000000000000e-01
5.838063704426152967e-01,-1.372916307061615437e-01,5.000000000000000000e-01
5.838455238820173809e-01,-1.371620588528716933e-01,5.000000000000000000e-01
5.838849419953118236e-01,-1.370304798061235396e-01,5.000000000000000000e-01
5.839246278906802257e-01,-1.368968920229381436e-01,5.000000000000000000e-01
5.839645336927928865e-01,-1.367616530323493840e-01,5.000000000000000000e-01
5.840046894116195375e-01,-1.366245903883774870e-01,5.000000000000000000e-01
5.840451469493945780e-01,-1.364853776836829347e-01,5.000000000000000000e-01
5.840859922179426622e-01,-1.363434470444433999e-01,5.000000000000000000e-01
5.841271800653720092e-01,-1.361991124801186226e-01,5.000000000000000000e-01
5.841687302257089209e-01,-1.360522514867431587e-01,5.000000000000000000e-01
5.842106931404875692e-01,-1.359025368733314809e-01,5.000000000000000000e-01
5.842529515172366628e-01,-1.357507489370479159e-01,5.000000000000000000e-01
5.842955259727387052e-01,-1.355967765663661506e-01,5.000000000000000000e-01
5.843384709891725759e-01,-1.354402855144130891e-01,5.000000000000000000e-01
5.843817777595301521e-01,-1.352813474822882611e-01,5.000000000000000000e-01
5.844254658777174871e-01,-1.351198515478586604e-01,5.000000000000000000e-01
5.844695378850365275e-01,-1.349557965413237803e-01,5.000000000000000000e-01
5.845139394416433154e-01,-1.347895464136411037e-01,5.000000000000000000e-01
5.845587346062259826e-01,-1.346207228543505607e-01,5.000000000000000000e-01
5.846040129045467770e-01,-1.344487786988809996e-01,5.000000000000000000e-01
5.846498236849803076e-01,-1.342734015502022871e-01,5.000000000000000000e-01
5.846961471317864145e-01,-1.340947009328302686e-01,5.000000000000000000e-01
5.847429938136738947e-01,-1.339125933702029481e-01,5.000000000000000000e-01
5.847903890083243628e-01,-1.337269000914566019e-01,5.000000000000000000e-01
5.848381721579748449e-01,-1.335385733401444619e-01,5.000000000000000000e-01
5.848862618157595339e-01,-1.333481066816610827e-01,5.000000000000000000e-01
5.849346783067406186e-01,-1.331553916285039274e-01,5.000000000000000000e-01
5.849833975264562280e-01,-1.329605885566086942e-01,5.000000000000000000e-01
5.850324655331838875e-01,-1.327634416613392709e-01,5.000000000000000000e-01
5.850819816386993999e-01,-1.325633725036195476e-01,5.000000000000000000e-01
5.851319533950249951e-01,-1.323603322094289991e-01,5.000000000000000000e-01
5.851823778225273553e-01,-1.321543314334952812e-01,5.000000000000000000e-01
5.852332326506629601e-01,-1.319454939767125412e-01,5.000000000000000000e-01
5.852845121340282120e-01,-1.317338483627726875e-01,5.000000000000000000e-01
5.853362839432454390e-01,-1.315189926469622350e-01,5.000000000000000000e-01
5.853885180849182079e-01,-1.313010806108514672e-01,5.000000000000000000e-01
5.854411369980092594e-01,-1.310805417784303706e-01,5.000000000000000000e-01
5.854941786514472613e-01,-1.308571490884372912e-01,5.000000000000000000e-01
5.855475551313580329e-01,-1.306313937952640059e-01,5.000000000000000000e-01
5.856012463916152599e-01,-1.304033891654051702e-01,5.000000000000000000e-01
5.856553773363002424e-01,-1.301724259776161352e-01,5.000000000000000000e-01
5.857099241308847404e-01,-1.299386181848643518e-01,5.000000000000000000e-01
5.857648105515953496e-01,-1.297023776824919317e-01,5.000000000000000000e-01
5.858200052247738432e-01,-1.294638728939857264e-01,5.000000000000000000e-01
5.858755170305871562e-01,-1.292230508954131107e-01,5.000000000000000000e-01
5.859313385065615387e-01,-1.289799486287808161e-01,5.000000000000000000e-01
5.859874649918330736e-01,-1.287345889871678861e-01,5.000000000000000000e-01
5.860439014704310612e-01,-1.284869414900517426e-01,5.000000000000000000e-01
5.861006013526945946e-01,-1.282372642792992679e-01,5.000000000000000000e-01
5.861575319182361632e-01,-1.279857472975711730e-01,5.000000000000000000e-01
5.862147699868793804e-01,-1.277319838741363123e-01,5.000000000000000000e-01
5.862723754320727787e-01,-1.274756517940318912e-01,5.000000000000000000e-01
5.863303320186910028e-01,-1.272168417588555589e-01,5.000000000000000000e-01
5.863886293447067022e-01,-1.269556162810356326e-01,5.000000000000000000e-01
5.864473394416287455e-01,-1.266915912866382332e-01,5.000000000000000000e-01
5.865065173919394859e-01,-1.264244655723909261e-01,5.000000000000000000e-01
5.865661574941976042e-01,-1.261542619845244517e-01,5.000000000000000000e-01
5.866262299810697245e-01,-1.258811345374984403e-01,5.000000000000000000e-01
5.866868088599239695e-01,-1.256046779683769599e-01,5.000000000000000000e-01
5.867479828531312336e-01,-1.253243934055285891e-01,5.000000000000000000e-01
5.868097387332759096e-01,-1.250403136333672616e-01,5.000000000000000000e-01
5.868719018990988801e-01,-1.247533380854857210e-01,5.000000000000000000e-01
5.869343527690732421e-01,-1.244640915894367206e-01,5.000000000000000000e-01
5.869971348917903953e-01,-1.241723400306949110e-01,5.000000000000000000e-01
5.870602371205975167e-01,-1.238781393876816905e-01,5.000000000000000000e-01
5.871236908755318451e-01,-1.235813197099103478e-01,5.000000000000000000e-01
5.871875214744359806e-01,-1.232817427289962242e-01,5.000000000000000000e-01
5.872517558621400680e-01,-1.229792575438206081e-01,5.000000000000000000e-01
5.873164377331039354e-01,-1.226736219846574355e-01,5.000000000000000000e-01
5.873815380179593371e-01,-1.223649751656278317e-01,5.000000000000000000e-01
5.874470925494434947e-01,-1.220531143879532571e-01,5.000000000000000000e-01
5.875130744956285067e-01,-1.217381661201752674e-01,5.000000000000000000e-01
5.875794820512012517e-01,-1.214201276112114591e-01,5.000000000000000000e-01
5.876464100142203550e-01,-1.210984811088614832e-01,5.000000000000000000e-01
5.877138399949084491e-01,-1.207732966852939765e-01,5.000000000000000000e-01
5.877816620767786215e-01,-1.204451310801555597e-01,5.000000000000000000e-01
5.878499093578359869e-01,-1.201137962840329587e-01,5.000000000000000000e-01
5.879186163854766001e-01,-1.197790927975315028e-01,5.000000000000000000e-01
5.879877782522160423e-01,-1.194410257165136602e-01,5.000000000000000000e-01
5.880574050108846595e-01,-1.190995208781327475e-01,5.000000000000000000e-01
5.881275178539669968e-01,-1.187544424869271670e-01,5.000000000000000000e-01
5.881981219440557407e-01,-1.184057349392289016e-01,5.000000000000000000e-01
5.882691802085200372e-01,-1.180535639351008859e-01,5.000000000000000000e-01
5.883406571733220680e-01,-1.176980896307698171e-01,5.000000000000000000e-01
5.884125592487587930e-01,-1.173392527715764744e-01,5.000000000000000000e-01
5.884848956814356935e-01,-1.169769762046864170e-01,5.000000000000000000e-01
5.885576437053356980e-01,-1.166113493359183517e-01,5.000000000000000000e-01
5.886307665513093035e-01,-1.162425363625492480e-01,5.000000000000000000e-01
5.887042367427191003e-01,-1.158706545707832714e-01,5.000000000000000000e-01
5.887780186679153482e-01,-1.154958673489694804e-01,5.000000000000000000e-01
5.888521206229575533e-01,-1.151181074550905736e-01,5.000000000000000000e-01
5.889265841839985693e-01,-1.147371273142141490e-01,5.000000000000000000e-01
5.890013701726375395e-01,-1.143531048230022051e-01,5.000000000000000000e-01
5.890764455242942788e-01,-1.139661881137501998e-01,5.000000000000000000e-01
5.891518208034635107e-01,-1.135762939654453157e-01,5.000000000000000000e-01
5.892274548112261812e-01,-1.131836162363833442e-01,5.000000000000000000e-01
5.893033764344099978e-01,-1.127879756387370619e-01,5.000000000000000000e-01
5.893796164886369038e-01,-1.123891788886353105e-01,5.000000000000000000e-01
5.894561373766278312e-01,-1.119873987283704353e-01,5.000000000000000000e-01
5.895329900039514293e-01,-1.115823322255984074e-01,5.000000000000000000e-01
5.896101849948095497e-01,-1.111738878738789127e-01,5.000000000000000000e-01
5.896876797664937220e-01,-1.107622611524461398e-01,5.000000000000000000e-01
5.897654816836469527e-01,-1.103473797421468394e-01,5.000000000000000000e-01
5.898436132869844251e-01,-1.099290867409998124e-01,5.000000000000000000e-01
5.899220837530714245e-01,-1.095072939844407844e-01,5.000000000000000000e-01
5.900008619080343575e-01,-1.090821316117559364e-01,5.000000000000000000e-01
5.900799036011035170e-01,-1.086538027888831054e-01,5.000000000000000000e-01
5.901591847298051086e-01,-1.082224036965661607e-01,5.000000000000000000e-01
5.902387019714185890e-01,-1.077879171158891286e-01,5.000000000000000000e-01
5.903184623193902247e-01,-1.073502679513978902e-01,5.000000000000000000e-01
5.903984675309803531e-01,-1.069094081344381386e-01,5.000000000000000000e-01
5.904787093056329539e-01,-1.064653444682540639e-01,5.000000000000000000e-01
5.905591794563427310e-01,-1.060180830161948362e-01,5.000000000000000000e-01
5.906398786380107069e-01,-1.055675790669370340e-01,5.000000000000000000e-01
5.907207776045407810e-01,-1.051139550672619827e-01,5.000000000000000000e-01
5.908018472970771873e-01,-1.046573350132937175e-01,5.000000000000000000e-01
5.908830887727042347e-01,-1.041976730268832224e-01,5.000000000000000000e-01
5.909644922953943835e-01,-1.037349829303905596e-01,5.000000000000000000e-01
5.910460275808635533e-01,-1.032693967705601013e-01,5.000000000000000000e-01
5.911276801640223955e-01,-1.028009574085995553e-01,5.000000000000000000e-01
5.912094402176160113e-01,-1.023296811950243079e-01,5.000000000000000000e-01
5.912912797519584984e-01,-1.018556893630906401e-01,5.000000000000000000e-01
5.913731502426802233e-01,-1.013792250575839549e-01,5.000000000000000000e-01
5.914550283866030211e-01,-1.009003889203717308e-01,5.000000000000000000e-01
5.915369204299758543e-01,-1.004191085350016333e-01,5.000000000000000000e-01
5.916188320933042366e-01,-9.993531235541447399e-02,5.000000000000000000e-01
5.917007481478555597e-01,-9.944905172675927441e-02,5.000000000000000000e-01
5.917826426794043915e-01,-9.896044260571318363e-02,5.000000000000000000e-01
5.918645035354199724e-01,-9.846952076093573591e-02,5.000000000000000000e-01
5.919463345446931424e-01,-9.797622548130575926e-02,5.000000000000000000e-01
5.920281513456375766e-01,-9.748042258818519212e-02,5.000000000000000000e-01
5.921099535411504799e-01,-9.698207241518741473e-02,5.000000000000000000e-01
5.921917415280630870e-01,-9.648112921718718371e-02,5.000000000000000000e-01
5.922735204560083400e-01,-9.597751661922905575e-02,5.000000000000000000e-01
5.923553005112403014e-01,-9.547112460182147209e-02,5.000000000000000000e-01
5.924370880090507052e-01,-9.496186457420358051e-02,5.000000000000000000e-01
5.925188448257511231e-01,-9.444992528832513168e-02,5.000000000000000000e-01
5.926005147939990003e-01,-9.393561361803919041e-02,5.000000000000000000e-01
5.926820922232752809e-01,-9.341892088892742030e-02,5.000000000000000000e-01
5.927635938050741515e-01,-9.289969467822373206e-02,5.000000000000000000e-01
5.928450178746574872e-01,-9.237789763501880191e-02,5.000000000000000000e-01
5.929263539451081755e-01,-9.185354835629858106e-02,5.000000000000000000e-01
5.930075983746632140e-01,-9.132662025983553922e-02,5.000000000000000000e-01
5.930887758788236930e-01,-9.079689816463172580e-02,5.000000000000000000e-01
5.931698970008575378e-01,-9.026425638350048242e-02,5.000000000000000000e-01
5.932509426401889607e-01,-8.972876447919711507e-02,5.000000000000000000e-01
5.933319359298672158e-01,-8.919020593834491029e-02,5.000000000000000000e-01
5.934129090441629950e-01,-8.864829766141185674e-02,5.000000000000000000e-01
5.934938627084784812e-01,-8.810296599557973507e-02,5.000000000000000000e-01
5.935748246310499354e-01,-8.755394562780252632e-02,5.000000000000000000e-01
5.936557799097590404e-01,-8.700126300680192937e-02,5.000000000000000000e-01
5.937366989123179506e-01,-8.644504657014108473e-02,5.000000000000000000e-01
5.938175877013543991e-01,-8.588517076743387713e-02,5.000000000000000000e-01
5.938984189951150849e-01,-8.532174800962355476e-02,5.000000000000000000e-01
5.939791764786940265e-01,-8.475481170200303838e-02,5.000000000000000000e-01
5.940598808703163591e-01,-8.418412336307107280e-02,5.000000000000000000e-01
5.941404985049567600e-01,-8.360984387386471983e-02,5.000000000000000000e-01
5.942209465309079564e-01,-8.303250320700863996e-02,5.000000000000000000e-01
5.943012198196532259e-01,-8.245205106292718966e-02,5.000000000000000000e-01
5.943813327722298201e-01,-8.186829088255997977e-02,5.000000000000000000e-01
5.944612091232279738e-01,-8.128172700215990920e-02,5.000000000000000000e-01
5.945407988476445471e-01,-8.069266428194038498e-02,5.000000000000000000e-01
5.946201090909015718e-01,-8.010096319203256765e-02,5.000000000000000000e-01
5.946991720675360860e-01,-7.950628717817204150e-02,5.000000000000000000e-01
5.947780408024986309e-01,-7.890812732949142871e-02,5.000000000000000000e-01
5.948567356963230246e-01,-7.830623202242900649e-02,5.000000000000000000e-01
5.949352069907123397e-01,-7.770092099944997388e-02,5.000000000000000000e-01
5.950134302560634580e-01,-7.709229645734895497e-02,5.000000000000000000e-01
5.950913565990163523e-01,-7.648066836353875630e-02,5.000000000000000000e-01
5.951689300754274825e-01,-7.586641335195386249e-02,5.000000000000000000e-01
5.952461699728117672e-01,-7.524925509029653514e-02,5.000000000000000000e-01
5.953230234033084489e-01,-7.462956500293141393e-02,5.000000000000000000e-01
5.953994599217756756e-01,-7.400751626950247131e-02,5.000000000000000000e-01
5.954754817887654150e-01,-7.338298799916220805e-02,5.000000000000000000e-01
5.955510818315545851e-01,-7.275595393777493924e-02,5.000000000000000000e-01
5.956262663514981792e-01,-7.212626085447607083e-02,5.000000000000000000e-01
5.957010142278238440e-01,-7.149401866728662125e-02,5.000000000000000000e-01
5.957753128449014834e-01,-7.085925152807477645e-02,5.000000000000000000e-01
5.958491678650048584e-01,-7.022180269850186729e-02,5.000000000000000000e-01
5.959226140275748484e-01,-6.958122261357413407e-02,5.000000000000000000e-01
5.959956399516144199e-01,-6.893753070307820363e-02,5.000000000000000000e-01
5.960682413259816848e-01,-6.829066302906454389e-02,5.000000000000000000e-01
5.961404255320039702e-01,-6.764042074187381903e-02,5.000000000000000000e-01
5.962121616005739977e-01,-6.698701795293815486e-02,5.000000000000000000e-01
5.962834388899083127e-01,-6.633043202764335455e-02,5.000000000000000000e-01
5.963542510760365678e-01,-6.567059150171423998e-02,5.000000000000000000e-01
5.964245931360648845e-01,-6.500740822824077614e-02,5.000000000000000000e-01
5.964944701475098920e-01,-6.434067393553398462e-02,5.000000000000000000e-01
5.965638530550900764e-01,-6.367058657955103340e-02,5.000000000000000000e-01
5.966326927590112073e-01,-6.299758251601342285e-02,5.000000000000000000e-01
5.967009605808221151e-01,-6.232182936834000653e-02,5.000000000000000000e-01
5.967686480208308497e-01,-6.164324647988606021e-02,5.000000000000000000e-01
5.968357596783547825e-01,-6.096159147487952706e-02,5.000000000000000000e-01
5.969022639639558481e-01,-6.027712854514678809e-02,5.000000000000000000e-01
5.969680964594750172e-01,-5.959056742369557569e-02,5.000000000000000000e-01
5.970332484714871990e-01,-5.890180942992541413e-02,5.000000000000000000e-01
5.970977593152138052e-01,-5.821007244530416319e-02,5.000000000000000000e-01
5.971615887927486099e-01,-5.751583239579718260e-02,5.000000000000000000e-01
5.972247122007336984e-01,-5.681928788703703714e-02,5.000000000000000000e-01
5.972871107622987896e-01,-5.612053141444491716e-02,5.000000000000000000e-01
5.973487682657642184e-01,-5.541962943446411549e-02,5.000000000000000000e-01
5.974096694597705870e-01,-5.471663285764459539e-02,5.000000000000000000e-01
5.974698068362924719e-01,-5.401147441396973725e-02,5.000000000000000000e-01
5.975291976407605121e-01,-5.330362960981040177e-02,5.000000000000000000e-01
5.975878242195256096e-01,-5.259329568317047676e-02,5.000000000000000000e-01
5.976456673337330328e-01,-5.188065880550024600e-02,5.000000000000000000e-01
5.977026982548454548e-01,-5.116608179486510644e-02,5.000000000000000000e-01
5.977589022904926663e-01,-5.044959651115210608e-02,5.000000000000000000e-01
5.978142657476481769e-01,-4.973123044868929532e-02,5.000000000000000000e-01
5.978687900894645857e-01,-4.901067502215457339e-02,5.000000000000000000e-01
5.979224916367866793e-01,-4.828727930257236539e-02,5.000000000000000000e-01
5.979753712499915608e-01,-4.756088985273038139e-02,5.000000000000000000e-01
5.980273906005928453e-01,-4.683242491794548795e-02,5.000000000000000000e-01
5.980785128594064970e-01,-4.610258369175400384e-02,5.000000000000000000e-01
5.981287531170049743e-01,-4.537025157923321728e-02,5.000000000000000000e-01
5.981780901489972546e-01,-4.463591697949152726e-02,5.000000000000000000e-01
5.982264817660166711e-01,-4.390077272940347275e-02,5.000000000000000000e-01
5.982739003053791915e-01,-4.316511256035401173e-02,5.000000000000000000e-01
5.983203196846066385e-01,-4.242930102465685555e-02,5.000000000000000000e-01
5.983657269456136296e-01,-4.169312910702238639e-02,5.000000000000000000e-01
5.984101056732274992e-01,-4.095690166538103194e-02,5.000000000000000000e-01
5.984534495606662619e-01,-4.022033858345983037e-02,5.000000000000000000e-01
5.984957628980049904e-01,-3.948260517146991166e-02,5.000000000000000000e-01
5.985370451511380363e-01,-3.874402864956000281e-02,5.000000000000000000e-01
5.985772958726973680e-01,-3.800438815668715636e-02,5.000000000000000000e-01
5.986165181274252234e-01,-3.726298014446047246e-02,5.000000000000000000e-01
5.986547155139416709e-01,-3.651999822528765455e-02,5.000000000000000000e-01
5.986918866546226958e-01,-3.577603483827084679e-02,5.000000000000000000e-01
5.987280227835269919e-01,-3.503070297988053472e-02,5.000000000000000000e-01
5.987631189907689500e-01,-3.428377577440115676e-02,5.000000000000000000e-01
5.987971741813531423e-01,-3.353541510633980399e-02,5.000000000000000000e-01
5.988301766654221536e-01,-3.278481836207747246e-02,5.000000000000000000e-01
5.988621270738468949e-01,-3.203184708139503872e-02,5.000000000000000000e-01
5.988930246644652566e-01,-3.127634739258503688e-02,5.000000000000000000e-01
5.989228595467819272e-01,-3.051776536050983951e-02,5.000000000000000000e-01
5.989516418364041472e-01,-2.975654779982048886e-02,5.000000000000000000e-01
5.989793684034216970e-01,-2.899290783209120329e-02,5.000000000000000000e-01
5.990060448799718884e-01,-2.822762764094967347e-02,5.000000000000000000e-01
5.990316498619481234e-01,-2.746065823296496566e-02,5.000000000000000000e-01
5.990561445139159780e-01,-2.669123073401230561e-02,5.000000000000000000e-01
5.990795393222168030e-01,-2.591989250243711962e-02,5.000000000000000000e-01
5.991018235747453957e-01,-2.514674175302478512e-02,5.000000000000000000e-01
5.991229682138488055e-01,-2.437135858585041254e-02,5.000000000000000000e-01
5.991429926575689846e-01,-2.359448961402173250e-02,5.000000000000000000e-01
5.991618940254375136e-01,-2.281650944449129664e-02,5.000000000000000000e-01
5.991796043671724359e-01,-2.203629794224188851e-02,5.000000000000000000e-01
5.991961024778049705e-01,-2.125342860802677605e-02,5.000000000000000000e-01
5.992114195722642034e-01,-2.046853255274506261e-02,5.000000000000000000e-01
5.992255774840862248e-01,-1.968226764146794455e-02,5.000000000000000000e-01
5.992385753670255166e-01,-1.889500939039226793e-02,5.000000000000000000e-01
5.992503463359315496e-01,-1.810593153788871146e-02,5.000000000000000000e-01
5.992608316935057466e-01,-1.731412802077754443e-02,5.000000000000000000e-01
5.992700309135958747e-01,-1.651947055166151646e-02,5.000000000000000000e-01
5.992779223308252190e-01,-1.572155796470784198e-02,5.000000000000000000e-01
5.992845108776987395e-01,-1.492038461189787446e-02,5.000000000000000000e-01
5.992898116934199937e-01,-1.411617981581190368e-02,5.000000000000000000e-01
5.992938365672262346e-01,-1.330922231415503781e-02,5.000000000000000000e-01
5.992965244901646837e-01,-1.249886756740124262e-02,5.000000000000000000e-01
5.992978622704178138e-01,-1.168500629314964470e-02,5.000000000000000000e-01
5.992979497996380189e-01,-1.086899240485088465e-02,5.000000000000000000e-01
5.992967275126970250e-01,-1.005046404027375162e-02,5.000000000000000000e-01
5.992940969541944440e-01,-9.228505236539157747e-03,5.000000000000000000e-01
5.992901812626714175e-01,-8.404590276652530723e-03,5.000000000000000000e-01
5.992849781006628351e-01,-7.579046317538222152e-03,5.000000000000000000e-01
5.992783884986183640e-01,-6.751167734030335404e-03,5.000000000000000000e-01
5.992704237445860560e-01,-5.921231991865940833e-03,5.000000000000000000e-01
5.992610708107211082e-01,-5.089305640654571625e-03,5.000000000000000000e-01
5.992503802670152702e-01,-4.256088824340531485e-03,5.000000000000000000e-01
5.992383130556482307e-01,-3.421482743854835362e-03,5.000000000000000000e-01
5.992247518245004123e-01,-2.584594694007199753e-03,5.000000000000000000e-01
5.992098326606143388e-01,-1.746711513471096988e-03,5.000000000000000000e-01
5.991936750100763653e-01,-9.091688629460151216e-04,5.000000000000000000e-01
5.991761338933162540e-01,-7.112919575280249318e-05,5.000000000000000000e-01
5.991570881025618522e-01,7.682617410721334639e-04,5.000000000000000000e-01
5.991366167447917945e-01,1.608340576195679480e-03,5.000000000000000000e-01
5.991148532683102657e-01,2.447891576478112424e-03,5.000000000000000000e-01
5.990917491341182233e-01,3.287009908215846737e-03,5.000000000000000000e-01
5.990672055342105562e-01,4.126262566989318675e-03,5.000000000000000000e-01
5.990412033953953497e-01,4.965744962602471058e-03,5.000000000000000000e-01
5.990136831552815844e-01,5.805882664096213841e-03,5.000000000000000000e-01
5.989847026503400951e-01,6.646295875537595529e-03,5.000000000000000000e-01
5.989542399433274156e-01,7.487125763444695339e-03,5.000000000000000000e-01
5.989222849814583860e-01,8.328435376178814145e-03,5.000000000000000000e-01
5.988889830788635127e-01,9.169227797830640375e-03,5.000000000000000000e-01
5.988543198742852791e-01,1.000944764194673132e-02,5.000000000000000000e-01
5.988181305041313518e-01,1.085008223058138259e-02,5.000000000000000000e-01
5.987803596591836364e-01,1.169155591726942466e-02,5.000000000000000000e-01
5.987410809741322559e-01,1.253351579939587616e-02,5.000000000000000000e-01
5.987002525252567153e-01,1.337625489328543235e-02,5.000000000000000000e-01
5.986578158348777601e-01,1.422020245558642745e-02,5.000000000000000000e-01
5.986138064340145171e-01,1.506524412285409169e-02,5.000000000000000000e-01
5.985683216019803687e-01,1.591085461136499887e-02,5.000000000000000000e-01
5.985212761584999264e-01,1.675749349199800314e-02,5.000000000000000000e-01
5.984725868792243331e-01,1.760567184471539121e-02,5.000000000000000000e-01
5.984222571550916747e-01,1.845546123637530761e-02,5.000000000000000000e-01
5.983702917579988290e-01,1.930690389053734551e-02,5.000000000000000000e-01
5.983166872380891732e-01,2.016006507618703369e-02,5.000000000000000000e-01
5.982614004014323861e-01,2.101521350111127881e-02,5.000000000000000000e-01
5.982043753686836496e-01,2.187269844482116199e-02,5.000000000000000000e-01
5.981456753977902885e-01,2.273225937865913648e-02,5.000000000000000000e-01
5.980853640869797649e-01,2.359357094941365307e-02,5.000000000000000000e-01
5.980233360560645028e-01,2.445711334544785343e-02,5.000000000000000000e-01
5.979595995636280970e-01,2.532284972440784765e-02,5.000000000000000000e-01
5.978941320366952805e-01,2.619088493170126930e-02,5.000000000000000000e-01
5.978269572852895619e-01,2.706108375979885197e-02,5.000000000000000000e-01
5.977581691277653597e-01,2.793295797767218758e-02,5.000000000000000000e-01
5.976878005574645103e-01,2.880622735974426238e-02,5.000000000000000000e-01
5.976160144513009698e-01,2.967999205515400862e-02,5.000000000000000000e-01
5.975427122364278532e-01,3.055446461867769581e-02,5.000000000000000000e-01
5.974676639294080882e-01,3.143053223225429627e-02,5.000000000000000000e-01
5.973908963824712259e-01,3.230806522865998370e-02,5.000000000000000000e-01
5.973124671144236508e-01,3.318678653403351470e-02,5.000000000000000000e-01
5.972325027253848617e-01,3.406606485362663472e-02,5.000000000000000000e-01
5.971513823507428320e-01,3.494412041099403954e-02,5.000000000000000000e-01
5.970690096643238576e-01,3.582100471762605237e-02,5.000000000000000000e-01
5.969850462532632074e-01,3.669787544323063061e-02,5.000000000000000000e-01
5.968995121562749029e-01,3.757460952751803113e-02,5.000000000000000000e-01
5.968126147311578755e-01,3.845031878021461236e-02,5.000000000000000000e-01
5.967241707981280063e-01,3.932559869178754025e-02,5.000000000000000000e-01
5.966339525298347546e-01,4.020133133755331850e-02,5.000000000000000000e-01
5.965423085584971030e-01,4.107623720524867378e-02,5.000000000000000000e-01
5.964493851660036539e-01,4.194966024518788361e-02,5.000000000000000000e-01
5.963549379395360894e-01,4.282238223693603935e-02,5.000000000000000000e-01
5.962589749126876448e-01,4.369436916856413861e-02,5.000000000000000000e-01
5.961616455317073626e-01,4.456505138433437124e-02,5.000000000000000000e-01
5.960629797872381008e-01,4.543424826127992477e-02,5.000000000000000000e-01
5.959627830984015606e-01,4.630260244742225029e-02,5.000000000000000000e-01
5.958609778197393458e-01,4.717043896597181846e-02,5.000000000000000000e-01
5.957574914848066117e-01,4.803810123981088614e-02,5.000000000000000000e-01
5.956525170426902882e-01,4.890501005766650922e-02,5.000000000000000000e-01
5.955461670074935210e-01,4.977078358229725108e-02,5.000000000000000000e-01
5.954381762307812131e-01,5.063630955439558934e-02,5.000000000000000000e-01
5.953282892086099176e-01,5.150256914138835740e-02,5.000000000000000000e-01
5.952167524124507558e-01,5.236892084906268757e-02,5.000000000000000000e-01
5.951038232493512936e-01,5.323457132643322903e-02,5.000000000000000000e-01
5.949892893324806309e-01,5.410017702314337540e-02,5.000000000000000000e-01
5.948730637056056647e-01,5.496607729332503300e-02,5.000000000000000000e-01
5.947551722290300713e-01,5.583227093162904109e-02,5.000000000000000000e-01
5.946358541784795282e-01,5.669804112092389353e-02,5.000000000000000000e-01
5.945151965565695917e-01,5.756306069337857600e-02,5.000000000000000000e-01
5.943932042711196351e-01,5.842722850075909857e-02,5.000000000000000000e-01
5.942698788456544090e-01,5.929046931060241721e-02,5.000000000000000000e-01
5.941449945154406720e-01,6.015342637646767243e-02,5.000000000000000000e-01
5.940188042508995903e-01,6.101535218215309309e-02,5.000000000000000000e-01
5.938915482899751463e-01,6.187544844903909019e-02,5.000000000000000000e-01
5.937632266062655706e-01,6.273355441113630249e-02,5.000000000000000000e-01
5.936338326513190822e-01,6.358956109662981804e-02,5.000000000000000000e-01
5.935031558096370841e-01,6.444398755423991210e-02,5.000000000000000000e-01
5.933711521421785040e-01,6.529696283414268554e-02,5.000000000000000000e-01
5.932376986292573484e-01,6.614887321025041123e-02,5.000000000000000000e-01
5.931026739855682628e-01,6.700014997832681729e-02,5.000000000000000000e-01
5.929661152556379156e-01,6.785080964821853244e-02,5.000000000000000000e-01
5.928282889927056765e-01,6.870018876520772588e-02,5.000000000000000000e-01
5.926893553161782791e-01,6.954782454621610821e-02,5.000000000000000000e-01
5.925495045554011186e-01,7.039311017252347646e-02,5.000000000000000000e-01
5.924085421270461893e-01,7.123646944640400769e-02,5.000000000000000000e-01
5.922661118971355165e-01,7.207885018172809077e-02,5.000000000000000000e-01
5.921220942858067549e-01,7.292070300354211443e-02,5.000000000000000000e-01
5.919763030615535770e-01,7.376268553745765622e-02,5.000000000000000000e-01
5.918291652294267458e-01,7.460385476355438361e-02,5.000000000000000000e-01
5.916809603178723176e-01,7.544349607280130543e-02,5.000000000000000000e-01
5.915314249754899389e-01,7.628223750953394555e-02,5.000000000000000000e-01
5.913803633093241974e-01,7.712062847100221996e-02,5.000000000000000000e-01
5.912277495851439024e-01,7.795884497870456120e-02,5.000000000000000000e-01
5.910739055954286059e-01,7.879615253990304713e-02,5.000000000000000000e-01
5.909189421520655294e-01,7.963225328546279236e-02,5.000000000000000000e-01
5.907624318518196471e-01,8.046818096836967638e-02,5.000000000000000000e-01
5.906044004561314953e-01,8.130397493876675985e-02,5.000000000000000000e-01
5.904449003682190611e-01,8.213959140628568356e-02,5.000000000000000000e-01
5.902838275048274408e-01,8.297534963129012120e-02,5.000000000000000000e-01
5.901215762609512971e-01,8.381035450322157909e-02,5.000000000000000000e-01
5.899583084901749430e-01,8.464415664354822677e-02,5.000000000000000000e-01
5.897936447718218345e-01,8.547757280064206820e-02,5.000000000000000000e-01
5.896276418310116840e-01,8.631050247566554590e-02,5.000000000000000000e-01
5.894606529931625261e-01,8.714210732396859838e-02,5.000000000000000000e-01
5.892928904710388327e-01,8.797177750482991498e-02,5.000000000000000000e-01
5.891241834266142119e-01,8.879975632535198893e-02,5.000000000000000000e-01
5.889540934561320329e-01,8.962700087108246838e-02,5.000000000000000000e-01
5.887825386708234188e-01,9.045377790285569208e-02,5.000000000000000000e-01
5.886101611369386477e-01,9.127869585658297813e-02,5.000000000000000000e-01
5.884370531634520729e-01,9.210142716745126079e-02,5.000000000000000000e-01
5.882629860197050586e-01,9.292236312892325489e-02,5.000000000000000000e-01
5.880881542117040173e-01,9.374102477288795421e-02,5.000000000000000000e-01
5.879126192870610668e-01,9.455718776264711301e-02,5.000000000000000000e-01
5.877358559945682348e-01,9.537194922603162150e-02,5.000000000000000000e-01
5.875578537039326532e-01,9.618542551833365872e-02,5.000000000000000000e-01
5.873790736440014371e-01,9.699669484463652180e-02,5.000000000000000000e-01
5.871993285845815702e-01,9.780611729959712286e-02,5.000000000000000000e-01
5.870184815822652169e-01,9.861401073646769433e-02,5.000000000000000000e-01
5.868363708723005612e-01,9.942079935891945386e-02,5.000000000000000000e-01
5.866531409098414418e-01,1.002262819425284029e-01,5.000000000000000000e-01
5.864689644757070663e-01,1.010301553652337703e-01,5.000000000000000000e-01
5.862840424136911421e-01,1.018319873894123345e-01,5.000000000000000000e-01
5.860982644581438361e-01,1.026319707110650570e-01,5.000000000000000000e-01
5.859111146481574828e-01,1.034311855599756302e-01,5.000000000000000000e-01
5.857229779936465874e-01,1.042289841148350688e-01,5.000000000000000000e-01
5.855340813412237555e-01,1.050249203859679875e-01,5.000000000000000000e-01
5.853444206260425275e-01,1.058189602143223690e-01,5.000000000000000000e-01
5.851537875643901820e-01,1.066115065774287246e-01,5.000000000000000000e-01
5.849616690588581580e-01,1.074036617938391586e-01,5.000000000000000000e-01
5.847684751863635455e-01,1.081947793877026109e-01,5.000000000000000000e-01
5.845746926933073073e-01,1.089839320050481064e-01,5.000000000000000000e-01
5.843797141146417351e-01,1.097722511386608757e-01,5.000000000000000000e-01
5.841833331425414499e-01,1.105602548912786309e-01,5.000000000000000000e-01
5.839856850446434322e-01,1.113478325333025210e-01,5.000000000000000000e-01
5.837870861235764375e-01,1.121344508086121461e-01,5.000000000000000000e-01
5.835877505020065081e-01,1.129196804788481778e-01,5.000000000000000000e-01
5.833875983512164520e-01,1.137036074147980691e-01,5.000000000000000000e-01
5.831870392629709965e-01,1.144853891333317969e-01,5.000000000000000000e-01
5.829861440643671067e-01,1.152647422645077246e-01,5.000000000000000000e-01
5.827845908522866214e-01,1.160421393814815294e-01,5.000000000000000000e-01
5.825823199682891307e-01,1.168176720295686366e-01,5.000000000000000000e-01
5.823793037311389975e-01,1.175913934290407914e-01,5.000000000000000000e-01
5.821757715397586352e-01,1.183628806559668123e-01,5.000000000000000000e-01
5.819717968898561189e-01,1.191319463978703502e-01,5.000000000000000000e-01
5.817670882062312421e-01,1.198990885222206981e-01,5.000000000000000000e-01
5.815613367051765126e-01,1.206649350898267997e-01,5.000000000000000000e-01
5.813547446103703997e-01,1.214292438133521973e-01,5.000000000000000000e-01
5.811475899997058381e-01,1.221915637931903637e-01,5.000000000000000000e-01
5.809393604040574699e-01,1.229528360957661826e-01,5.000000000000000000e-01
5.807296994957775738e-01,1.237138601382523906e-01,5.000000000000000000e-01
5.805190626055322101e-01,1.244740319984951327e-01,5.000000000000000000e-01
5.803074808976780297e-01,1.252333705833817146e-01,5.000000000000000000e-01
5.800949466552027811e-01,1.259919409490972697e-01,5.000000000000000000e-01
5.798815271213434430e-01,1.267496777645416850e-01,5.000000000000000000e-01
5.796673235579901107e-01,1.275064195419089441e-01,5.000000000000000000e-01
5.794526698713753365e-01,1.282615601706834363e-01,5.000000000000000000e-01
5.792375443450801242e-01,1.290150362814968532e-01,5.000000000000000000e-01
5.790215972865975225e-01,1.297674015368676104e-01,5.000000000000000000e-01
5.788045436526032539e-01,1.305192056616858720e-01,5.000000000000000000e-01
5.785862249363659116e-01,1.312708632726146685e-01,5.000000000000000000e-01
5.783667569518131657e-01,1.320223240896487016e-01,5.000000000000000000e-01
5.781464026571090375e-01,1.327732337123876671e-01,5.000000000000000000e-01
5.779250215648856770e-01,1.335238504351011490e-01,5.000000000000000000e-01
5.777028469805630673e-01,1.342738170198242154e-01,5.000000000000000000e-01
5.774800504038783977e-01,1.350228123936699498e-01,5.000000000000000000e-01
5.772568126901170826e-01,1.357704469590425012e-01,5.000000000000000000e-01
5.770330744129195111e-01,1.365167166727127290e-01,5.000000000000000000e-01
5.768088739830170564e-01,1.372614727863691320e-01,5.000000000000000000e-01
5.765843729097968051e-01,1.380043714819400025e-01,5.000000000000000000e-01
5.763594602502624120e-01,1.387454942001796476e-01,5.000000000000000000e-01
5.761341423872939904e-01,1.394847845509160633e-01,5.000000000000000000e-01
5.759083526128079278e-01,1.402223166054245573e-01,5.000000000000000000e-01
5.756824632581840628e-01,1.409574493720954225e-01,5.000000000000000000e-01
5.754567105285439688e-01,1.416896715496593073e-01,5.000000000000000000e-01
5.752308966072336993e-01,1.424191611430376814e-01,5.000000000000000000e-01
5.750046366640567674e-01,1.431465071080513796e-01,5.000000000000000000e-01
5.747778158610493682e-01,1.438719778003298144e-01,5.000000000000000000e-01
5.745505157842092370e-01,1.445955481427704525e-01,5.000000000000000000e-01
5.743228635098408530e-01,1.453170791407352447e-01,5.000000000000000000e-01
5.740948661556410926e-01,1.460365953024295727e-01,5.000000000000000000e-01
5.738665355523586697e-01,1.467541068131329174e-01,5.000000000000000000e-01
5.736380561761063035e-01,1.474693403519873880e-01,5.000000000000000000e-01
5.734096898980343138e-01,1.481818321959021689e-01,5.000000000000000000e-01
5.731818411990604600e-01,1.488908158996897768e-01,5.000000000000000000e-01
5.729543493540435461e-01,1.495963630626442609e-01,5.000000000000000000e-01
5.727268679814783159e-01,1.502989428478225808e-01,5.000000000000000000e-01
5.724993013888288740e-01,1.509987527508070415e-01,5.000000000000000000e-01
5.722718234190327102e-01,1.516955775964320963e-01,5.000000000000000000e-01
5.720444762638290381e-01,1.523893694634270435e-01,5.000000000000000000e-01
5.718170921655720829e-01,1.530804139923501450e-01,5.000000000000000000e-01
5.715900735276315814e-01,1.537681208667827371e-01,5.000000000000000000e-01
5.713636441585354664e-01,1.544520682962562952e-01,5.000000000000000000e-01
5.711374343130068976e-01,1.551327529771615310e-01,5.000000000000000000e-01
5.709113752265996267e-01,1.558103292654728356e-01,5.000000000000000000e-01
5.706858629866596866e-01,1.564842179871553662e-01,5.000000000000000000e-01
5.704608592200525186e-01,1.571544259397426035e-01,5.000000000000000000e-01
5.702360308035907543e-01,1.578214706486709973e-01,5.000000000000000000e-01
5.700114939587559437e-01,1.584852666812547606e-01,5.000000000000000000e-01
5.697874198898096321e-01,1.591455925911710034e-01,5.000000000000000000e-01
5.695638145273558273e-01,1.598024393987962921e-01,5.000000000000000000e-01
5.693407078844117120e-01,1.604557665289950141e-01,5.000000000000000000e-01
5.691179698197065262e-01,1.611058014290321638e-01,5.000000000000000000e-01
5.688953242740206750e-01,1.617530623987402660e-01,5.000000000000000000e-01
5.686728843018413748e-01,1.623975235350795798e-01,5.000000000000000000e-01
5.684507676039158852e-01,1.630390938755832964e-01,5.000000000000000000e-01
5.682288700392038594e-01,1.636779912086401556e-01,5.000000000000000000e-01
5.680072386124406236e-01,1.643142209647475427e-01,5.000000000000000000e-01
5.677859698521050547e-01,1.649476828932618933e-01,5.000000000000000000e-01
5.675651365678755500e-01,1.655782746787217152e-01,5.000000000000000000e-01
5.673449671370128788e-01,1.662056123799373619e-01,5.000000000000000000e-01
5.671254314428492149e-01,1.668296742384738351e-01,5.000000000000000000e-01
5.669063470613936451e-01,1.674507241034498273e-01,5.000000000000000000e-01
5.666877165689837570e-01,1.680688120755670645e-01,5.000000000000000000e-01
5.664694097916669335e-01,1.686842087593583839e-01,5.000000000000000000e-01
5.662514223491985632e-01,1.692970186221024465e-01,5.000000000000000000e-01
5.660337190426387721e-01,1.699073932609332649e-01,5.000000000000000000e-01
5.658162716256069924e-01,1.705154657096488724e-01,5.000000000000000000e-01
5.655990793660592431e-01,1.711213293886935383e-01,5.000000000000000000e-01
5.653822780880503052e-01,1.717248158177991368e-01,5.000000000000000000e-01
5.651662241605273085e-01,1.723253180289507080e-01,5.000000000000000000e-01
5.649508605232271830e-01,1.729228071494422481e-01,5.000000000000000000e-01
5.647359770938114032e-01,1.735175912102421281e-01,5.000000000000000000e-01
5.645216171591804777e-01,1.741096483264884809e-01,5.000000000000000000e-01
5.643079363877010479e-01,1.746987381745134793e-01,5.000000000000000000e-01
5.640948899650197745e-01,1.752849129036620490e-01,5.000000000000000000e-01
5.638824093413844496e-01,1.758683058322261239e-01,5.000000000000000000e-01
5.636705044659066077e-01,1.764489501402033977e-01,5.000000000000000000e-01
5.634591231368455411e-01,1.770269860839350506e-01,5.000000000000000000e-01
5.632482309867106185e-01,1.776025404904332250e-01,5.000000000000000000e-01
5.630378695207840511e-01,1.781756049146345222e-01,5.000000000000000000e-01
5.628280381062755744e-01,1.787462206437063772e-01,5.000000000000000000e-01
5.626187322990003903e-01,1.793144323251774641e-01,5.000000000000000000e-01
5.624099715989869797e-01,1.798802406037676715e-01,5.000000000000000000e-01
5.622018034349498539e-01,1.804435758408773627e-01,5.000000000000000000e-01
5.619942783782134743e-01,1.810043454633042392e-01,5.000000000000000000e-01
5.617873874973522419e-01,1.815625651644125482e-01,5.000000000000000000e-01
5.615812152992667450e-01,1.821180705752845908e-01,5.000000000000000000e-01
5.613757761561852799e-01,1.826708275574124851e-01,5.000000000000000000e-01
5.611709767996899689e-01,1.832210459068931152e-01,5.000000000000000000e-01
5.609667983748591880e-01,1.837688307693742806e-01,5.000000000000000000e-01
5.607632444587991039e-01,1.843142257372362702e-01,5.000000000000000000e-01
5.605603459351111706e-01,1.848571949424607230e-01,5.000000000000000000e-01
5.603581026471902149e-01,1.853977664050661389e-01,5.000000000000000000e-01
5.601564828961675957e-01,1.859360536659293017e-01,5.000000000000000000e-01
5.599554782219506865e-01,1.864721164493514938e-01,5.000000000000000000e-01
5.597551377553664498e-01,1.870058398576480152e-01,5.000000000000000000e-01
5.595554814702987656e-01,1.875372074164738667e-01,5.000000000000000000e-01
5.593564960623855775e-01,1.880662898629981983e-01,5.000000000000000000e-01
5.591581611972953336e-01,1.885931992516740041e-01,5.000000000000000000e-01
5.589604500182019375e-01,1.891180327426429109e-01,5.000000000000000000e-01
5.587633571270245181e-01,1.896408258718161322e-01,5.000000000000000000e-01
5.585668785113944157e-01,1.901616146261282392e-01,5.000000000000000000e-01
5.583710249924733748e-01,1.906803538187092639e-01,5.000000000000000000e-01
5.581758171553874437e-01,1.911970716042248886e-01,5.000000000000000000e-01
5.579812508849151254e-01,1.917117749411218486e-01,5.000000000000000000e-01
5.577873384235132459e-01,1.922243092770903328e-01,5.000000000000000000e-01
5.575941569979407930e-01,1.927344402601741391e-01,5.000000000000000000e-01
5.574018131116489361e-01,1.932420598292327041e-01,5.000000000000000000e-01
5.572103338268499240e-01,1.937471279726752094e-01,5.000000000000000000e-01
5.570197397095126846e-01,1.942496012792392646e-01,5.000000000000000000e-01
5.568300747397267880e-01,1.947494833642068046e-01,5.000000000000000000e-01
5.566413409283712532e-01,1.952468306262396813e-01,5.000000000000000000e-01
5.564535111461907935e-01,1.957416821935823448e-01,5.000000000000000000e-01
5.562665897979652829e-01,1.962340526461892054e-01,5.000000000000000000e-01
5.560806198510496179e-01,1.967239957928976768e-01,5.000000000000000000e-01
5.558955744394598053e-01,1.972116247358521313e-01,5.000000000000000000e-01
5.557113747895208178e-01,1.976970148295551233e-01,5.000000000000000000e-01
5.555280035887504297e-01,1.981801587804410403e-01,5.000000000000000000e-01
5.553455138493856857e-01,1.986610244294637062e-01,5.000000000000000000e-01
5.551638821886994979e-01,1.991396073019647828e-01,5.000000000000000000e-01
5.549831201995540919e-01,1.996158581606518045e-01,5.000000000000000000e-01
5.548032861029509322e-01,2.000897160767142746e-01,5.000000000000000000e-01
5.546244198058289943e-01,2.005611527867465216e-01,5.000000000000000000e-01
5.544464877317911711e-01,2.010301620382953514e-01,5.000000000000000000e-01
5.542694941899229955e-01,2.014966846178425919e-01,5.000000000000000000e-01
5.540933909304819327e-01,2.019606320905598662e-01,5.000000000000000000e-01
5.539182630525077977e-01,2.024218160901388452e-01,5.000000000000000000e-01
5.537442951892104226e-01,2.028800426311572480e-01,5.000000000000000000e-01
5.535714398159453653e-01,2.033352578196231109e-01,5.000000000000000000e-01
5.533998380602354050e-01,2.037873088122985066e-01,5.000000000000000000e-01
5.532296352196717226e-01,2.042361067973450239e-01,5.000000000000000000e-01
5.530607272916616690e-01,2.046817160388462453e-01,5.000000000000000000e-01
5.528930431567922188e-01,2.051241188203676291e-01,5.000000000000000000e-01
5.527267416091237173e-01,2.055631695785807844e-01,5.000000000000000000e-01
5.525619191751391934e-01,2.059988113623817674e-01,5.000000000000000000e-01
5.523985212988948845e-01,2.064310930766795893e-01,5.000000000000000000e-01
5.522367117598037112e-01,2.068599546179837878e-01,5.000000000000000000e-01
5.520764006186338335e-01,2.072855186648492609e-01,5.000000000000000000e-01
5.519173372814174527e-01,2.077079386808215744e-01,5.000000000000000000e-01
5.517595044737915178e-01,2.081271503012998569e-01,5.000000000000000000e-01
5.516031240040921713e-01,2.085429618385729045e-01,5.000000000000000000e-01
5.514482782628258306e-01,2.089553247447743511e-01,5.000000000000000000e-01
5.512950108076648537e-01,2.093642443636072603e-01,5.000000000000000000e-01
5.511434191354509515e-01,2.097697205963724998e-01,5.000000000000000000e-01
5.509934442605040061e-01,2.101718764497542413e-01,5.000000000000000000e-01
5.508451703718355574e-01,2.105707565121688607e-01,5.000000000000000000e-01
5.506985946590353675e-01,2.109664919809470796e-01,5.000000000000000000e-01
5.505532966078076074e-01,2.113594431643221749e-01,5.000000000000000000e-01
5.504089039699069374e-01,2.117498124169905349e-01,5.000000000000000000e-01
5.502655048514151215e-01,2.121374250223929947e-01,5.000000000000000000e-01
5.501234807354358214e-01,2.125219583216741981e-01,5.000000000000000000e-01
5.499831394085363812e-01,2.129032371549024194e-01,5.000000000000000000e-01
5.498443974408353530e-01,2.132813976538890377e-01,5.000000000000000000e-01
5.497071856366708698e-01,2.136565552325976336e-01,5.000000000000000000e-01
5.495715471952555831e-01,2.140287474019328673e-01,5.000000000000000000e-01
5.494374125989606172e-01,2.143980966844190039e-01,5.000000000000000000e-01
5.493047423588122147e-01,2.147646964864276531e-01,5.000000000000000000e-01
5.491734295536545574e-01,2.151286756251468701e-01,5.000000000000000000e-01
5.490434548855585017e-01,2.154900889683916965e-01,5.000000000000000000e-01
5.489145269196149535e-01,2.158491488290048277e-01,5.000000000000000000e-01
5.487865884988207821e-01,2.162058593673311657e-01,5.000000000000000000e-01
5.486599720985030348e-01,2.165599630449387414e-01,5.000000000000000000e-01
5.485343453368565214e-01,2.169116820481182539e-01,5.000000000000000000e-01
5.484096430719016535e-01,2.172609987102724904e-01,5.000000000000000000e-01
5.482863839223195424e-01,2.176075066616881826e-01,5.000000000000000000e-01
5.481648470689231001e-01,2.179510560698332544e-01,5.000000000000000000e-01
5.480447311374374575e-01,2.182919250428287938e-01,5.000000000000000000e-01
5.479260708998187068e-01,2.186301264036766834e-01,5.000000000000000000e-01
5.478091205602260150e-01,2.189655364380919123e-01,5.000000000000000000e-01
5.476938328988545379e-01,2.192982841136909000e-01,5.000000000000000000e-01
5.475803584415308567e-01,2.196283660265880844e-01,5.000000000000000000e-01
5.474685754674306626e-01,2.199559933783488685e-01,5.000000000000000000e-01
5.473583492138640594e-01,2.202813734032507964e-01,5.000000000000000000e-01
5.472494709811728253e-01,2.206047454271381769e-01,5.000000000000000000e-01
5.471417114940881898e-01,2.209263327368355678e-01,5.000000000000000000e-01
5.470346188520057717e-01,2.212464697235136113e-01,5.000000000000000000e-01
5.469278800257073581e-01,2.215653237629225947e-01,5.000000000000000000e-01
5.468218602764487457e-01,2.218825432589213165e-01,5.000000000000000000e-01
5.467167358073482530e-01,2.221979519015329640e-01,5.000000000000000000e-01
5.466126014894671092e-01,2.225114519904259902e-01,5.000000000000000000e-01
5.465096719405296843e-01,2.228228724272638961e-01,5.000000000000000000e-01
5.464078119554315327e-01,2.231323122855981278e-01,5.000000000000000000e-01
5.463068583896857344e-01,2.234398699349086637e-01,5.000000000000000000e-01
5.462071124870631067e-01,2.237452953874486949e-01,5.000000000000000000e-01
5.461088936638822666e-01,2.240483629742284766e-01,5.000000000000000000e-01
5.460120254483297186e-01,2.243492380303960532e-01,5.000000000000000000e-01
5.459166720078769686e-01,2.246478261545399036e-01,5.000000000000000000e-01
5.458228199427604954e-01,2.249441767895941635e-01,5.000000000000000000e-01
5.457300013362600399e-01,2.252386652215854768e-01,5.000000000000000000e-01
5.456381674618533406e-01,2.255313091656166447e-01,5.000000000000000000e-01
5.455477181997967495e-01,2.258217987380012615e-01,5.000000000000000000e-01
5.454586353703532176e-01,2.261101662586830208e-01,5.000000000000000000e-01
5.453704445770901632e-01,2.263967745129717990e-01,5.000000000000000000e-01
5.452832567926501062e-01,2.266815065055251543e-01,5.000000000000000000e-01
5.451971037829148603e-01,2.269643120433083583e-01,5.000000000000000000e-01
5.451120738018750966e-01,2.272451015650400197e-01,5.000000000000000000e-01
5.450281132932901507e-01,2.275238951097094120e-01,5.000000000000000000e-01
5.449450891955284204e-01,2.278007650186189281e-01,5.000000000000000000e-01
5.448632213005550895e-01,2.280755077875042391e-01,5.000000000000000000e-01
5.447824062030058867e-01,2.283481771138057836e-01,5.000000000000000000e-01
5.447025692732726521e-01,2.286187954588313753e-01,5.000000000000000000e-01
5.446239003599593342e-01,2.288871781846786302e-01,5.000000000000000000e-01
5.445466240027069249e-01,2.291531325530245244e-01,5.000000000000000000e-01
5.444709243462575454e-01,2.294165148469318738e-01,5.000000000000000000e-01
5.443967828008959842e-01,2.296773515703890434e-01,5.000000000000000000e-01
5.443239325423243624e-01,2.299358532521013632e-01,5.000000000000000000e-01
5.442521772115871403e-01,2.301921563713072161e-01,5.000000000000000000e-01
5.441819621154038167e-01,2.304458943110150870e-01,5.000000000000000000e-01
5.441133337225463329e-01,2.306970390063301790e-01,5.000000000000000000e-01
5.440458135482448832e-01,2.309459664460706274e-01,5.000000000000000000e-01
5.439795699876918134e-01,2.311925224281960456e-01,5.000000000000000000e-01
5.439145447425042246e-01,2.314367353681978656e-01,5.000000000000000000e-01
5.438507005702000185e-01,2.316786169907834037e-01,5.000000000000000000e-01
5.437884613293690883e-01,2.319178178302830906e-01,5.000000000000000000e-01
5.437277268364559824e-01,2.321544265468205581e-01,5.000000000000000000e-01
5.436679057831237394e-01,2.323889020311730169e-01,5.000000000000000000e-01
5.436088383100217136e-01,2.326213296507053663e-01,5.000000000000000000e-01
5.435510617152933266e-01,2.328512368285429179e-01,5.000000000000000000e-01
5.434946541781340290e-01,2.330785477124132088e-01,5.000000000000000000e-01
5.434397806266384467e-01,2.333031233772748236e-01,5.000000000000000000e-01
5.433865742820125355e-01,2.335248625664707034e-01,5.000000000000000000e-01
5.433349197978584177e-01,2.337438680134070745e-01,5.000000000000000000e-01
5.432843136782321558e-01,2.339605425158174379e-01,5.000000000000000000e-01
5.432348192753639893e-01,2.341748102113611618e-01,5.000000000000000000e-01
5.431861117977470066e-01,2.343869035638865284e-01,5.000000000000000000e-01
5.431375354274354805e-01,2.345972992442016680e-01,5.000000000000000000e-01
5.430894529793240944e-01,2.348056211601119436e-01,5.000000000000000000e-01
5.430421890142658192e-01,2.350115427283074876e-01,5.000000000000000000e-01
5.429956101026874871e-01,2.352151221121120406e-01,5.000000000000000000e-01
5.429495936497673592e-01,2.354164001778689674e-01,5.000000000000000000e-01
5.429049916774322249e-01,2.356146300104026703e-01,5.000000000000000000e-01
5.428629191488539840e-01,2.358089004578817205e-01,5.000000000000000000e-01
5.428232931850469623e-01,2.359993328069243113e-01,5.000000000000000000e-01
5.427855528959637521e-01,2.361864344754334155e-01,5.000000000000000000e-01
5.427491760071867510e-01,2.363706546461015745e-01,5.000000000000000000e-01
5.427142921737452275e-01,2.365518880301158700e-01,5.000000000000000000e-01
5.426815054919604808e-01,2.367296505827030106e-01,5.000000000000000000e-01
5.426503911609500408e-01,2.369043310165868110e-01,5.000000000000000000e-01
5.426205146620408648e-01,2.370763098248478973e-01,5.000000000000000000e-01
5.425923629451396835e-01,2.372451892192324885e-01,5.000000000000000000e-01
5.425656166165839789e-01,2.374112601298745684e-01,5.000000000000000000e-01
5.425402393705793802e-01,2.375745688106452591e-01,5.000000000000000000e-01
5.425168333958461098e-01,2.377346305923714875e-01,5.000000000000000000e-01
5.424948378008467298e-01,2.378919556977727168e-01,5.000000000000000000e-01
5.424732748410960870e-01,2.380473784861349418e-01,5.000000000000000000e-01
5.424522901839801126e-01,2.382007534060702203e-01,5.000000000000000000e-01
5.424323629330070062e-01,2.383516605547718048e-01,5.000000000000000000e-01
5.424134264151201368e-01,2.385001599208561029e-01,5.000000000000000000e-01
5.423959520471806073e-01,2.386458576848189128e-01,5.000000000000000000e-01
5.423799505749201666e-01,2.387887672735133915e-01,5.000000000000000000e-01
5.423646877047632042e-01,2.389295356186286190e-01,5.000000000000000000e-01
5.423501938241814813e-01,2.390681324985446110e-01,5.000000000000000000e-01
5.423368539158661683e-01,2.392042278102203823e-01,5.000000000000000000e-01
5.423252113023819820e-01,2.393373733567586981e-01,5.000000000000000000e-01
5.423156062965568402e-01,2.394673160572547421e-01,5.000000000000000000e-01
5.423074088490678069e-01,2.395946487711995698e-01,5.000000000000000000e-01
5.422994588694344253e-01,2.397203978998599383e-01,5.000000000000000000e-01
5.422922893174314529e-01,2.398440922602004810e-01,5.000000000000000000e-01
5.422871041320210805e-01,2.399646973259109417e-01,5.000000000000000000e-01
5.422835587606684715e-01,2.400825648882117247e-01,5.000000000000000000e-01
5.422812067567002181e-01,2.401981248796341006e-01,5.000000000000000000e-01
5.422793781481028974e-01,2.403119867360363759e-01,5.000000000000000000e-01
5.422786167960615966e-01,2.404236809943181008e-01,5.000000000000000000e-01
5.422799131477926693e-01,2.405323617748354459e-01,5.000000000000000000e-01
5.422829147559981022e-01,2.406383978776320542e-01,5.000000000000000000e-01
5.422869342606984056e-01,2.407424418044258885e-01,5.000000000000000000e-01
5.422917968369340702e-01,2.408446748327135456e-01,5.000000000000000000e-01
5.422980820358612730e-01,2.409446031237978403e-01,5.000000000000000000e-01
5.423054965768194791e-01,2.410425261815473952e-01,5.000000000000000000e-01
5.423138428793653487e-01,2.411386511282399836e-01,5.000000000000000000e-01
5.423227248686994795e-01,2.412333549948949551e-01,5.000000000000000000e-01
5.423325859900017809e-01,2.413262543107121127e-01,5.000000000000000000e-01
5.423441444984716808e-01,2.414167263677038933e-01,5.000000000000000000e-01
5.423569510959567186e-01,2.415052242715265973e-01,5.000000000000000000e-01
5.423700780824910472e-01,2.415926195937898591e-01,5.000000000000000000e-01
5.423834089256927005e-01,2.416790274454066190e-01,5.000000000000000000e-01
5.423970051381079571e-01,2.417643918220633015e-01,5.000000000000000000e-01
5.424104266314616618e-01,2.418491203300279779e-01,5.000000000000000000e-01
5.424247214429984698e-01,2.419322428925875235e-01,5.000000000000000000e-01
5.424395095744151130e-01,2.420141256893718618e-01,5.000000000000000000e-01
5.424551579218261921e-01,2.420944404335138578e-01,5.000000000000000000e-01
5.424724317548064167e-01,2.421724949065445776e-01,5.000000000000000000e-01
5.424910251176588982e-01,2.422486105398307110e-01,5.000000000000000000e-01
5.425104168580285879e-01,2.423233000797815895e-01,5.000000000000000000e-01
5.425304526329237653e-01,2.423967254580191577e-01,5.000000000000000000e-01
5.425516737727453798e-01,2.424683911174190243e-01,5.000000000000000000e-01
5.425737732541922043e-01,2.425386103955686767e-01,5.000000000000000000e-01
5.425962222138771551e-01,2.426078986335275800e-01,5.000000000000000000e-01
5.426181359190209719e-01,2.426770967356275677e-01,5.000000000000000000e-01
5.426391263320238245e-01,2.427465568693796261e-01,5.000000000000000000e-01
5.426598288086110777e-01,2.428156482221993651e-01,5.000000000000000000e-01
5.426808467281936110e-01,2.428837803561895714e-01,5.000000000000000000e-01
5.427025120487249943e-01,2.429506337961170881e-01,5.000000000000000000e-01
5.427243298195947308e-01,2.430166873819693818e-01,5.000000000000000000e-01
5.427458763862529345e-01,2.430823445554846363e-01,5.000000000000000000e-01
5.427677742314913623e-01,2.431469877434946913e-01,5.000000000000000000e-01
5.427903804972977753e-01,2.432102675997159236e-01,5.000000000000000000e-01
5.428139243838063788e-01,2.432719647726173107e-01,5.000000000000000000e-01
5.428388667488612818e-01,2.433316383031346453e-01,5.000000000000000000e-01
5.428655075561401588e-01,2.433890112296173691e-01,5.000000000000000000e-01
5.428925107179439769e-01,2.434454190025206466e-01,5.000000000000000000e-01
5.429198831492672017e-01,2.435008566696916232e-01,5.000000000000000000e-01
5.429472958024235130e-01,2.435556458944620473e-01,5.000000000000000000e-01
5.429729645944982863e-01,2.436115529385519674e-01,5.000000000000000000e-01
5.429987200358502575e-01,2.436667174924784518e-01,5.000000000000000000e-01
5.430252986862345033e-01,2.437203923680580087e-01,5.000000000000000000e-01
5.430519467832813918e-01,2.437733391179701115e-01,5.000000000000000000e-01
5.430791763039191089e-01,2.438250331980953978e-01,5.000000000000000000e-01
5.431070891218711116e-01,2.438753719460593217e-01,5.000000000000000000e-01
5.431349292212601654e-01,2.439251212412538172e-01,5.000000000000000000e-01
5.431622216103816347e-01,2.439747550672025089e-01,5.000000000000000000e-01
5.431901263916509848e-01,2.440230729142382482e-01,5.000000000000000000e-01
5.432191096374078265e-01,2.440695973683784104e-01,5.000000000000000000e-01
5.432489394577280084e-01,2.441145734993787064e-01,5.000000000000000000e-01
5.432791123203010164e-01,2.441585236774335421e-01,5.000000000000000000e-01
5.433099313531515318e-01,2.442011331519039763e-01,5.000000000000000000e-01
5.433421279044152730e-01,2.442416445165114802e-01,5.000000000000000000e-01
5.433748580128925365e-01,2.442809477633727244e-01,5.000000000000000000e-01
5.434073984834081328e-01,2.443198006850420545e-01,5.000000000000000000e-01
5.434403620171557314e-01,2.443575537647169060e-01,5.000000000000000000e-01
5.434742415316328179e-01,2.443936882510518993e-01,5.000000000000000000e-01
5.435079307703287732e-01,2.444293775673571090e-01,5.000000000000000000e-01
5.435408775337600140e-01,2.444652017482545903e-01,5.000000000000000000e-01
5.435741843160347697e-01,2.444999748319632293e-01,5.000000000000000000e-01
5.436076518361112608e-01,2.445339078179581960e-01,5.000000000000000000e-01
5.436410387345722572e-01,2.445672573628090429e-01,5.000000000000000000e-01
5.436745390087052154e-01,2.445998085001691580e-01,5.000000000000000000e-01
5.437076841061441179e-01,2.446320635611495264e-01,5.000000000000000000e-01
5.437412426555170430e-01,2.446631831683585556e-01,5.000000000000000000e-01
5.437757461222954003e-01,2.446925886913265957e-01,5.000000000000000000e-01
5.438105197162064197e-01,2.447210218821794236e-01,5.000000000000000000e-01
5.438455562252603182e-01,2.447484904342795975e-01,5.000000000000000000e-01
5.438807273416339516e-01,2.447751345321336758e-01,5.000000000000000000e-01
5.439160755415231030e-01,2.448009071117416835e-01,5.000000000000000000e-01
5.439520252939193945e-01,2.448253376851134977e-01,5.000000000000000000e-01
5.439873918014337395e-01,2.448497445969166075e-01,5.000000000000000000e-01
5.440212971473045167e-01,2.448751009298521519e-01,5.000000000000000000e-01
5.440551510459301632e-01,2.448998160878928521e-01,5.000000000000000000e-01
5.440888546669951920e-01,2.449239963958020072e-01,5.000000000000000000e-01
5.441221008054432096e-01,2.449479866775622905e-01,5.000000000000000000e-01
5.441560960821055781e-01,2.449704161079493958e-01,5.000000000000000000e-01
5.441905544906493475e-01,2.449916134346019625e-01,5.000000000000000000e-01
5.442249095579749785e-01,2.450122265241664321e-01,5.000000000000000000e-01
5.442595335467927953e-01,2.450318295104971789e-01,5.000000000000000000e-01
5.442948635627776754e-01,2.450499227022795157e-01,5.000000000000000000e-01
5.443309510437881471e-01,2.450664533979001747e-01,5.000000000000000000e-01
5.443674671016327515e-01,2.450818078230477259e-01,5.000000000000000000e-01
5.444032069438708987e-01,2.450973885072766922e-01,5.000000000000000000e-01
5.444386001619220261e-01,2.451126943744246778e-01,5.000000000000000000e-01
5.444747112477688056e-01,2.451264813970436274e-01,5.000000000000000000e-01
5.445107135773248341e-01,2.451397260551661517e-01,5.000000000000000000e-01
5.445465934242428307e-01,2.451524486514592982e-01,5.000000000000000000e-01
5.445822825252716326e-01,2.451647311726108946e-01,5.000000000000000000e-01
5.446174545307896908e-01,2.451769649305483301e-01,5.000000000000000000e-01
5.446527120879035566e-01,2.451884328840668870e-01,5.000000000000000000e-01
5.446878566027557600e-01,2.451993771260878585e-01,5.000000000000000000e-01
5.447229495096244101e-01,2.452097278146831427e-01,5.000000000000000000e-01
5.447584357246654241e-01,2.452189543572879937e-01,5.000000000000000000e-01
5.447944918195246622e-01,2.452268502951251428e-01,5.000000000000000000e-01
5.448306912973013283e-01,2.452339412550767483e-01,5.000000000000000000e-01
5.448672020754268264e-01,2.452400303990481534e-01,5.000000000000000000e-01
5.449040538355346408e-01,2.452450890263017658e-01,5.000000000000000000e-01
5.449402992053613559e-01,2.452502870833663806e-01,5.000000000000000000e-01
5.449759325635874507e-01,2.452556369048407292e-01,5.000000000000000000e-01
5.450117931585889419e-01,2.452601061736884303e-01,5.000000000000000000e-01
5.450482110107033318e-01,2.452632941256171484e-01,5.000000000000000000e-01
5.450850377006624115e-01,2.452653951863263404e-01,5.000000000000000000e-01
5.451220777377656646e-01,2.452666636529079180e-01,5.000000000000000000e-01
5.451591286654784430e-01,2.452673624589461199e-01,5.000000000000000000e-01
5.451956802619508657e-01,2.452681428331872082e-01,5.000000000000000000e-01
5.452315975564339112e-01,2.452691825660868741e-01,5.000000000000000000e-01
5.452672237626825513e-01,2.452700528982181272e-01,5.000000000000000000e-01
5.453026412727728367e-01,2.452706560412446779e-01,5.000000000000000000e-01
5.453379440624599450e-01,2.452708800990213711e-01,5.000000000000000000e-01
5.453731737257050405e-01,2.452706792263510127e-01,5.000000000000000000e-01
5.454080810693043846e-01,2.452703829903005173e-01,5.000000000000000000e-01
5.454429812975019054e-01,2.452695916009854371e-01,5.000000000000000000e-01
5.454778833651441339e-01,2.452683017002954546e-01,5.000000000000000000e-01
5.455119753691748397e-01,2.452675793218241918e-01,5.000000000000000000e-01
5.455448804878364477e-01,2.452679239144121559e-01,5.000000000000000000e-01
5.455774292454160790e-01,2.452682503987318186e-01,5.000000000000000000e-01
5.456101110742797022e-01,2.452679203411466946e-01,5.000000000000000000e-01
5.456427364503645405e-01,2.452671928627438436e-01,5.000000000000000000e-01
5.456754583452663177e-01,2.452658730494526318e-01,5.000000000000000000e-01
5.457082147117292559e-01,2.452640518638580236e-01,5.000000000000000000e-01
5.457408654465976117e-01,2.452619257943915720e-01,5.000000000000000000e-01
5.457735030701815759e-01,2.452593790491257031e-01,5.000000000000000000e-01
5.458059351744224408e-01,2.452566799073407355e-01,5.000000000000000000e-01
5.458383058072314720e-01,2.452536425689134658e-01,5.000000000000000000e-01
5.458708760073998079e-01,2.452499214224253543e-01,5.000000000000000000e-01
5.459036697193455634e-01,2.452454939500855469e-01,5.000000000000000000e-01
5.459363317187004849e-01,2.452408561020711364e-01,5.000000000000000000e-01
5.459685786571861765e-01,2.452364075524263720e-01,5.000000000000000000e-01
5.460010870531031291e-01,2.452312245875989394e-01,5.000000000000000000e-01
5.460336585651248686e-01,2.452255915202620207e-01,5.000000000000000000e-01
5.460653655758032077e-01,2.452208090440038957e-01,5.000000000000000000e-01
5.460961054124758851e-01,2.452170294540557682e-01,5.000000000000000000e-01
5.461260710369504334e-01,2.452139906142242753e-01,5.000000000000000000e-01
5.461555011458141262e-01,2.452113648280014324e-01,5.000000000000000000e-01
5.461847442627133509e-01,2.452086681080750674e-01,5.000000000000000000e-01
5.462129921245706399e-01,2.452070539207654720e-01,5.000000000000000000e-01
5.462392023255290274e-01,2.452080138250586072e-01,5.000000000000000000e-01
5.462635965396491766e-01,2.452112348040127454e-01,5.000000000000000000e-01
5.462868282441899481e-01,2.452157829894213159e-01,5.000000000000000000e-01
5.463097269862289274e-01,2.452204675399651812e-01,5.000000000000000000e-01
5.463324568580250062e-01,2.452250560759552112e-01,5.000000000000000000e-01
5.463542915599417515e-01,2.452306063822611015e-01,5.000000000000000000e-01
5.463745325742030978e-01,2.452381386866528401e-01,5.000000000000000000e-01
5.463936733392326106e-01,2.452469339424890038e-01,5.000000000000000000e-01
5.464125794316712081e-01,2.452557254728633396e-01,5.000000000000000000e-01
5.464310966814378556e-01,2.452647434395737458e-01,5.000000000000000000e-01
5.464491978335799249e-01,2.452740327324080538e-01,5.000000000000000000e-01
5.464676437505038287e-01,2.452824704869198957e-01,5.000000000000000000e-01
5.464865346530121126e-01,2.452899143011622873e-01,5.000000000000000000e-01
5.465054993686006002e-01,2.452969254079138128e-01,5.000000000000000000e-01
5.465239000846093820e-01,2.453044657419502783e-01,5.000000000000000000e-01
5.465416133250555752e-01,2.453127275986860256e-01,5.000000000000000000e-01
5.465588895359565491e-01,2.453213389825076030e-01,5.000000000000000000e-01
5.465759976789508201e-01,2.453299001092458798e-01,5.000000000000000000e-01
5.465926415577264663e-01,2.453388673192450908e-01,5.000000000000000000e-01
5.466083252014199978e-01,2.453490042172821184e-01,5.000000000000000000e-01
5.466233282189669751e-01,2.453598883454027324e-01,5.000000000000000000e-01
5.466380340921984660e-01,2.453709377524880830e-01,5.000000000000000000e-01
5.466520918446065025e-01,2.453826990558938825e-01,5.000000000000000000e-01
5.466650968580519798e-01,2.453958048742978793e-01,5.000000000000000000e-01
5.466779221918327547e-01,2.454089058613680707e-01,5.000000000000000000e-01
5.466908954834232004e-01,2.454214994171968756e-01,5.000000000000000000e-01
5.467038779009044669e-01,2.454338113050916481e-01,5.000000000000000000e-01
5.467164951666283468e-01,2.454464369647825772e-01,5.000000000000000000e-01
5.467282502570585123e-01,2.454601664947166639e-01,5.000000000000000000e-01
5.467394272892722729e-01,2.454745589605878409e-01,5.000000000000000000e-01
5.467502733271949467e-01,2.454892300757905432e-01,5.000000000000000000e-01
5.467604884873915605e-01,2.455046652861626044e-01,5.000000000000000000e-01
5.467703815777524845e-01,2.455203799911218898e-01,5.000000000000000000e-01
5.467802190955257657e-01,2.455359562497240744e-01,5.000000000000000000e-01
5.467894799701280562e-01,2.455522405944176312e-01,5.000000000000000000e-01
5.467977110902821902e-01,2.455699722923571637e-01,5.000000000000000000e-01
5.468050990187631744e-01,2.455888565197872353e-01,5.000000000000000000e-01
5.468116557325004568e-01,2.456088807652672679e-01,5.000000000000000000e-01
5.468174775989143033e-01,2.456298953042362898e-01,5.000000000000000000e-01
5.468227476900484607e-01,2.456516077379233831e-01,5.000000000000000000e-01
5.468270709875162616e-01,2.456746730368243314e-01,5.000000000000000000e-01
5.468306351327208992e-01,2.456987891609681562e-01,5.000000000000000000e-01
5.468340430584439638e-01,2.457229670420922885e-01,5.000000000000000000e-01
5.468370988588950876e-01,2.457475400183419256e-01,5.000000000000000000e-01
5.468397407061843518e-01,2.457726198355128511e-01,5.000000000000000000e-01
5.468419832627663402e-01,2.457981904778627769e-01,5.000000000000000000e-01
5.468436762870239054e-01,2.458245125994084623e-01,5.000000000000000000e-01
5.468443915951501921e-01,2.458523129894678860e-01,5.000000000000000000e-01
5.468440127622650193e-01,2.458817951856057116e-01,5.000000000000000000e-01
5.468428076132272331e-01,2.459125118675882793e-01,5.000000000000000000e-01
5.468410211119165698e-01,2.459440550699994454e-01,5.000000000000000000e-01
5.468388310705132316e-01,2.459761294457502023e-01,5.000000000000000000e-01
5.468361625556443784e-01,2.460088722039562859e-01,5.000000000000000000e-01
5.468329474456483652e-01,2.460424080668963120e-01,5.000000000000000000e-01
5.468289432957513796e-01,2.460771625138065133e-01,5.000000000000000000e-01
5.468243282317177822e-01,2.461128360717359242e-01,5.000000000000000000e-01
5.468192080261680132e-01,2.461492546137667436e-01,5.000000000000000000e-01
5.468133373200652070e-01,2.461868524244515133e-01,5.000000000000000000e-01
5.468062596423499677e-01,2.462264319280491609e-01,5.000000000000000000e-01
5.467979424178526227e-01,2.462680553318043475e-01,5.000000000000000000e-01
5.467884958607913681e-01,2.463115341778846779e-01,5.000000000000000000e-01
5.467783264568017998e-01,2.463561593830567720e-01,5.000000000000000000e-01
5.467677448811196772e-01,2.464013900886836694e-01,5.000000000000000000e-01
5.467563950916070059e-01,2.464478638101967600e-01,5.000000000000000000e-01
5.467439878357993610e-01,2.464961002048720595e-01,5.000000000000000000e-01
5.467306120132107150e-01,2.465459459763445493e-01,5.000000000000000000e-01
5.467163199275508756e-01,2.465973128774942291e-01,5.000000000000000000e-01
5.467011418110505616e-01,2.466501519241138807e-01,5.000000000000000000e-01
5.466850953149924308e-01,2.467044365562900410e-01,5.000000000000000000e-01
5.466681898705941789e-01,2.467601548705773695e-01,5.000000000000000000e-01
5.466505810535433607e-01,2.468170314410338406e-01,5.000000000000000000e-01
5.466324584533572839e-01,2.468747294474351317e-01,5.000000000000000000e-01
5.466136344307011008e-01,2.469335970327213581e-01,5.000000000000000000e-01
5.465940934982189692e-01,2.469936696552688105e-01,5.000000000000000000e-01
5.465739330446182098e-01,2.470547763350279813e-01,5.000000000000000000e-01
5.465533188102331685e-01,2.471166224060001027e-01,5.000000000000000000e-01
5.465320269760972627e-01,2.471796276560199734e-01,5.000000000000000000e-01
5.465095275060505298e-01,2.472447767282025533e-01,5.000000000000000000e-01
5.464857699785283796e-01,2.473121667809183855e-01,5.000000000000000000e-01
5.464609822597203959e-01,2.473813801023325154e-01,5.000000000000000000e-01
5.464356875079247056e-01,2.474514506013207882e-01,5.000000000000000000e-01
5.464097288015279386e-01,2.475226795014510706e-01,5.000000000000000000e-01
5.463826114550147661e-01,2.475959983503877859e-01,5.000000000000000000e-01
5.463541731694855352e-01,2.476717154512162733e-01,5.000000000000000000e-01
5.463244613759333790e-01,2.477497440655520022e-01,5.000000000000000000e-01
5.462934737326647916e-01,2.478300907053538338e-01,5.000000000000000000e-01
5.462613090881095479e-01,2.479125701578447638e-01,5.000000000000000000e-01
5.462280933166338004e-01,2.479969460086380861e-01,5.000000000000000000e-01
5.461941470271385324e-01,2.480826132215230850e-01,5.000000000000000000e-01
5.461593900292829318e-01,2.481697289294011177e-01,5.000000000000000000e-01
5.461235400060415746e-01,2.482588355009472114e-01,5.000000000000000000e-01
5.460868845723734211e-01,2.483493859645380386e-01,5.000000000000000000e-01
5.460494606960697439e-01,2.484413138121468467e-01,5.000000000000000000e-01
5.460108654562938479e-01,2.485353963494043583e-01,5.000000000000000000e-01
5.459713279300331124e-01,2.486311945403062440e-01,5.000000000000000000e-01
5.459311720175026306e-01,2.487280869555359153e-01,5.000000000000000000e-01
5.458902376133150103e-01,2.488263891484021606e-01,5.000000000000000000e-01
5.458485838053470651e-01,2.489259919709380930e-01,5.000000000000000000e-01
5.458060948298548709e-01,2.490271256729243432e-01,5.000000000000000000e-01
5.457626580479150169e-01,2.491300142825416397e-01,5.000000000000000000e-01
5.457182484183860094e-01,2.492347102170160422e-01,5.000000000000000000e-01
5.456730059475485284e-01,2.493409442891378891e-01,5.000000000000000000e-01
5.456269922232312997e-01,2.494486010421444466e-01,5.000000000000000000e-01
5.455800319924404285e-01,2.495580303135268019e-01,5.000000000000000000e-01
5.455320393880107588e-01,2.496694049108923452e-01,5.000000000000000000e-01
5.454829950579532793e-01,2.497827666364038635e-01,5.000000000000000000e-01
5.454330448851572033e-01,2.498978311110687800e-01,5.000000000000000000e-01
5.453820520773408065e-01,2.500148732658428186e-01,5.000000000000000000e-01
5.453300565254981525e-01,2.501338178309703286e-01,5.000000000000000000e-01
5.452771578438625477e-01,2.502544712317029130e-01,5.000000000000000000e-01
5.452231385851058487e-01,2.503772703913254016e-01,5.000000000000000000e-01
5.451679199257168928e-01,2.505023748555401664e-01,5.000000000000000000e-01
5.451115083467109601e-01,2.506297728955883541e-01,5.000000000000000000e-01
5.450538739910516517e-01,2.507595251356779520e-01,5.000000000000000000e-01
5.449950716525974181e-01,2.508915220630776322e-01,5.000000000000000000e-01
5.449351595796549930e-01,2.510256474418084416e-01,5.000000000000000000e-01
5.448741756465065311e-01,2.511618259965591182e-01,5.000000000000000000e-01
5.448121252952436988e-01,2.513000478666796988e-01,5.000000000000000000e-01
5.447489737078324845e-01,2.514403837969565458e-01,5.000000000000000000e-01
5.446847068539295567e-01,2.515828621973471568e-01,5.000000000000000000e-01
5.446194336444528661e-01,2.517272628947586632e-01,5.000000000000000000e-01
5.445530735845653947e-01,2.518737490451780081e-01,5.000000000000000000e-01
5.444856407109743834e-01,2.520222917091133885e-01,5.000000000000000000e-01
5.444173231095972287e-01,2.521725092292669279e-01,5.000000000000000000e-01
5.443480270724593284e-01,2.523245931976687007e-01,5.000000000000000000e-01
5.442777510875903557e-01,2.524785473552075277e-01,5.000000000000000000e-01
5.442066457094554277e-01,2.526340662049393337e-01,5.000000000000000000e-01
5.441345304148134110e-01,2.527915196418036858e-01,5.000000000000000000e-01
5.440613386976397292e-01,2.529510435241710820e-01,5.000000000000000000e-01
5.439871320279544564e-01,2.531125115050778529e-01,5.000000000000000000e-01
5.439118457846234822e-01,2.532760551749528855e-01,5.000000000000000000e-01
5.438355900268274645e-01,2.534414483954017250e-01,5.000000000000000000e-01
5.437583832076582357e-01,2.536086533794569275e-01,5.000000000000000000e-01
5.436801027385739227e-01,2.537779212411769292e-01,5.000000000000000000e-01
5.436007510987029834e-01,2.539492450748737085e-01,5.000000000000000000e-01
5.435204122330450360e-01,2.541224507511702368e-01,5.000000000000000000e-01
5.434390998276723561e-01,2.542975089755938889e-01,5.000000000000000000e-01
5.433568074327819186e-01,2.544744319780337660e-01,5.000000000000000000e-01
5.432735412673272979e-01,2.546532055496038005e-01,5.000000000000000000e-01
5.431892514259819560e-01,2.548339307465069536e-01,5.000000000000000000e-01
5.431039785371267747e-01,2.550165214103196631e-01,5.000000000000000000e-01
5.430177439122502170e-01,2.552009312819484288e-01,5.000000000000000000e-01
5.429305491032470066e-01,2.553871546757208177e-01,5.000000000000000000e-01
5.428424582803257348e-01,2.555750566909811283e-01,5.000000000000000000e-01
5.427535514002481687e-01,2.557644706282514724e-01,5.000000000000000000e-01
5.426638353662611713e-01,2.559553815869223814e-01,5.000000000000000000e-01
5.425732286679549876e-01,2.561479570527906979e-01,5.000000000000000000e-01
5.424816693061071948e-01,2.563423230979438583e-01,5.000000000000000000e-01
5.423891991233964482e-01,2.565383904818708261e-01,5.000000000000000000e-01
5.422958662302043154e-01,2.567360575252712884e-01,5.000000000000000000e-01
5.422016832740559344e-01,2.569352964381346194e-01,5.000000000000000000e-01
5.421066202758875185e-01,2.571361677676099466e-01,5.000000000000000000e-01
5.420105725155314191e-01,2.573388856392269664e-01,5.000000000000000000e-01
5.419135284228066007e-01,2.575434702080324212e-01,5.000000000000000000e-01
5.418156239381457517e-01,2.577496367710089276e-01,5.000000000000000000e-01
5.417168305979009890e-01,2.579574416765379463e-01,5.000000000000000000e-01
5.416170978829044635e-01,2.581669862155402395e-01,5.000000000000000000e-01
5.415164605911779727e-01,2.583781945468869856e-01,5.000000000000000000e-01
5.414149682977784650e-01,2.585909606380534242e-01,5.000000000000000000e-01
5.413126614268815029e-01,2.588051980671361441e-01,5.000000000000000000e-01
5.412095010005683049e-01,2.590209848082718480e-01,5.000000000000000000e-01
5.411054230606547888e-01,2.592384496058137144e-01,5.000000000000000000e-01
5.410004389462765850e-01,2.594575648232067544e-01,5.000000000000000000e-01
5.408946022108171992e-01,2.596782157318796025e-01,5.000000000000000000e-01
5.407879446718892869e-01,2.599003331654790028e-01,5.000000000000000000e-01
5.406804476374298396e-01,2.601239524724888730e-01,5.000000000000000000e-01
5.405720637270359230e-01,2.603491680429308452e-01,5.000000000000000000e-01
5.404627440509288672e-01,2.605760767053457716e-01,5.000000000000000000e-01
5.403524520185010172e-01,2.608047492963764813e-01,5.000000000000000000e-01
5.402411940076878860e-01,2.610351680838146060e-01,5.000000000000000000e-01
5.401289163618752109e-01,2.612674388312896667e-01,5.000000000000000000e-01
5.400155611355540453e-01,2.615016754926300369e-01,5.000000000000000000e-01
5.399010896033562545e-01,2.617379518482782497e-01,5.000000000000000000e-01
5.397854638575252384e-01,2.619763396005043710e-01,5.000000000000000000e-01
5.396686529495309248e-01,2.622168955903746435e-01,5.000000000000000000e-01
5.395506356558104066e-01,2.624596562631336116e-01,5.000000000000000000e-01
5.394314051346378314e-01,2.627046283131738158e-01,5.000000000000000000e-01
5.393109412650898271e-01,2.629518453968953673e-01,5.000000000000000000e-01
5.391891984784298320e-01,2.632013930532066670e-01,5.000000000000000000e-01
5.390661108923878730e-01,2.634533977004077654e-01,5.000000000000000000e-01
5.389416374096946960e-01,2.637079342957498462e-01,5.000000000000000000e-01
5.388157573089735752e-01,2.639650356880650639e-01,5.000000000000000000e-01
5.386884595139797005e-01,2.642247147127388951e-01,5.000000000000000000e-01
5.385597100499834866e-01,2.644870305391476828e-01,5.000000000000000000e-01
5.384295018532498922e-01,2.647519871306691641e-01,5.000000000000000000e-01
5.382978766462380715e-01,2.650194891672772446e-01,5.000000000000000000e-01
5.381649003460508007e-01,2.652893925685092524e-01,5.000000000000000000e-01
5.380306125138185624e-01,2.655616071310400450e-01,5.000000000000000000e-01
5.378949939334027874e-01,2.658361617393659726e-01,5.000000000000000000e-01
5.377580237711361288e-01,2.661130882377354956e-01,5.000000000000000000e-01
5.376197402261868596e-01,2.663922991963131870e-01,5.000000000000000000e-01
5.374801643050874933e-01,2.666737419958672972e-01,5.000000000000000000e-01
5.373392926576565642e-01,2.669574130406792145e-01,5.000000000000000000e-01
5.371971738640448635e-01,2.672432045077162144e-01,5.000000000000000000e-01
5.370538873670264168e-01,2.675309471887618029e-01,5.000000000000000000e-01
5.369095082765942273e-01,2.678204812727465467e-01,5.000000000000000000e-01
5.367640055484217410e-01,2.681118593952047657e-01,5.000000000000000000e-01
5.366173262759603713e-01,2.684051774444496941e-01,5.000000000000000000e-01
5.364695071534903992e-01,2.687003526900543227e-01,5.000000000000000000e-01
5.363205438169407202e-01,2.689973840412108741e-01,5.000000000000000000e-01
5.361703550851131261e-01,2.692964223290389425e-01,5.000000000000000000e-01
5.360189477043248996e-01,2.695974438201783618e-01,5.000000000000000000e-01
5.358664513318789346e-01,2.699001823142013201e-01,5.000000000000000000e-01
5.357128449778107981e-01,2.702046691251758781e-01,5.000000000000000000e-01
5.355581609986241887e-01,2.705108306554395714e-01,5.000000000000000000e-01
5.354025635267616323e-01,2.708183354461308756e-01,5.000000000000000000e-01
5.352460185718787011e-01,2.711272408942063672e-01,5.000000000000000000e-01
5.350885366476568761e-01,2.714375175321633304e-01,5.000000000000000000e-01
5.349301455338014710e-01,2.717491024605117600e-01,5.000000000000000000e-01
5.347708881651057622e-01,2.720619036159018789e-01,5.000000000000000000e-01
5.346107943667470774e-01,2.723758547857547674e-01,5.000000000000000000e-01
5.344498569379305675e-01,2.726909617068025149e-01,5.000000000000000000e-01
5.342878645478505995e-01,2.730076241080056088e-01,5.000000000000000000e-01
5.341247428326132418e-01,2.733259763166696610e-01,5.000000000000000000e-01
5.339606849208222705e-01,2.736456380499364682e-01,5.000000000000000000e-01
5.337956827014533889e-01,2.739666155694622240e-01,5.000000000000000000e-01
5.336295977205265384e-01,2.742891643039461202e-01,5.000000000000000000e-01
5.334624416491686727e-01,2.746132524266369224e-01,5.000000000000000000e-01
5.332943067908340051e-01,2.749386946583390889e-01,5.000000000000000000e-01
5.331250092786827821e-01,2.752658300388940438e-01,5.000000000000000000e-01
5.329546319471167859e-01,2.755944916890146201e-01,5.000000000000000000e-01
5.327835178902096125e-01,2.759240218222274166e-01,5.000000000000000000e-01
5.326115560525090942e-01,2.762546196277880228e-01,5.000000000000000000e-01
5.324384604023917333e-01,2.765868127635811580e-01,5.000000000000000000e-01
5.322642007209312798e-01,2.769206485355580893e-01,5.000000000000000000e-01
5.320888169221609232e-01,2.772560426165394110e-01,5.000000000000000000e-01
5.319124389880649506e-01,2.775927426544326782e-01,5.000000000000000000e-01
5.317352209237656835e-01,2.779304521620877821e-01,5.000000000000000000e-01
5.315570756609304670e-01,2.782693220495579545e-01,5.000000000000000000e-01
5.313780508584529105e-01,2.786092543449180114e-01,5.000000000000000000e-01
5.311982739385283647e-01,2.789500047294872775e-01,5.000000000000000000e-01
5.310175550810640743e-01,2.792919121950628303e-01,5.000000000000000000e-01
5.308357273467190218e-01,2.796352735903775977e-01,5.000000000000000000e-01
5.306527574124024760e-01,2.799801410783004929e-01,5.000000000000000000e-01
5.304688309963376813e-01,2.803261673102331875e-01,5.000000000000000000e-01
5.302839359291899868e-01,2.806733644269545080e-01,5.000000000000000000e-01
5.300978824511011211e-01,2.810220657767411589e-01,5.000000000000000000e-01
5.299106864967868535e-01,2.813722332469902332e-01,5.000000000000000000e-01
5.297222688561067372e-01,2.817239993870081505e-01,5.000000000000000000e-01
5.295326649979208433e-01,2.820772904807333226e-01,5.000000000000000000e-01
5.293420756157820595e-01,2.824317370811097461e-01,5.000000000000000000e-01
5.291506150954480292e-01,2.827871236377936248e-01,5.000000000000000000e-01
5.289580749492794887e-01,2.831438087568152184e-01,5.000000000000000000e-01
5.287643097843179874e-01,2.835020394485212591e-01,5.000000000000000000e-01
5.285696290151727927e-01,2.838612597547732208e-01,5.000000000000000000e-01
5.283741193211293208e-01,2.842213055086841855e-01,5.000000000000000000e-01
5.281775761639638800e-01,2.845825235941272791e-01,5.000000000000000000e-01
5.279800417655284850e-01,2.849448301916565063e-01,5.000000000000000000e-01
5.277814995017626742e-01,2.853082441277227099e-01,5.000000000000000000e-01
5.275817006009873023e-01,2.856731873334137917e-01,5.000000000000000000e-01
5.273804844329740282e-01,2.860399292935407178e-01,5.000000000000000000e-01
5.271779572463501928e-01,2.864082784068483489e-01,5.000000000000000000e-01
5.269740551859987132e-01,2.867783344706623661e-01,5.000000000000000000e-01
5.267688156283769629e-01,2.871500228147524370e-01,5.000000000000000000e-01
5.265624622391402720e-01,2.875229504704005512e-01,5.000000000000000000e-01
5.263549398435942717e-01,2.878971976767615293e-01,5.000000000000000000e-01
5.261462157561496156e-01,2.882728071392126612e-01,5.000000000000000000e-01
5.259360576609217741e-01,2.886501589620636410e-01,5.000000000000000000e-01
5.257245085440460652e-01,2.890291701699507776e-01,5.000000000000000000e-01
5.255116638472233648e-01,2.894096693447107405e-01,5.000000000000000000e-01
5.252976978531250785e-01,2.897913520023913114e-01,5.000000000000000000e-01
5.250827116963829866e-01,2.901740354179571657e-01,5.000000000000000000e-01
5.248665223953872250e-01,2.905580077386371585e-01,5.000000000000000000e-01
5.246490222074420284e-01,2.909434346956286666e-01,5.000000000000000000e-01
5.244298957181890986e-01,2.913308241968532997e-01,5.000000000000000000e-01
5.242091732491270806e-01,2.917201179047441695e-01,5.000000000000000000e-01
5.239870169227521801e-01,2.921110407126935593e-01,5.000000000000000000e-01
5.237632757039885067e-01,2.925038255612498750e-01,5.000000000000000000e-01
5.235379687663288539e-01,2.928984292932848565e-01,5.000000000000000000e-01
5.233113136579892188e-01,2.932944877866366928e-01,5.000000000000000000e-01
5.230835765926227232e-01,2.936915563866958623e-01,5.000000000000000000e-01
5.228546063227887952e-01,2.940898591104850190e-01,5.000000000000000000e-01
5.226241232544448501e-01,2.944898259764255899e-01,5.000000000000000000e-01
5.223920150069136792e-01,2.948916242299520762e-01,5.000000000000000000e-01
5.221579728441814172e-01,2.952957315197096699e-01,5.000000000000000000e-01
5.219223669607422345e-01,2.957015555598739298e-01,5.000000000000000000e-01
5.216853417249027736e-01,2.961088548765328232e-01,5.000000000000000000e-01
5.214467167327442310e-01,2.965178945240392050e-01,5.000000000000000000e-01
5.212066104482975248e-01,2.969284752621104695e-01,5.000000000000000000e-01
5.209655792495812010e-01,2.973397166914159007e-01,5.000000000000000000e-01
5.207239598725310614e-01,2.977510741182654019e-01,5.000000000000000000e-01
5.204812800255154137e-01,2.981632476458544456e-01,5.000000000000000000e-01
5.202373729836967664e-01,2.985764754763275963e-01,5.000000000000000000e-01
5.199925479492625291e-01,2.989902721471847657e-01,5.000000000000000000e-01
5.197468613174198726e-01,2.994045339643879311e-01,5.000000000000000000e-01
5.195001938393313257e-01,2.998194241757213274e-01,5.000000000000000000e-01
5.192524448368858181e-01,3.002350804724424060e-01,5.000000000000000000e-01
5.190039929130618734e-01,3.006509222340705278e-01,5.000000000000000000e-01
5.187546468741770500e-01,3.010672186355630719e-01,5.000000000000000000e-01
5.185039881762207870e-01,3.014845800466608994e-01,5.000000000000000000e-01
5.182523265925906841e-01,3.019025424686491155e-01,5.000000000000000000e-01
5.179993777740962146e-01,3.023215155234398877e-01,5.000000000000000000e-01
5.177448006076690312e-01,3.027419952240723022e-01,5.000000000000000000e-01
5.174887728352892680e-01,3.031637210460284004e-01,5.000000000000000000e-01
5.172313440131071083e-01,3.035866154318075383e-01,5.000000000000000000e-01
5.169723088697233404e-01,3.040109690433282497e-01,5.000000000000000000e-01
5.167112838889618143e-01,3.044373319398610001e-01,5.000000000000000000e-01
5.164483186617077060e-01,3.048656333591338585e-01,5.000000000000000000e-01
5.161842803791818479e-01,3.052946276864676456e-01,5.000000000000000000e-01
5.159198544009093723e-01,3.057233158523882111e-01,5.000000000000000000e-01
5.156548476884914578e-01,3.061519386445335500e-01,5.000000000000000000e-01
5.153883257048592625e-01,3.065817919264940405e-01,5.000000000000000000e-01
5.151202807589010391e-01,3.070128810123675112e-01,5.000000000000000000e-01
5.148513199223357928e-01,3.074443502334734957e-01,5.000000000000000000e-01
5.145810379190340900e-01,3.078767463481852928e-01,5.000000000000000000e-01
5.143093123650708254e-01,3.083102297431562500e-01,5.000000000000000000e-01
5.140361906337762576e-01,3.087447283046343416e-01,5.000000000000000000e-01
5.137616682008535607e-01,3.091802392306240987e-01,5.000000000000000000e-01
5.134857971857049730e-01,3.096166822294520449e-01,5.000000000000000000e-01
5.132082925959441377e-01,3.100544352905659218e-01,5.000000000000000000e-01
5.129290594133149028e-01,3.104936224714420767e-01,5.000000000000000000e-01
5.126484508863686784e-01,3.109337620063239438e-01,5.000000000000000000e-01
5.123666951084796528e-01,3.113745339465350259e-01,5.000000000000000000e-01
5.120837046056245789e-01,3.118160366860844301e-01,5.000000000000000000e-01
5.117991287119555421e-01,3.122587222999475554e-01,5.000000000000000000e-01
5.115128763121457034e-01,3.127027038009427828e-01,5.000000000000000000e-01
5.112253506162852679e-01,3.131474430331361858e-01,5.000000000000000000e-01
5.109365072215519277e-01,3.135929818922308376e-01,5.000000000000000000e-01
5.106463730195942574e-01,3.140392699493503859e-01,5.000000000000000000e-01
5.103545852602308086e-01,3.144867646718471077e-01,5.000000000000000000e-01
5.100612759502107796e-01,3.149352876007821544e-01,5.000000000000000000e-01
5.097665911352600165e-01,3.153846410991290594e-01,5.000000000000000000e-01
5.094700530718764275e-01,3.158354229869581031e-01,5.000000000000000000e-01
5.091720549895075720e-01,3.162871283092268393e-01,5.000000000000000000e-01
5.088726164895118753e-01,3.167397184719134007e-01,5.000000000000000000e-01
5.085715144065255933e-01,3.171934609227930468e-01,5.000000000000000000e-01
5.082687325888303187e-01,3.176483670347169941e-01,5.000000000000000000e-01
5.079646417028632621e-01,3.181039628473153469e-01,5.000000000000000000e-01
5.076594559385945171e-01,3.185599625086273923e-01,5.000000000000000000e-01
5.073528383565442113e-01,3.190167596105480952e-01,5.000000000000000000e-01
5.070446535722448189e-01,3.194745072123356122e-01,5.000000000000000000e-01
5.067350697114065827e-01,3.199329884036135052e-01,5.000000000000000000e-01
5.064243710700977452e-01,3.203918408605807011e-01,5.000000000000000000e-01
5.061123816223496164e-01,3.208512567698679208e-01,5.000000000000000000e-01
5.057990806489945923e-01,3.213112445443446208e-01,5.000000000000000000e-01
5.054844479158795423e-01,3.217718142165673090e-01,5.000000000000000000e-01
5.051685561268857150e-01,3.222328640956710344e-01,5.000000000000000000e-01
5.048515586600779148e-01,3.226941966404469619e-01,5.000000000000000000e-01
5.045332554921693191e-01,3.231560296847695302e-01,5.000000000000000000e-01
5.042142311345005901e-01,3.236176608134921362e-01,5.000000000000000000e-01
5.038948957401125917e-01,3.240785808012275337e-01,5.000000000000000000e-01
5.035747321511196972e-01,3.245393573816082178e-01,5.000000000000000000e-01
5.032535180317923018e-01,3.250002300395257171e-01,5.000000000000000000e-01
5.029320534037134971e-01,3.254602627319324593e-01,5.000000000000000000e-01
5.026106294879522096e-01,3.259190886662550746e-01,5.000000000000000000e-01
5.022884631360912122e-01,3.263775682646623544e-01,5.000000000000000000e-01
5.019657714149735606e-01,3.268354432819505773e-01,5.000000000000000000e-01
5.016430498341643007e-01,3.272921382177768068e-01,5.000000000000000000e-01
5.013194876281500401e-01,3.277485412054662595e-01,5.000000000000000000e-01
5.009947373850062169e-01,3.282050424079372974e-01,5.000000000000000000e-01
5.006689691898668082e-01,3.286614630481393684e-01,5.000000000000000000e-01
5.003422949519894525e-01,3.291176833861386708e-01,5.000000000000000000e-01
5.000146604749590162e-01,3.295737644780366571e-01,5.000000000000000000e-01
4.996858622257673854e-01,3.300299325213992274e-01,5.000000000000000000e-01
4.993568453016513642e-01,3.304851592772809488e-01,5.000000000000000000e-01
4.990280644941906263e-01,3.309389288481509039e-01,5.000000000000000000e-01
4.986987498889414172e-01,3.313920423721070652e-01,5.000000000000000000e-01
4.983685070765522807e-01,3.318449203578819340e-01,5.000000000000000000e-01
4.980371087945448805e-01,3.322978144031827341e-01,5.000000000000000000e-01
4.977051779562269296e-01,3.327500728929395635e-01,5.000000000000000000e-01
4.973730675247832189e-01,3.332013146533024939e-01,5.000000000000000000e-01
4.970407664553241345e-01,3.336515337468999309e-01,5.000000000000000000e-01
4.967086760654534361e-01,3.341002933826666133e-01,5.000000000000000000e-01
4.963767043018694758e-01,3.345476650337593227e-01,5.000000000000000000e-01
4.960444112321680254e-01,3.349940880780267749e-01,5.000000000000000000e-01
4.957114451801181154e-01,3.354399252603625925e-01,5.000000000000000000e-01
4.953779103572207299e-01,3.358850791249947121e-01,5.000000000000000000e-01
4.950442113278460399e-01,3.363291411759319338e-01,5.000000000000000000e-01
4.947104815400115152e-01,3.367719683408617604e-01,5.000000000000000000e-01
4.943768176811406678e-01,3.372134523947027951e-01,5.000000000000000000e-01
4.940424107777369178e-01,3.376544010719512157e-01,5.000000000000000000e-01
4.937061765156956494e-01,3.380959219253916181e-01,5.000000000000000000e-01
4.933686532262168134e-01,3.385375272207454267e-01,5.000000000000000000e-01
4.930304687350717252e-01,3.389786210754057727e-01,5.000000000000000000e-01
4.926916977308357093e-01,3.394191335306516732e-01,5.000000000000000000e-01
4.923526023907742744e-01,3.398588074546778359e-01,5.000000000000000000e-01
4.920131871420226899e-01,3.402976308295130314e-01,5.000000000000000000e-01
4.916733793416261378e-01,3.407356673315822260e-01,5.000000000000000000e-01
4.913331516154148537e-01,3.411729396903901979e-01,5.000000000000000000e-01
4.909930728384220844e-01,3.416088952420904823e-01,5.000000000000000000e-01
4.906531994438075306e-01,3.420434595908934394e-01,5.000000000000000000e-01
4.903126278032250429e-01,3.424774756984206858e-01,5.000000000000000000e-01
4.899716054883106464e-01,3.429107199898646097e-01,5.000000000000000000e-01
4.896311472368685136e-01,3.433422352174330672e-01,5.000000000000000000e-01
4.892907952001351313e-01,3.437724223828553249e-01,5.000000000000000000e-01
4.889492218749894592e-01,3.442025130224667384e-01,5.000000000000000000e-01
4.886060765439733666e-01,3.446328701081490253e-01,5.000000000000000000e-01
4.882618696603165387e-01,3.450630644837898164e-01,5.000000000000000000e-01
4.879173599997316257e-01,3.454924186588447244e-01,5.000000000000000000e-01
4.875728174978529728e-01,3.459206781904302641e-01,5.000000000000000000e-01
4.872277419427272216e-01,3.463482853119567162e-01,5.000000000000000000e-01
4.868814800170314649e-01,3.467758370336798124e-01,5.000000000000000000e-01
4.865342186367985211e-01,3.472031906109747101e-01,5.000000000000000000e-01
4.861871323270534617e-01,3.476293053745520556e-01,5.000000000000000000e-01
4.858414989926043148e-01,3.480530112604553472e-01,5.000000000000000000e-01
4.854974967784645989e-01,3.484740796982387367e-01,5.000000000000000000e-01
4.851544041193670553e-01,3.488930815877753222e-01,5.000000000000000000e-01
4.848109332744523492e-01,3.493111174379289197e-01,5.000000000000000000e-01
4.844668802074550973e-01,3.497283816315275295e-01,5.000000000000000000e-01
4.841235516874202727e-01,3.501437558185979682e-01,5.000000000000000000e-01
4.837810856892443834e-01,3.505570961719480239e-01,5.000000000000000000e-01
4.834385994451136925e-01,3.509691379487892560e-01,5.000000000000000000e-01
4.830959804333803120e-01,3.513799872391878409e-01,5.000000000000000000e-01
4.827533908722324574e-01,3.517895185460243601e-01,5.000000000000000000e-01
4.824112332476254150e-01,3.521973966722468097e-01,5.000000000000000000e-01
4.820697254203094029e-01,3.526034299191037613e-01,5.000000000000000000e-01
4.817289923355164705e-01,3.530074995864718734e-01,5.000000000000000000e-01
4.813887538321527937e-01,3.534098258212894361e-01,5.000000000000000000e-01
4.810483173490365805e-01,3.538109852865854998e-01,5.000000000000000000e-01
4.807078823336674578e-01,3.542108366672676034e-01,5.000000000000000000e-01
4.803683369283072713e-01,3.546086623729524101e-01,5.000000000000000000e-01
4.800291938278365977e-01,3.550048477283817006e-01,5.000000000000000000e-01
4.796897919493158802e-01,3.553999375914695391e-01,5.000000000000000000e-01
4.793500038145536157e-01,3.557940666482493075e-01,5.000000000000000000e-01
4.790100389956449822e-01,3.561870972142821001e-01,5.000000000000000000e-01
4.786699211287851474e-01,3.565790346063446026e-01,5.000000000000000000e-01
4.783295265910966210e-01,3.569699977233480315e-01,5.000000000000000000e-01
4.779895059779276645e-01,3.573594910540906500e-01,5.000000000000000000e-01
4.776499586690593491e-01,3.577474332572368465e-01,5.000000000000000000e-01
4.773108569549796565e-01,3.581338408318718303e-01,5.000000000000000000e-01
4.769728214674176514e-01,3.585182207135315657e-01,5.000000000000000000e-01
4.766361295377169460e-01,3.589003304120927940e-01,5.000000000000000000e-01
4.762997194230840226e-01,3.592809649124533156e-01,5.000000000000000000e-01
4.759632041900275778e-01,3.596604354418939109e-01,5.000000000000000000e-01
4.756268862085519800e-01,3.600385354466494325e-01,5.000000000000000000e-01
4.752913524339281715e-01,3.604148264783020306e-01,5.000000000000000000e-01
4.749558393516889465e-01,3.607898855415542227e-01,5.000000000000000000e-01
4.746193847891216899e-01,3.611644654472538907e-01,5.000000000000000000e-01
4.742824079405578708e-01,3.615383078130463002e-01,5.000000000000000000e-01
4.739451000972635386e-01,3.619113052039966139e-01,5.000000000000000000e-01
4.736078741674388248e-01,3.622831749836369908e-01,5.000000000000000000e-01
4.732699993056317389e-01,3.626544724161696598e-01,5.000000000000000000e-01
4.729314473358904314e-01,3.630252533219204270e-01,5.000000000000000000e-01
4.725931116118098352e-01,3.633948921223091322e-01,5.000000000000000000e-01
4.722547124295867760e-01,3.637635912693680251e-01,5.000000000000000000e-01
4.719164243277100823e-01,3.641312291474299023e-01,5.000000000000000000e-01
4.715787647892836221e-01,3.644974289085821106e-01,5.000000000000000000e-01
4.712414541158984616e-01,3.648623726749425922e-01,5.000000000000000000e-01
4.709041841542099815e-01,3.652262749170150924e-01,5.000000000000000000e-01
4.705673440924549311e-01,3.655888606129579776e-01,5.000000000000000000e-01
4.702309947554408343e-01,3.659500769485518057e-01,5.000000000000000000e-01
4.698953007363859680e-01,3.663097936986740022e-01,5.000000000000000000e-01
4.695602553881965124e-01,3.666680002937955374e-01,5.000000000000000000e-01
4.692259975158823426e-01,3.670245821589301904e-01,5.000000000000000000e-01
4.688929228924757497e-01,3.673792451253681257e-01,5.000000000000000000e-01
4.685604284063418223e-01,3.677323771586941126e-01,5.000000000000000000e-01
4.682281228245540605e-01,3.680842467683238528e-01,5.000000000000000000e-01
4.678960659459304172e-01,3.684348244136329553e-01,5.000000000000000000e-01
4.675648724165272774e-01,3.687836985111094812e-01,5.000000000000000000e-01
4.672345023949429077e-01,3.691308817452504387e-01,5.000000000000000000e-01
4.669048774433799398e-01,3.694764171379981144e-01,5.000000000000000000e-01
4.665752469268377167e-01,3.698208090182462104e-01,5.000000000000000000e-01
4.662457617505811891e-01,3.701639805573786468e-01,5.000000000000000000e-01
4.659176317200145467e-01,3.705051382917340375e-01,5.000000000000000000e-01
4.655904612598814607e-01,3.708445171057863643e-01,5.000000000000000000e-01
4.652634975817430130e-01,3.711826060046551357e-01,5.000000000000000000e-01
4.649363150144143475e-01,3.715197095407490879e-01,5.000000000000000000e-01
4.646096594740252161e-01,3.718553719735155916e-01,5.000000000000000000e-01
4.642844539283441652e-01,3.721889947340631943e-01,5.000000000000000000e-01
4.639597529609659210e-01,3.725211632289088803e-01,5.000000000000000000e-01
4.636360247289590397e-01,3.728515816203965549e-01,5.000000000000000000e-01
4.633135016727113475e-01,3.731800922795538433e-01,5.000000000000000000e-01
4.629921318656375906e-01,3.735067100511839100e-01,5.000000000000000000e-01
4.626723571150976877e-01,3.738311404156406947e-01,5.000000000000000000e-01
4.623536181534869671e-01,3.741537118358779224e-01,5.000000000000000000e-01
4.620353313789504757e-01,3.744747941861604756e-01,5.000000000000000000e-01
4.617175101860979680e-01,3.747944023592273410e-01,5.000000000000000000e-01
4.614005633848299870e-01,3.751123026214344680e-01,5.000000000000000000e-01
4.610840338945323413e-01,3.754287872886147293e-01,5.000000000000000000e-01
4.607677592112635612e-01,3.757439823689684433e-01,5.000000000000000000e-01
4.604515001635511307e-01,3.760580682811245357e-01,5.000000000000000000e-01
4.601350760028860565e-01,3.763711953726628368e-01,5.000000000000000000e-01
4.598194227049765548e-01,3.766828314496500907e-01,5.000000000000000000e-01
4.595042866006284754e-01,3.769931358616750439e-01,5.000000000000000000e-01
4.591888880656996852e-01,3.773025961516013327e-01,5.000000000000000000e-01
4.588731858351335902e-01,3.776112831473007470e-01,5.000000000000000000e-01
4.585568738600555028e-01,3.779194253446510610e-01,5.000000000000000000e-01
4.582401521493273400e-01,3.782269552253703648e-01,5.000000000000000000e-01
4.579232797059342164e-01,3.785337582886837415e-01,5.000000000000000000e-01
4.576067953869584204e-01,3.788395385741498145e-01,5.000000000000000000e-01
4.572908827018832278e-01,3.791441889856206338e-01,5.000000000000000000e-01
4.569759443332943039e-01,3.794474627301326897e-01,5.000000000000000000e-01
4.566619507795723898e-01,3.797493549573514038e-01,5.000000000000000000e-01
4.563485152431471237e-01,3.800500689626148398e-01,5.000000000000000000e-01
4.560358996966860090e-01,3.803494502126170684e-01,5.000000000000000000e-01
4.557237486431470197e-01,3.806476903577508120e-01,5.000000000000000000e-01
4.554120149821196950e-01,3.809448194522000453e-01,5.000000000000000000e-01
4.551011031395169049e-01,3.812406087953005285e-01,5.000000000000000000e-01
4.547915743425591240e-01,3.815347254018369716e-01,5.000000000000000000e-01
4.544834705399626307e-01,3.818271097085451093e-01,5.000000000000000000e-01
4.541763404119614211e-01,3.821179844534768333e-01,5.000000000000000000e-01
4.538696509332166840e-01,3.824076383123370948e-01,5.000000000000000000e-01
4.535633924166486142e-01,3.826960902864870451e-01,5.000000000000000000e-01
4.532574153533557304e-01,3.829834372873590076e-01,5.000000000000000000e-01
4.529515944755384549e-01,3.832697688066002972e-01,5.000000000000000000e-01
4.526460071769019544e-01,3.835550656010159321e-01,5.000000000000000000e-01
4.523404789403489001e-01,3.838394441720313077e-01,5.000000000000000000e-01
4.520352179912250357e-01,3.841228147659797587e-01,5.000000000000000000e-01
4.517313856071850653e-01,3.844045578645661210e-01,5.000000000000000000e-01
4.514292818423984999e-01,3.846844751979800470e-01,5.000000000000000000e-01
4.511286201127969742e-01,3.849626764911218135e-01,5.000000000000000000e-01
4.508294690291259621e-01,3.852390953192355028e-01,5.000000000000000000e-01
4.505320126337144515e-01,3.855136040021661659e-01,5.000000000000000000e-01
4.502357254257947083e-01,3.857864504676136175e-01,5.000000000000000000e-01
4.499406838292142607e-01,3.860575853867455609e-01,5.000000000000000000e-01
4.496472538320301915e-01,3.863268069560956142e-01,5.000000000000000000e-01
4.493554737238014685e-01,3.865940713027080644e-01,5.000000000000000000e-01
4.490652458666412605e-01,3.868594093693366598e-01,5.000000000000000000e-01
4.487765510528574087e-01,3.871228158114466411e-01,5.000000000000000000e-01
4.484899978763123851e-01,3.873839631577699061e-01,5.000000000000000000e-01
4.482051590966759091e-01,3.876430387005788125e-01,5.000000000000000000e-01
4.479213656023819379e-01,3.879003760797591349e-01,5.000000000000000000e-01
4.476387487091961770e-01,3.881559269946625035e-01,5.000000000000000000e-01
4.473579069715194478e-01,3.884093990576648059e-01,5.000000000000000000e-01
4.470787948050765070e-01,3.886608047081001605e-01,5.000000000000000000e-01
4.468013929699864439e-01,3.889101460243595820e-01,5.000000000000000000e-01
4.465259296310192250e-01,3.891573037805250435e-01,5.000000000000000000e-01
4.462522494686083085e-01,3.894023440358898025e-01,5.000000000000000000e-01
4.459804131700065843e-01,3.896452332033766841e-01,5.000000000000000000e-01
4.457109052297503760e-01,3.898857248650225427e-01,5.000000000000000000e-01
4.454435711894787486e-01,3.901238737288030833e-01,5.000000000000000000e-01
4.451780644164085032e-01,3.903598379511582506e-01,5.000000000000000000e-01
4.449148250983051556e-01,3.905934049581712975e-01,5.000000000000000000e-01
4.446539710417043434e-01,3.908245039005357468e-01,5.000000000000000000e-01
4.443951362821246809e-01,3.910532988681308941e-01,5.000000000000000000e-01
4.441382527923662948e-01,3.912798261141191558e-01,5.000000000000000000e-01
4.438834569849475775e-01,3.915040277687927839e-01,5.000000000000000000e-01
4.436308333040428487e-01,3.917258657485178652e-01,5.000000000000000000e-01
4.433807188408424027e-01,3.919451781541222757e-01,5.000000000000000000e-01
4.431331665623230442e-01,3.921619270965185367e-01,5.000000000000000000e-01
4.428877095953120957e-01,3.923763245059747051e-01,5.000000000000000000e-01
4.426442840492254005e-01,3.925884112946901316e-01,5.000000000000000000e-01
4.424031090413950706e-01,3.927980987408546953e-01,5.000000000000000000e-01
4.421641178959500595e-01,3.930054238835470892e-01,5.000000000000000000e-01
4.419278014811290900e-01,3.932101642279995923e-01,5.000000000000000000e-01
4.416945042965528812e-01,3.934121464466532325e-01,5.000000000000000000e-01
4.414641614264419589e-01,3.936113761712071168e-01,5.000000000000000000e-01
4.412367333299848093e-01,3.938078533855084440e-01,5.000000000000000000e-01
4.410120451747041592e-01,3.940016459752944677e-01,5.000000000000000000e-01
4.407899097530946775e-01,3.941928377080696211e-01,5.000000000000000000e-01
4.405702794337405526e-01,3.943814580090212463e-01,5.000000000000000000e-01
4.403530846403642673e-01,3.945675498130754022e-01,5.000000000000000000e-01
4.401386420342073835e-01,3.947509817443085045e-01,5.000000000000000000e-01
4.399271322661473249e-01,3.949316725117233418e-01,5.000000000000000000e-01
4.397187811627683018e-01,3.951095121049332803e-01,5.000000000000000000e-01
4.395141546412205114e-01,3.952842286358949631e-01,5.000000000000000000e-01
4.393125662288507316e-01,3.954560970079634141e-01,5.000000000000000000e-01
4.391138366833251538e-01,3.956251947940104818e-01,5.000000000000000000e-01
4.389180578528426580e-01,3.957914899194893699e-01,5.000000000000000000e-01
4.387244213958896299e-01,3.959553508785422227e-01,5.000000000000000000e-01
4.385329283867948069e-01,3.961168203245216679e-01,5.000000000000000000e-01
4.383439760410556829e-01,3.962757624262842615e-01,5.000000000000000000e-01
4.381577838568828653e-01,3.964321013968744034e-01,5.000000000000000000e-01
4.379743539943762309e-01,3.965858477149815098e-01,5.000000000000000000e-01
4.377937367144390524e-01,3.967369905585299561e-01,5.000000000000000000e-01
4.376159374990631901e-01,3.968855370794706627e-01,5.000000000000000000e-01
4.374408091994880232e-01,3.970315617506666728e-01,5.000000000000000000e-01
4.372682382033328263e-01,3.971751311503129989e-01,5.000000000000000000e-01
4.370981376422413689e-01,3.973163051196483275e-01,5.000000000000000000e-01
4.369304835640400730e-01,3.974551190848305549e-01,5.000000000000000000e-01
4.367654992270535441e-01,3.975915005485994858e-01,5.000000000000000000e-01
4.366031779866483276e-01,3.977254664688464336e-01,5.000000000000000000e-01
4.364435359750633570e-01,3.978570229047870832e-01,5.000000000000000000e-01
4.362867575899378458e-01,3.979861026573646710e-01,5.000000000000000000e-01
4.361329428048121848e-01,3.981126655876346954e-01,5.000000000000000000e-01
4.359819633096948532e-01,3.982367664841370281e-01,5.000000000000000000e-01
4.358336383326933960e-01,3.983584880747199630e-01,5.000000000000000000e-01
4.356881748944652077e-01,3.984777557302980888e-01,5.000000000000000000e-01
4.355456166559340536e-01,3.985945546226850045e-01,5.000000000000000000e-01
4.354058798217523285e-01,3.987089226579568768e-01,5.000000000000000000e-01
4.352689942454154304e-01,3.988208530773173499e-01,5.000000000000000000e-01
4.351352817940773443e-01,3.989302136883891015e-01,5.000000000000000000e-01
4.350049559186391912e-01,3.990369036678115267e-01,5.000000000000000000e-01
4.348776437151740115e-01,3.991410621973401907e-01,5.000000000000000000e-01
4.347527797260453131e-01,3.992429283820854158e-01,5.000000000000000000e-01
4.346303976800096613e-01,3.993425153257996740e-01,5.000000000000000000e-01
4.345107171528772572e-01,3.994397554460604183e-01,5.000000000000000000e-01
4.343937595964926235e-01,3.995346528317998969e-01,5.000000000000000000e-01
4.342793819814646517e-01,3.996272791880322028e-01,5.000000000000000000e-01
4.341674562334595922e-01,3.997177059160775814e-01,5.000000000000000000e-01
4.340581798138525849e-01,3.998058733305029921e-01,5.000000000000000000e-01
4.339515260385613526e-01,3.998918053195669176e-01,5.000000000000000000e-01
4.338472986797113906e-01,3.999755963057200492e-01,5.000000000000000000e-01
4.337455591810168154e-01,4.000572423061685146e-01,5.000000000000000000e-01
4.336462696342846534e-01,4.001367764037330188e-01,5.000000000000000000e-01
4.335494207682193402e-01,4.002142202568392815e-01,5.000000000000000000e-01
4.334553236680344090e-01,4.002894619063496195e-01,5.000000000000000000e-01
4.333641874425788743e-01,4.003624161231394973e-01,5.000000000000000000e-01
4.332758242947864491e-01,4.004331511630800922e-01,5.000000000000000000e-01
4.331901593740297152e-01,4.005016979581456082e-01,5.000000000000000000e-01
4.331071860282144081e-01,4.005680631852652773e-01,5.000000000000000000e-01
4.330268477071359534e-01,4.006322739135473876e-01,5.000000000000000000e-01
4.329492227535587379e-01,4.006943042364662366e-01,5.000000000000000000e-01
4.328743847831614255e-01,4.007541261380432873e-01,5.000000000000000000e-01
4.328022684553390897e-01,4.008117648439825098e-01,5.000000000000000000e-01
4.327327736738965092e-01,4.008672629525918962e-01,5.000000000000000000e-01
4.326658827581079114e-01,4.009206340680114833e-01,5.000000000000000000e-01
4.326015805727151387e-01,4.009718913050356881e-01,5.000000000000000000e-01
4.325399061902746034e-01,4.010210257542300427e-01,5.000000000000000000e-01
4.324809130249210876e-01,4.010680204969107043e-01,5.000000000000000000e-01
4.324245609682036973e-01,4.011128936371072262e-01,5.000000000000000000e-01
4.323708118512897824e-01,4.011556643086439666e-01,5.000000000000000000e-01
4.323196981532715366e-01,4.011963243756816455e-01,5.000000000000000000e-01
4.322712450328451417e-01,4.012348669103598664e-01,5.000000000000000000e-01
4.322253865105626369e-01,4.012713203573176624e-01,5.000000000000000000e-01
4.321821343027035245e-01,4.013056846408075140e-01,5.000000000000000000e-01
4.321415036495382944e-01,4.013379574245904968e-01,5.000000000000000000e-01
4.321034694885720340e-01,4.013681515458170646e-01,5.000000000000000000e-01
4.320680342099907367e-01,4.013962697001807745e-01,5.000000000000000000e-01
4.320352051529275927e-01,4.014223121330104949e-01,5.000000000000000000e-01
4.320049890753502320e-01,4.014462786456243215e-01,5.000000000000000000e-01
4.319773972771774329e-01,4.014681665840941771e-01,5.000000000000000000e-01
4.319524503813423344e-01,4.014879687203966596e-01,5.000000000000000000e-01
4.319301479260823085e-01,4.015056851630181556e-01,5.000000000000000000e-01
4.319105098464153802e-01,4.015213076014322313e-01,5.000000000000000000e-01
4.318935077154397728e-01,4.015348463192878192e-01,5.000000000000000000e-01
4.318790785675329369e-01,4.015463267325899421e-01,5.000000000000000000e-01
4.318672464443142900e-01,4.015557422096331375e-01,5.000000000000000000e-01
4.318580554745334865e-01,4.015630764846559453e-01,5.000000000000000000e-01
4.318515351236333899e-01,4.015683168149432047e-01,5.000000000000000000e-01
4.318476997132448258e-01,4.015714549595101879e-01,5.000000000000000000e-01
4.318464833640600631e-01,4.015725144656510093e-01,5.000000000000000000e-01
4.318478852811324931e-01,4.015714956863704055e-01,5.000000000000000000e-01
4.318520492519286602e-01,4.015683407272139238e-01,5.000000000000000000e-01
4.318589803576625141e-01,4.015630403787299185e-01,5.000000000000000000e-01
4.318686626865423372e-01,4.015555937742305570e-01,5.000000000000000000e-01
4.318811464960062296e-01,4.015459745669075486e-01,5.000000000000000000e-01
4.318962766069776027e-01,4.015342373143968580e-01,5.000000000000000000e-01
4.319140329932752431e-01,4.015203896836939679e-01,5.000000000000000000e-01
4.319346163204011990e-01,4.015043515514057915e-01,5.000000000000000000e-01
4.319580325386227493e-01,4.014861111150212492e-01,5.000000000000000000e-01
4.319843315927615057e-01,4.014656387867245879e-01,5.000000000000000000e-01
4.320136087503161915e-01,4.014428847362314090e-01,5.000000000000000000e-01
4.320459151772836903e-01,4.014178126914191846e-01,5.000000000000000000e-01
4.320811909045914057e-01,4.013904298816449723e-01,5.000000000000000000e-01
4.321193608446204371e-01,4.013607535177433627e-01,5.000000000000000000e-01
4.321604342763348261e-01,4.013287714326393973e-01,5.000000000000000000e-01
4.322042102320693413e-01,4.012945570371936888e-01,5.000000000000000000e-01
4.322506272102338287e-01,4.012581374224080677e-01,5.000000000000000000e-01
4.322998205122285942e-01,4.012194630947216734e-01,5.000000000000000000e-01
4.323519409641281008e-01,4.011784705738929979e-01,5.000000000000000000e-01
4.324068978266515928e-01,4.011351876700298691e-01,5.000000000000000000e-01
4.324646866752735463e-01,4.010896111481503379e-01,5.000000000000000000e-01
4.325254412492106626e-01,4.010416827699065934e-01,5.000000000000000000e-01
4.325889077931412974e-01,4.009914953445218866e-01,5.000000000000000000e-01
4.326550456434148928e-01,4.009390681283157565e-01,5.000000000000000000e-01
4.327239565228103713e-01,4.008843639456891594e-01,5.000000000000000000e-01
4.327956762489271192e-01,4.008273669832882469e-01,5.000000000000000000e-01
4.328702017398153856e-01,4.007680752234427102e-01,5.000000000000000000e-01
4.329477992533412589e-01,4.007063758012673338e-01,5.000000000000000000e-01
4.330283381219768857e-01,4.006423061732379276e-01,5.000000000000000000e-01
4.331116256161341438e-01,4.005759356767263357e-01,5.000000000000000000e-01
4.331978325367139560e-01,4.005071949199590642e-01,5.000000000000000000e-01
4.332868886721976120e-01,4.004361044825672233e-01,5.000000000000000000e-01
4.333789672799331916e-01,4.003625879280273692e-01,5.000000000000000000e-01
4.334741783975838425e-01,4.002865862647063677e-01,5.000000000000000000e-01
4.335723603405325921e-01,4.002081478936346803e-01,5.000000000000000000e-01
4.336736656960318292e-01,4.001271994105827234e-01,5.000000000000000000e-01
4.337781807153860969e-01,4.000436881056411709e-01,5.000000000000000000e-01
4.338853636859456575e-01,3.999578194243489371e-01,5.000000000000000000e-01
4.339951892354695362e-01,3.998696116982835003e-01,5.000000000000000000e-01
4.341079937126796073e-01,3.997789332963889164e-01,5.000000000000000000e-01
4.342237801294569488e-01,3.996857732897551863e-01,5.000000000000000000e-01
4.343424783481487639e-01,3.995901517427804528e-01,5.000000000000000000e-01
4.344641603753134351e-01,3.994920322373833876e-01,5.000000000000000000e-01
4.345889551936563122e-01,3.993913509353883562e-01,5.000000000000000000e-01
4.347167635251801832e-01,3.992881335055515901e-01,5.000000000000000000e-01
4.348476560981884287e-01,3.991823393113020924e-01,5.000000000000000000e-01
4.349814936463365367e-01,3.990740138314365915e-01,5.000000000000000000e-01
4.351180325667430848e-01,3.989632543343726301e-01,5.000000000000000000e-01
4.352571779847294042e-01,3.988501080055584791e-01,5.000000000000000000e-01
4.353985914052306283e-01,3.987347305576462997e-01,5.000000000000000000e-01
4.355422262031546365e-01,3.986171689861829348e-01,5.000000000000000000e-01
4.356880861870847665e-01,3.984974496176096892e-01,5.000000000000000000e-01
4.358361459348858435e-01,3.983756078203518070e-01,5.000000000000000000e-01
4.359864279375333940e-01,3.982516579989984207e-01,5.000000000000000000e-01
4.361388633802896764e-01,3.981256496376656129e-01,5.000000000000000000e-01
4.362932585337965241e-01,3.979976886882144460e-01,5.000000000000000000e-01
4.364493925063612778e-01,3.978678999535643079e-01,5.000000000000000000e-01
4.366078633494209771e-01,3.977360601135413454e-01,5.000000000000000000e-01
4.367689877301661472e-01,3.976020334756952268e-01,5.000000000000000000e-01
4.369327291572460137e-01,3.974658194079768725e-01,5.000000000000000000e-01
4.370993257897752837e-01,3.973272983749395193e-01,5.000000000000000000e-01
4.372684394124210505e-01,3.971865920051143584e-01,5.000000000000000000e-01
4.374400843466200728e-01,3.970436835712994883e-01,5.000000000000000000e-01
4.376149055319629166e-01,3.968982767987075388e-01,5.000000000000000000e-01
4.377926110627210488e-01,3.967504559180431434e-01,5.000000000000000000e-01
4.379725132409568733e-01,3.966004987565779905e-01,5.000000000000000000e-01
4.381549663126680372e-01,3.964482554369407330e-01,5.000000000000000000e-01
4.383406127862647939e-01,3.962934272961620152e-01,5.000000000000000000e-01
4.385293708420028302e-01,3.961360047653353922e-01,5.000000000000000000e-01
4.387212219511736899e-01,3.959759560479823026e-01,5.000000000000000000e-01
4.389162639033482027e-01,3.958131994395468478e-01,5.000000000000000000e-01
4.391138220127763780e-01,3.956480008717073726e-01,5.000000000000000000e-01
4.393136490483884882e-01,3.954804691432412533e-01,5.000000000000000000e-01
4.395162630017932504e-01,3.953103789276479763e-01,5.000000000000000000e-01
4.397215369436985322e-01,3.951377693768754473e-01,5.000000000000000000e-01
4.399293480845081206e-01,3.949626853726994069e-01,5.000000000000000000e-01
4.401399657563183077e-01,3.947849973031276605e-01,5.000000000000000000e-01
4.403534676817645321e-01,3.946046497399412489e-01,5.000000000000000000e-01
4.405689994028052503e-01,3.944220157585701103e-01,5.000000000000000000e-01
4.407865447876968545e-01,3.942371255678031039e-01,5.000000000000000000e-01
4.410064927858819428e-01,3.940498204986219166e-01,5.000000000000000000e-01
4.412289944012336429e-01,3.938600278356445550e-01,5.000000000000000000e-01
4.414539433181285388e-01,3.936677878867141933e-01,5.000000000000000000e-01
4.416811697764299049e-01,3.934731748350015490e-01,5.000000000000000000e-01
4.419111452087560732e-01,3.932759689211273724e-01,5.000000000000000000e-01
4.421437873221085724e-01,3.930761856146425259e-01,5.000000000000000000e-01
4.423784339525536069e-01,3.928741224746610250e-01,5.000000000000000000e-01
4.426147905400484861e-01,3.926699378300623211e-01,5.000000000000000000e-01
4.428529315304369218e-01,3.924636283754083799e-01,5.000000000000000000e-01
4.430925679092561076e-01,3.922553583781502873e-01,5.000000000000000000e-01
4.433340352759165270e-01,3.920450026436345103e-01,5.000000000000000000e-01
4.435769920334449168e-01,3.918327441278442458e-01,5.000000000000000000e-01
4.438214090277222690e-01,3.916186274017254831e-01,5.000000000000000000e-01
4.440678275802033559e-01,3.914024184970834597e-01,5.000000000000000000e-01
4.443161156569682690e-01,3.911841779221256754e-01,5.000000000000000000e-01
4.445664952439407624e-01,3.909637984622201246e-01,5.000000000000000000e-01
4.448187539704258064e-01,3.907413731544315261e-01,5.000000000000000000e-01
4.450729060480596022e-01,3.905168933330706582e-01,5.000000000000000000e-01
4.453292751088073764e-01,3.902901936304287167e-01,5.000000000000000000e-01
4.455881439150898293e-01,3.900611089841108381e-01,5.000000000000000000e-01
4.458496561572350414e-01,3.898295276319934111e-01,5.000000000000000000e-01
4.461140063990945981e-01,3.895953043655629999e-01,5.000000000000000000e-01
4.463806425876487571e-01,3.893586639816418171e-01,5.000000000000000000e-01
4.466489982741337350e-01,3.891198714033987649e-01,5.000000000000000000e-01
4.469194938176067611e-01,3.888787212673024962e-01,5.000000000000000000e-01
4.471915254669412976e-01,3.886355089187761847e-01,5.000000000000000000e-01
4.474647080848662695e-01,3.883904499852829373e-01,5.000000000000000000e-01
4.477398860782748624e-01,3.881431450968538810e-01,5.000000000000000000e-01
4.480171235918150030e-01,3.878935476543575733e-01,5.000000000000000000e-01
4.482964295261099297e-01,3.876416342645313540e-01,5.000000000000000000e-01
4.485781488787414784e-01,3.873872053553377715e-01,5.000000000000000000e-01
4.488617298971685488e-01,3.871305133605761895e-01,5.000000000000000000e-01
4.491468429202692958e-01,3.868717257608790261e-01,5.000000000000000000e-01
4.494334354587317115e-01,3.866108831266197310e-01,5.000000000000000000e-01
4.497218185590837192e-01,3.863478315286525411e-01,5.000000000000000000e-01
4.500122093396158318e-01,3.860824489210737398e-01,5.000000000000000000e-01
4.503042204057842168e-01,3.858149227008953464e-01,5.000000000000000000e-01
4.505984696595997097e-01,3.855449204021115239e-01,5.000000000000000000e-01
4.508946634812124321e-01,3.852725673733663481e-01,5.000000000000000000e-01
4.511923990313567723e-01,3.849980646734207923e-01,5.000000000000000000e-01
4.514912812674105602e-01,3.847216356478224686e-01,5.000000000000000000e-01
4.517909981750077852e-01,3.844434775382348790e-01,5.000000000000000000e-01
4.520922549997873352e-01,3.841632431404342074e-01,5.000000000000000000e-01
4.523947416783259956e-01,3.838811021103272214e-01,5.000000000000000000e-01
4.526989589779805701e-01,3.835967874631851515e-01,5.000000000000000000e-01
4.530047558817319464e-01,3.833103679509682893e-01,5.000000000000000000e-01
4.533112187749157584e-01,3.830223465239993574e-01,5.000000000000000000e-01
4.536182579206979870e-01,3.827328173660439758e-01,5.000000000000000000e-01
4.539263239029560637e-01,3.824415670097683906e-01,5.000000000000000000e-01
4.542363901996127051e-01,3.821480542027679839e-01,5.000000000000000000e-01
4.545482070769878424e-01,3.818523755964075006e-01,5.000000000000000000e-01
4.548620270439157065e-01,3.815543542083982276e-01,5.000000000000000000e-01
4.551784268466682604e-01,3.812536115709118656e-01,5.000000000000000000e-01
4.554971951228556915e-01,3.809501928341910149e-01,5.000000000000000000e-01
4.558178469844342828e-01,3.806443189324988374e-01,5.000000000000000000e-01
4.561401264309707937e-01,3.803361092655736519e-01,5.000000000000000000e-01
4.564636798799803774e-01,3.800257579691205256e-01,5.000000000000000000e-01
4.567881744011780265e-01,3.797134682543862327e-01,5.000000000000000000e-01
4.571131118623585898e-01,3.793995616473906374e-01,5.000000000000000000e-01
4.574383589767507807e-01,3.790841684089060193e-01,5.000000000000000000e-01
4.577647601426108048e-01,3.787668362223199914e-01,5.000000000000000000e-01
4.580927094746826134e-01,3.784473274772569562e-01,5.000000000000000000e-01
4.584217171914887756e-01,3.781259141660909262e-01,5.000000000000000000e-01
4.587520828409423768e-01,3.778024163347060704e-01,5.000000000000000000e-01
4.590844062060297492e-01,3.774764520532362111e-01,5.000000000000000000e-01
4.594181400850662067e-01,3.771483059006923710e-01,5.000000000000000000e-01
4.597531531935614701e-01,3.768180409614358406e-01,5.000000000000000000e-01
4.600898493411492152e-01,3.764853965133728164e-01,5.000000000000000000e-01
4.604282087772966214e-01,3.761503505984964413e-01,5.000000000000000000e-01
4.607684056853845744e-01,3.758127605590101949e-01,5.000000000000000000e-01
4.611107924387489732e-01,3.754723624596965070e-01,5.000000000000000000e-01
4.614549578296843757e-01,3.751293550092017481e-01,5.000000000000000000e-01
4.618005766158908010e-01,3.747839107397829550e-01,5.000000000000000000e-01
4.621472225902672482e-01,3.744362895206171382e-01,5.000000000000000000e-01
4.624939381453002651e-01,3.740871199412522108e-01,5.000000000000000000e-01
4.628410711918532483e-01,3.737362441814909841e-01,5.000000000000000000e-01
4.631892416078022823e-01,3.733833026440579461e-01,5.000000000000000000e-01
4.635376623103233396e-01,3.730288094714494518e-01,5.000000000000000000e-01
4.638861568376855260e-01,3.726729260553152123e-01,5.000000000000000000e-01
4.642351985583237362e-01,3.723153926067936936e-01,5.000000000000000000e-01
4.645852245889023902e-01,3.719559377901128228e-01,5.000000000000000000e-01
4.649364497516254580e-01,3.715944074441764888e-01,5.000000000000000000e-01
4.652891714297253678e-01,3.712305765236803001e-01,5.000000000000000000e-01
4.656433375426761723e-01,3.708644370146552127e-01,5.000000000000000000e-01
4.659982895279620729e-01,3.704963948759432135e-01,5.000000000000000000e-01
4.663545047502533070e-01,3.701261265158479752e-01,5.000000000000000000e-01
4.667121544180724557e-01,3.697534875106788799e-01,5.000000000000000000e-01
4.670704892330637126e-01,3.693789532362893313e-01,5.000000000000000000e-01
4.674295455620671724e-01,3.690025067453691632e-01,5.000000000000000000e-01
4.677900722229222930e-01,3.686236320069223860e-01,5.000000000000000000e-01
4.681518551588881305e-01,3.682424363721784055e-01,5.000000000000000000e-01
4.685137619309839296e-01,3.678596846542314669e-01,5.000000000000000000e-01
4.688752749730062952e-01,3.674757838604432170e-01,5.000000000000000000e-01
4.692366330009951625e-01,3.670906337574558753e-01,5.000000000000000000e-01
4.695987965134301723e-01,3.667035992158669266e-01,5.000000000000000000e-01
4.699617841042185717e-01,3.663146519646502952e-01,5.000000000000000000e-01
4.703251039703258418e-01,3.659241282693648789e-01,5.000000000000000000e-01
4.706885332004085987e-01,3.655322019361694763e-01,5.000000000000000000e-01
4.710526344901783125e-01,3.651384868759744995e-01,5.000000000000000000e-01
4.714181871142096858e-01,3.647423995199172708e-01,5.000000000000000000e-01
4.717845813521348575e-01,3.643443252206573502e-01,5.000000000000000000e-01
4.721509501032459255e-01,3.639448813507661362e-01,5.000000000000000000e-01
4.725179986920170494e-01,3.635435745848943911e-01,5.000000000000000000e-01
4.728868309606745202e-01,3.631395651667066460e-01,5.000000000000000000e-01
4.732569619421171936e-01,3.627331324395310919e-01,5.000000000000000000e-01
4.736271451819726863e-01,3.623251663488907814e-01,5.000000000000000000e-01
4.739972625726562305e-01,3.619157857903182451e-01,5.000000000000000000e-01
4.743673309764219193e-01,3.615050134172769214e-01,5.000000000000000000e-01
4.747370275573091769e-01,3.610931261954418714e-01,5.000000000000000000e-01
4.751060371607386257e-01,3.606804146472990524e-01,5.000000000000000000e-01
4.754748161905317794e-01,3.602665854663347211e-01,5.000000000000000000e-01
4.758438631739149716e-01,3.598512790766154601e-01,5.000000000000000000e-01
4.762129226266589299e-01,3.594346868189205457e-01,5.000000000000000000e-01
4.765820472142645592e-01,3.590167750869966978e-01,5.000000000000000000e-01
4.769507305081052140e-01,3.585979464844252229e-01,5.000000000000000000e-01
4.773194757468320892e-01,3.581778318121424665e-01,5.000000000000000000e-01
4.776887057890651933e-01,3.577560903266340242e-01,5.000000000000000000e-01
4.780579642183606648e-01,3.573330573186634385e-01,5.000000000000000000e-01
4.784264350397497978e-01,3.569093914705571691e-01,5.000000000000000000e-01
4.787931106368997214e-01,3.564859604917369751e-01,5.000000000000000000e-01
4.791595965041961502e-01,3.560615583026789377e-01,5.000000000000000000e-01
4.795269283881904432e-01,3.556353340593779722e-01,5.000000000000000000e-01
4.798941193579676079e-01,3.552080308442473466e-01,5.000000000000000000e-01
4.802613113466112083e-01,3.547795267470159053e-01,5.000000000000000000e-01
4.806280858487521623e-01,3.543501575866953579e-01,5.000000000000000000e-01
4.809934867464183972e-01,3.539207384051533678e-01,5.000000000000000000e-01
4.813568633917603146e-01,3.534918894711302495e-01,5.000000000000000000e-01
4.817190349278703820e-01,3.530630221831508875e-01,5.000000000000000000e-01
4.820809880093578359e-01,3.526333422460579681e-01,5.000000000000000000e-01
4.824428179117490889e-01,3.522027453076074233e-01,5.000000000000000000e-01
4.828044628139629424e-01,3.517712565236607025e-01,5.000000000000000000e-01
4.831651088744003952e-01,3.513395573225757129e-01,5.000000000000000000e-01
4.835248705133730063e-01,3.509075761703694951e-01,5.000000000000000000e-01
4.838843981859264343e-01,3.504747642362282534e-01,5.000000000000000000e-01
4.842433024866400482e-01,3.500414389773772728e-01,5.000000000000000000e-01
4.846007883158260920e-01,3.496083045628399222e-01,5.000000000000000000e-01
4.849568144890643029e-01,3.491754477044892169e-01,5.000000000000000000e-01
4.853124377167501446e-01,3.487419743600986277e-01,5.000000000000000000e-01
4.856675410130239512e-01,3.483079676294696947e-01,5.000000000000000000e-01
4.860212868560974120e-01,3.478741681603462199e-01,5.000000000000000000e-01
4.863737546636081044e-01,3.474405432331401089e-01,5.000000000000000000e-01
4.867251289100034128e-01,3.470069564137511775e-01,5.000000000000000000e-01
4.870755497126304512e-01,3.465732951994245914e-01,5.000000000000000000e-01
4.874252854430035642e-01,3.461393183049517042e-01,5.000000000000000000e-01
4.877745684141132632e-01,3.457047975828261843e-01,5.000000000000000000e-01
4.881233820195127748e-01,3.452697220393041722e-01,5.000000000000000000e-01
4.884712105238829816e-01,3.448345496193746529e-01,5.000000000000000000e-01
4.888181136873312460e-01,3.443992346326207876e-01,5.000000000000000000e-01
4.891645432208938660e-01,3.439633565228603085e-01,5.000000000000000000e-01
4.895103434113453611e-01,3.435270402616646401e-01,5.000000000000000000e-01
4.898553227549886646e-01,3.430904563501616655e-01,5.000000000000000000e-01
4.901997178900673324e-01,3.426533797861360808e-01,5.000000000000000000e-01
4.905429728817334301e-01,3.422163338592525417e-01,5.000000000000000000e-01
4.908848252832005432e-01,3.417795956994389428e-01,5.000000000000000000e-01
4.912261097152123002e-01,3.413423911047031023e-01,5.000000000000000000e-01
4.915668405545010611e-01,3.409046890159828092e-01,5.000000000000000000e-01
4.919063442711673062e-01,3.404671344470270311e-01,5.000000000000000000e-01
4.922449085362617383e-01,3.400294699784730534e-01,5.000000000000000000e-01
4.925823469692193757e-01,3.395918893681412198e-01,5.000000000000000000e-01
4.929187479015514906e-01,3.391543214904766401e-01,5.000000000000000000e-01
4.932540038581509356e-01,3.387168880879106725e-01,5.000000000000000000e-01
4.935875659972068230e-01,3.382801592613262076e-01,5.000000000000000000e-01
4.939200924058930742e-01,3.378435201610408556e-01,5.000000000000000000e-01
4.942518533440106165e-01,3.374067005029263711e-01,5.000000000000000000e-01
4.945831161037557155e-01,3.369694140675285055e-01,5.000000000000000000e-01
4.949140239570511413e-01,3.365314846757042622e-01,5.000000000000000000e-01
4.952446879821683634e-01,3.360927622692468919e-01,5.000000000000000000e-01
4.955750042016421886e-01,3.356533161636034990e-01,5.000000000000000000e-01
4.959041207904822945e-01,3.352140091212179596e-01,5.000000000000000000e-01
4.962321266362104133e-01,3.347747759939411760e-01,5.000000000000000000e-01
4.965600107074003011e-01,3.343345958887365965e-01,5.000000000000000000e-01
4.968877674854715321e-01,3.338934313603038051e-01,5.000000000000000000e-01
4.972153711056685466e-01,3.334512710173858085e-01,5.000000000000000000e-01
4.975428654007889029e-01,3.330080346955383019e-01,5.000000000000000000e-01
4.978698673493411331e-01,3.325641031222936750e-01,5.000000000000000000e-01
4.981960433805232569e-01,3.321198330382019170e-01,5.000000000000000000e-01
4.985213864467681333e-01,3.316752512668763031e-01,5.000000000000000000e-01
4.988459593152519966e-01,3.312303070619765366e-01,5.000000000000000000e-01
4.991702757164843129e-01,3.307844485448694360e-01,5.000000000000000000e-01
4.994944788982685346e-01,3.303374968116170596e-01,5.000000000000000000e-01
4.998185228919637679e-01,3.298894742670305247e-01,5.000000000000000000e-01
5.001422248716074215e-01,3.294405633391468413e-01,5.000000000000000000e-01
5.004652727392467915e-01,3.289911058899076535e-01,5.000000000000000000e-01
5.007877347379355859e-01,3.285410388400225035e-01,5.000000000000000000e-01
5.011094838704843735e-01,3.280905146932667771e-01,5.000000000000000000e-01
5.014309654832873608e-01,3.276390416860837096e-01,5.000000000000000000e-01
5.017521532020897679e-01,3.271866374214408291e-01,5.000000000000000000e-01
5.020720113045094024e-01,3.267344823124770370e-01,5.000000000000000000e-01
5.023909453498338618e-01,3.262821640534828704e-01,5.000000000000000000e-01
5.027089953323365945e-01,3.258296642432868540e-01,5.000000000000000000e-01
5.030261609574889770e-01,3.253770024580397990e-01,5.000000000000000000e-01
5.033432183490408329e-01,3.249232882150342450e-01,5.000000000000000000e-01
5.036600725004273249e-01,3.244686002817425141e-01,5.000000000000000000e-01
5.039764757551477015e-01,3.240132090798751308e-01,5.000000000000000000e-01
5.042920390156244714e-01,3.235575727161225101e-01,5.000000000000000000e-01
5.046066105633603138e-01,3.231018938450938016e-01,5.000000000000000000e-01
5.049198542413300128e-01,3.226466058070668330e-01,5.000000000000000000e-01
5.052321612302705933e-01,3.221912824067755254e-01,5.000000000000000000e-01
5.055439920565359957e-01,3.217353827102087394e-01,5.000000000000000000e-01
5.058551667786588268e-01,3.212791124117396757e-01,5.000000000000000000e-01
5.061653463811959242e-01,3.208228872843252866e-01,5.000000000000000000e-01
5.064741593174587608e-01,3.203671864142909609e-01,5.000000000000000000e-01
5.067820000979366135e-01,3.199115637379491561e-01,5.000000000000000000e-01
5.070893092785639933e-01,3.194554845298918089e-01,5.000000000000000000e-01
5.073958384303844937e-01,3.189992440804567675e-01,5.000000000000000000e-01
5.077014406630058208e-01,3.185430282929619938e-01,5.000000000000000000e-01
5.080063608227487482e-01,3.180865391746794391e-01,5.000000000000000000e-01
5.083104184495301769e-01,3.176300009473423391e-01,5.000000000000000000e-01
5.086131535834446105e-01,3.171740077253019097e-01,5.000000000000000000e-01
5.089143544142926689e-01,3.167188669534146683e-01,5.000000000000000000e-01
5.092140839900685112e-01,3.162645434085559204e-01,5.000000000000000000e-01
5.095128368806858266e-01,3.158104336448007143e-01,5.000000000000000000e-01
5.098108438506711027e-01,3.153562405325476270e-01,5.000000000000000000e-01
5.101076792047549713e-01,3.149025081786696600e-01,5.000000000000000000e-01
5.104030674945861934e-01,3.144496149047409372e-01,5.000000000000000000e-01
5.106970542880842068e-01,3.139975329375003787e-01,5.000000000000000000e-01
5.109896995858842494e-01,3.135462098348043014e-01,5.000000000000000000e-01
5.112808723947669387e-01,3.130958405073654971e-01,5.000000000000000000e-01
5.115705857685753921e-01,3.126464345812883794e-01,5.000000000000000000e-01
5.118591200073716596e-01,3.121976386981553109e-01,5.000000000000000000e-01
5.121467261250469694e-01,3.117491185641982354e-01,5.000000000000000000e-01
5.124330427261220011e-01,3.113013541864370071e-01,5.000000000000000000e-01
5.127175229748792695e-01,3.108551050262374216e-01,5.000000000000000000e-01
5.130003607995112791e-01,3.104101517350839057e-01,5.000000000000000000e-01
5.132820254170851193e-01,3.099658795835654734e-01,5.000000000000000000e-01
5.135623195556627829e-01,3.095225606145420305e-01,5.000000000000000000e-01
5.138408232134741294e-01,3.090807906087711387e-01,5.000000000000000000e-01
5.141175637853920843e-01,3.086405686464865905e-01,5.000000000000000000e-01
5.143930873774074097e-01,3.082011620919190009e-01,5.000000000000000000e-01
5.146674100142518693e-01,3.077625458829659211e-01,5.000000000000000000e-01
5.149402719520326244e-01,3.073250846477927900e-01,5.000000000000000000e-01
5.152118972098478356e-01,3.068884751415972278e-01,5.000000000000000000e-01
5.154821599939044541e-01,3.064528987552040951e-01,5.000000000000000000e-01
5.157507215366026188e-01,3.060188510184673749e-01,5.000000000000000000e-01
5.160176134924041591e-01,3.055863172237944791e-01,5.000000000000000000e-01
5.162828099009888483e-01,3.051553616609001818e-01,5.000000000000000000e-01
5.165461954445398352e-01,3.047261781895144739e-01,5.000000000000000000e-01
5.168078171061956105e-01,3.042987295128332659e-01,5.000000000000000000e-01
5.170679608072155098e-01,3.038726229342606500e-01,5.000000000000000000e-01
5.173269012219730012e-01,3.034474622197291804e-01,5.000000000000000000e-01
5.175843532918097400e-01,3.030236618045173413e-01,5.000000000000000000e-01
5.178397841561386272e-01,3.026020244512382940e-01,5.000000000000000000e-01
5.180933862841806681e-01,3.021823063034999035e-01,5.000000000000000000e-01
5.183455839481660998e-01,3.017639010633750285e-01,5.000000000000000000e-01
5.185962424758298051e-01,3.013470136419140744e-01,5.000000000000000000e-01
5.188451991575026012e-01,3.009319009987821980e-01,5.000000000000000000e-01
5.190925349837034464e-01,3.005184620354193203e-01,5.000000000000000000e-01
5.193383115607761447e-01,3.001066190763025943e-01,5.000000000000000000e-01
5.195825019946496148e-01,2.996964260342594999e-01,5.000000000000000000e-01
5.198253246711457276e-01,2.992875620138143455e-01,5.000000000000000000e-01
5.200670345788360738e-01,2.988796373418398655e-01,5.000000000000000000e-01
5.203074943867871394e-01,2.984728549424264799e-01,5.000000000000000000e-01
5.205466261593987287e-01,2.980673379172810167e-01,5.000000000000000000e-01
5.207844142953381716e-01,2.976631190122436266e-01,5.000000000000000000e-01
5.210208618191252139e-01,2.972602040446938876e-01,5.000000000000000000e-01
5.212559184981730986e-01,2.968586831039331519e-01,5.000000000000000000e-01
5.214899407964925793e-01,2.964580075922315094e-01,5.000000000000000000e-01
5.217231620381799218e-01,2.960578037621296454e-01,5.000000000000000000e-01
5.219552864801317860e-01,2.956585281527501219e-01,5.000000000000000000e-01
5.221863668732656949e-01,2.952601027126785516e-01,5.000000000000000000e-01
5.224165657300050558e-01,2.948622720108490802e-01,5.000000000000000000e-01
5.226459986181585249e-01,2.944648476628986544e-01,5.000000000000000000e-01
5.228746908706294327e-01,2.940677834237575006e-01,5.000000000000000000e-01
5.231026453082330274e-01,2.936710706850458874e-01,5.000000000000000000e-01
5.233297779926622262e-01,2.932748455546229094e-01,5.000000000000000000e-01
5.235558908459609917e-01,2.928794373104262050e-01,5.000000000000000000e-01
5.237810853801914135e-01,2.924846960385466543e-01,5.000000000000000000e-01
5.240055869801776289e-01,2.920902606021804626e-01,5.000000000000000000e-01
5.242294285303950030e-01,2.916960761451077855e-01,5.000000000000000000e-01
5.244523057959507018e-01,2.913026477213254140e-01,5.000000000000000000e-01
5.246742384810072490e-01,2.909099589825175913e-01,5.000000000000000000e-01
5.248952780193396617e-01,2.905179387166457738e-01,5.000000000000000000e-01
5.251153591198749471e-01,2.901267075546971608e-01,5.000000000000000000e-01
5.253344338167944549e-01,2.897363606837771721e-01,5.000000000000000000e-01
5.255525297876535440e-01,2.893468665017530639e-01,5.000000000000000000e-01
5.257697534801164529e-01,2.889580575094000681e-01,5.000000000000000000e-01
5.259861613984828654e-01,2.885698445160637671e-01,5.000000000000000000e-01
5.262017654202348904e-01,2.881822127156841162e-01,5.000000000000000000e-01
5.264165060788803530e-01,2.877952696377300557e-01,5.000000000000000000e-01
5.266303657263740057e-01,2.874090551266864635e-01,5.000000000000000000e-01
5.268433159478940198e-01,2.870236282086562896e-01,5.000000000000000000e-01
5.270554482358620341e-01,2.866388413255124279e-01,5.000000000000000000e-01
5.272667736393050752e-01,2.862546818893254574e-01,5.000000000000000000e-01
5.274771388333071576e-01,2.858714250607667928e-01,5.000000000000000000e-01
5.276864685458598769e-01,2.854892167848572804e-01,5.000000000000000000e-01
5.278948750535434886e-01,2.851078757584873946e-01,5.000000000000000000e-01
5.281023514380653872e-01,2.847274240733120854e-01,5.000000000000000000e-01
5.283090011443223322e-01,2.843476882695641361e-01,5.000000000000000000e-01
5.285148530862580074e-01,2.839686227351432279e-01,5.000000000000000000e-01
5.287197693079810357e-01,2.835904791861479923e-01,5.000000000000000000e-01
5.289237149245664682e-01,2.832133321736762244e-01,5.000000000000000000e-01
5.291266320397118861e-01,2.828372987311409403e-01,5.000000000000000000e-01
5.293284761570374863e-01,2.824624733164899926e-01,5.000000000000000000e-01
5.295291569032927192e-01,2.820890345461193327e-01,5.000000000000000000e-01
5.297286741162186008e-01,2.817169995615622646e-01,5.000000000000000000e-01
5.299270826530364520e-01,2.813462840549241228e-01,5.000000000000000000e-01
5.301243650126583606e-01,2.809769318422633555e-01,5.000000000000000000e-01
5.303206018526966936e-01,2.806088076421469069e-01,5.000000000000000000e-01
5.305157046976685109e-01,2.802420833843297654e-01,5.000000000000000000e-01
5.307095912567127982e-01,2.798769237747624761e-01,5.000000000000000000e-01
5.309022538698465743e-01,2.795133583843267266e-01,5.000000000000000000e-01
5.310937239410112864e-01,2.791513433464579141e-01,5.000000000000000000e-01
5.312840276764509984e-01,2.787908425098498122e-01,5.000000000000000000e-01
5.314731665874663502e-01,2.784318645453343066e-01,5.000000000000000000e-01
5.316610750211023806e-01,2.780745441907389592e-01,5.000000000000000000e-01
5.318477341907470457e-01,2.777189304247001944e-01,5.000000000000000000e-01
5.320332137621044399e-01,2.773649059084446478e-01,5.000000000000000000e-01
5.322174097815945970e-01,2.770126783244774016e-01,5.000000000000000000e-01
5.324002237175091690e-01,2.766624488839514173e-01,5.000000000000000000e-01
5.325816653283392821e-01,2.763142156081439538e-01,5.000000000000000000e-01
5.327617054401693197e-01,2.759680489351840071e-01,5.000000000000000000e-01
5.329403006966426659e-01,2.756240466072495954e-01,5.000000000000000000e-01
5.331174831633722633e-01,2.752821625400321826e-01,5.000000000000000000e-01
5.332932533954204413e-01,2.749424096706583054e-01,5.000000000000000000e-01
5.334676526866177770e-01,2.746047220860086124e-01,5.000000000000000000e-01
5.336406821373185227e-01,2.742691108051500404e-01,5.000000000000000000e-01
5.338122922130477122e-01,2.739356847513013671e-01,5.000000000000000000e-01
5.339825271912175264e-01,2.736043722125327537e-01,5.000000000000000000e-01
5.341514021308773064e-01,2.732751568089686334e-01,5.000000000000000000e-01
5.343189335003999396e-01,2.729480193090929596e-01,5.000000000000000000e-01
5.344851004649837645e-01,2.726230132971765308e-01,5.000000000000000000e-01
5.346498989789854051e-01,2.723001596209370101e-01,5.000000000000000000e-01
5.348133646842799793e-01,2.719794009884304309e-01,5.000000000000000000e-01
5.349754972175592149e-01,2.716607508453575681e-01,5.000000000000000000e-01
5.351363014858825373e-01,2.713442116556225026e-01,5.000000000000000000e-01
5.352958006013570635e-01,2.710297500061938925e-01,5.000000000000000000e-01
5.354539907886498584e-01,2.707173857717871113e-01,5.000000000000000000e-01
5.356108732476350109e-01,2.704071279360716340e-01,5.000000000000000000e-01
5.357664753897166676e-01,2.700989337201709084e-01,5.000000000000000000e-01
5.359208159625237222e-01,2.697927781631870303e-01,5.000000000000000000e-01
5.360738863636120843e-01,2.694886889109927575e-01,5.000000000000000000e-01
5.362257085418682401e-01,2.691866333774254327e-01,5.000000000000000000e-01
5.363763035507764787e-01,2.688865818348075143e-01,5.000000000000000000e-01
5.365256140039795785e-01,2.685886588712088630e-01,5.000000000000000000e-01
5.366736084144299035e-01,2.682929379527584368e-01,5.000000000000000000e-01
5.368202825091581420e-01,2.679994387537661948e-01,5.000000000000000000e-01
5.369656235323043703e-01,2.677081975291976113e-01,5.000000000000000000e-01
5.371096518670464004e-01,2.674191846791607041e-01,5.000000000000000000e-01
5.372523637153705511e-01,2.671324185629491699e-01,5.000000000000000000e-01
5.373937268558512947e-01,2.668479740332868611e-01,5.000000000000000000e-01
5.375337548360351603e-01,2.665658342225935007e-01,5.000000000000000000e-01
5.376725268002893188e-01,2.662858503929604881e-01,5.000000000000000000e-01
5.378101152872087898e-01,2.660078863473396282e-01,5.000000000000000000e-01
5.379464992993195915e-01,2.657319935082748108e-01,5.000000000000000000e-01
5.380816470393288142e-01,2.654582451521544373e-01,5.000000000000000000e-01
5.382155667530938992e-01,2.651866338320501004e-01,5.000000000000000000e-01
5.383482218216057991e-01,2.649172426681597470e-01,5.000000000000000000e-01
5.384796065477452931e-01,2.646500922748443729e-01,5.000000000000000000e-01
5.386097877918456511e-01,2.643850558794443861e-01,5.000000000000000000e-01
5.387387408084780560e-01,2.641221921921944604e-01,5.000000000000000000e-01
5.388664590003935384e-01,2.638615230322693961e-01,5.000000000000000000e-01
5.389929489205091961e-01,2.636030432757825448e-01,5.000000000000000000e-01
5.391182407962067380e-01,2.633466992365122716e-01,5.000000000000000000e-01
5.392423818012579417e-01,2.630924021847634853e-01,5.000000000000000000e-01
5.393653718859030555e-01,2.628401594394821350e-01,5.000000000000000000e-01
5.394872790338377522e-01,2.625898389217696249e-01,5.000000000000000000e-01
5.396081223682089867e-01,2.623414081513195661e-01,5.000000000000000000e-01
5.397278270006167222e-01,2.620950272644050338e-01,5.000000000000000000e-01
5.398463474453232269e-01,2.618507963153164919e-01,5.000000000000000000e-01
5.399636955418221085e-01,2.616086976200878711e-01,5.000000000000000000e-01
5.400799881900733013e-01,2.613684973268860512e-01,5.000000000000000000e-01
5.401951906689098637e-01,2.611302729175343229e-01,5.000000000000000000e-01
5.403091402121791287e-01,2.608943653785714689e-01,5.000000000000000000e-01
5.404218994479719207e-01,2.606606516402456553e-01,5.000000000000000000e-01
5.405335753671898225e-01,2.604289167382751735e-01,5.000000000000000000e-01
5.406441901511196413e-01,2.601991201691642441e-01,5.000000000000000000e-01
5.407537166766245296e-01,2.599713229179722029e-01,5.000000000000000000e-01
5.408620784026783035e-01,2.597456876753616029e-01,5.000000000000000000e-01
5.409692963533070387e-01,2.595221753847060109e-01,5.000000000000000000e-01
5.410754871595817583e-01,2.593005492990497207e-01,5.000000000000000000e-01
5.411807358473768037e-01,2.590806379196237685e-01,5.000000000000000000e-01
5.412849442915217413e-01,2.588626480031421817e-01,5.000000000000000000e-01
5.413881061398365668e-01,2.586465964257126382e-01,5.000000000000000000e-01
5.414902902317655364e-01,2.584323445873417668e-01,5.000000000000000000e-01
5.415915013903368491e-01,2.582198863410281042e-01,5.000000000000000000e-01
5.416916495912780238e-01,2.580094113158445390e-01,5.000000000000000000e-01
5.417906244228487544e-01,2.578011505299234729e-01,5.000000000000000000e-01
5.418886308364638804e-01,2.575946829476388755e-01,5.000000000000000000e-01
5.419857117254404111e-01,2.573899232153384342e-01,5.000000000000000000e-01
5.420817266666684286e-01,2.571871646186630889e-01,5.000000000000000000e-01
5.421766661402713794e-01,2.569864291111830790e-01,5.000000000000000000e-01
5.422705947532184823e-01,2.567875854638363986e-01,5.000000000000000000e-01
5.423637520844535320e-01,2.565901424201898484e-01,5.000000000000000000e-01
5.424562925368889843e-01,2.563937871880650476e-01,5.000000000000000000e-01
5.425479657789294974e-01,2.561990432459646527e-01,5.000000000000000000e-01
5.426384105460140272e-01,2.560066605674049534e-01,5.000000000000000000e-01
5.427275744560815518e-01,2.558167493836209228e-01,5.000000000000000000e-01
5.428156026713937266e-01,2.556290125259820245e-01,5.000000000000000000e-01
5.429024817615993870e-01,2.554434804104082080e-01,5.000000000000000000e-01
5.429880593476779094e-01,2.552604685375987614e-01,5.000000000000000000e-01
5.430723474051467603e-01,2.550799523670956859e-01,5.000000000000000000e-01
5.431554721953817388e-01,2.549016723459111011e-01,5.000000000000000000e-01
5.432374278737387430e-01,2.547256411786829045e-01,5.000000000000000000e-01
5.433181157538535810e-01,2.545520611868006822e-01,5.000000000000000000e-01
5.433976190238898329e-01,2.543807602898796594e-01,5.000000000000000000e-01
5.434761267016452457e-01,2.542113508234346564e-01,5.000000000000000000e-01
5.435535934327360152e-01,2.540439270265234528e-01,5.000000000000000000e-01
5.436298949800362212e-01,2.538787431615807666e-01,5.000000000000000000e-01
5.437052880499091412e-01,2.537152745523647557e-01,5.000000000000000000e-01
5.437799945840299243e-01,2.535530721985806979e-01,5.000000000000000000e-01
5.438535933125181465e-01,2.533930003466127179e-01,5.000000000000000000e-01
5.439259062415719992e-01,2.532354208476140234e-01,5.000000000000000000e-01
5.439970357724952521e-01,2.530801222123906236e-01,5.000000000000000000e-01
5.440670394443054558e-01,2.529269855456006133e-01,5.000000000000000000e-01
5.441360682831801743e-01,2.527757035878447911e-01,5.000000000000000000e-01
5.442041691899209832e-01,2.526261828798225806e-01,5.000000000000000000e-01
5.442713601563529124e-01,2.524783896177782427e-01,5.000000000000000000e-01
5.443376434091315996e-01,2.523323224978282764e-01,5.000000000000000000e-01
5.444027801934565591e-01,2.521884655273448628e-01,5.000000000000000000e-01
5.444666887097610042e-01,2.520469816240028527e-01,5.000000000000000000e-01
5.445296199547382532e-01,2.519073632471111601e-01,5.000000000000000000e-01
5.445916035508915343e-01,2.517695525689350733e-01,5.000000000000000000e-01
5.446526103477118408e-01,2.516336103341983432e-01,5.000000000000000000e-01
5.447124830044554056e-01,2.514998526067003803e-01,5.000000000000000000e-01
5.447712149796328784e-01,2.513682906924652460e-01,5.000000000000000000e-01
5.448288781505208345e-01,2.512387789804485516e-01,5.000000000000000000e-01
5.448852721318633296e-01,2.511117148187531622e-01,5.000000000000000000e-01
5.449405362036960909e-01,2.509868156341386602e-01,5.000000000000000000e-01
5.449948678124080237e-01,2.508636868792328833e-01,5.000000000000000000e-01
5.450481067191685902e-01,2.507426465794634352e-01,5.000000000000000000e-01
5.451003193428849425e-01,2.506235609956232180e-01,5.000000000000000000e-01
5.451515877691655021e-01,2.505062668868522358e-01,5.000000000000000000e-01
5.452016113130138120e-01,2.503913560058522170e-01,5.000000000000000000e-01
5.452503332570663996e-01,2.502789320294180886e-01,5.000000000000000000e-01
5.452979319818018755e-01,2.501686356942802170e-01,5.000000000000000000e-01
5.453443495805657681e-01,2.500605739605877842e-01,5.000000000000000000e-01
5.453894828475644996e-01,2.499549398989229787e-01,5.000000000000000000e-01
5.454335556855378631e-01,2.498512858240958256e-01,5.000000000000000000e-01
5.454765036414244150e-01,2.497497301594656105e-01,5.000000000000000000e-01
5.455183234813500981e-01,2.496502703087114527e-01,5.000000000000000000e-01
5.455592876868688990e-01,2.495523698620784880e-01,5.000000000000000000e-01
5.455992630637936935e-01,2.494562831426425098e-01,5.000000000000000000e-01
5.456381872501090413e-01,2.493621238431953935e-01,5.000000000000000000e-01
5.456761574407922311e-01,2.492696965933076936e-01,5.000000000000000000e-01
5.457135191211537339e-01,2.491783340810943548e-01,5.000000000000000000e-01
5.457502535436574709e-01,2.490880756627638637e-01,5.000000000000000000e-01
5.457858835405885456e-01,2.489998345533668556e-01,5.000000000000000000e-01
5.458206506122544877e-01,2.489131413764709699e-01,5.000000000000000000e-01
5.458544818622041994e-01,2.488281306069618504e-01,5.000000000000000000e-01
5.458872405544792361e-01,2.487450549846631498e-01,5.000000000000000000e-01
5.459188750029988491e-01,2.486640012533671840e-01,5.000000000000000000e-01
5.459492856475092193e-01,2.485851439581347189e-01,5.000000000000000000e-01
5.459786898298114588e-01,2.485080585909316131e-01,5.000000000000000000e-01
5.460071287000354268e-01,2.484326572818618684e-01,5.000000000000000000e-01
5.460346599558227876e-01,2.483588225612555211e-01,5.000000000000000000e-01
5.460615087034487170e-01,2.482861270483118221e-01,5.000000000000000000e-01
5.460880268856020958e-01,2.482139165148515569e-01,5.000000000000000000e-01
5.461143432634900652e-01,2.481419626398524425e-01,5.000000000000000000e-01
5.461401839889672427e-01,2.480707859464723331e-01,5.000000000000000000e-01
5.461655174776514077e-01,2.480004518307397932e-01,5.000000000000000000e-01
5.461903208346099436e-01,2.479310090835238345e-01,5.000000000000000000e-01
5.462144262191015454e-01,2.478627713919593911e-01,5.000000000000000000e-01
5.462375991941459397e-01,2.477961682185838288e-01,5.000000000000000000e-01
5.462601882514080964e-01,2.477305596760126238e-01,5.000000000000000000e-01
5.462823070464233322e-01,2.476657440918064446e-01,5.000000000000000000e-01
5.463032952680320076e-01,2.476029259267386873e-01,5.000000000000000000e-01
5.463229969377245698e-01,2.475423749505198667e-01,5.000000000000000000e-01
5.463413444992972767e-01,2.474841948369745637e-01,5.000000000000000000e-01
5.463584158384533485e-01,2.474282250048002174e-01,5.000000000000000000e-01
5.463746670265217098e-01,2.473736296165251480e-01,5.000000000000000000e-01
5.463901777742098398e-01,2.473202607827437172e-01,5.000000000000000000e-01
5.464046302647629361e-01,2.472686805469506144e-01,5.000000000000000000e-01
5.464183120617192024e-01,2.472183654696525068e-01,5.000000000000000000e-01
5.464318360421127618e-01,2.471682268056518139e-01,5.000000000000000000e-01
5.464445414360112885e-01,2.471194441137946063e-01,5.000000000000000000e-01
5.464560104556159814e-01,2.470727461574285522e-01,5.000000000000000000e-01
5.464667971025832793e-01,2.470271419946342695e-01,5.000000000000000000e-01
5.464767979152915789e-01,2.469828094926876383e-01,5.000000000000000000e-01
5.464862320798893336e-01,2.469393613522201103e-01,5.000000000000000000e-01
5.464952774262858970e-01,2.468964891994791244e-01,5.000000000000000000e-01
5.465030925195133449e-01,2.468556558117246114e-01,5.000000000000000000e-01
5.465099982483573315e-01,2.468162873631192245e-01,5.000000000000000000e-01
5.465163058397712881e-01,2.467778367553038754e-01,5.000000000000000000e-01
5.465217109835105447e-01,2.467408248836392981e-01,5.000000000000000000e-01
5.465261924568030061e-01,2.467052760212883888e-01,5.000000000000000000e-01
5.465295743925533412e-01,2.466714772593845972e-01,5.000000000000000000e-01
5.465318689101441585e-01,2.466393885098172589e-01,5.000000000000000000e-01
5.465328948347762950e-01,2.466092967567015959e-01,5.000000000000000000e-01
5.465328348528901703e-01,2.465808673966926878e-01,5.000000000000000000e-01
5.465320959295817405e-01,2.465533953034944048e-01,5.000000000000000000e-01
5.465305831345124155e-01,2.465270307029003294e-01,5.000000000000000000e-01
5.465278360967500415e-01,2.465025301221448195e-01,5.000000000000000000e-01
5.465237719396718319e-01,2.464800032821195253e-01,5.000000000000000000e-01
5.465189170347535264e-01,2.464585466522574708e-01,5.000000000000000000e-01
5.465142306497667857e-01,2.464365619068551450e-01,5.000000000000000000e-01
5.465096785223219067e-01,2.464141230050218845e-01,5.000000000000000000e-01
5.465047636728805891e-01,2.463920624035077500e-01,5.000000000000000000e-01
5.464995365365691304e-01,2.463702991081072047e-01,5.000000000000000000e-01
5.464938867953526014e-01,2.463490158234090677e-01,5.000000000000000000e-01
5.464876255861355059e-01,2.463285189694853217e-01,5.000000000000000000e-01
5.464806719189569950e-01,2.463089328954038981e-01,5.000000000000000000e-01
5.464726918167168712e-01,2.462907863037835932e-01,5.000000000000000000e-01
5.464636362452008900e-01,2.462741372424187558e-01,5.000000000000000000e-01
5.464537986703271732e-01,2.462584931229316321e-01,5.000000000000000000e-01
5.464429948736317932e-01,2.462441332954747875e-01,5.000000000000000000e-01
5.464314132995277129e-01,2.462307385471288468e-01,5.000000000000000000e-01
5.464191319541158443e-01,2.462181699618724018e-01,5.000000000000000000e-01
5.464062200237215228e-01,2.462063069564898177e-01,5.000000000000000000e-01
5.463931138884808858e-01,2.461944533152227721e-01,5.000000000000000000e-01
5.463794628256211094e-01,2.461831624278963404e-01,5.000000000000000000e-01
5.463653258105374277e-01,2.461723352096654716e-01,5.000000000000000000e-01
5.463508614952188314e-01,2.461617200546181716e-01,5.000000000000000000e-01
5.463359961977367618e-01,2.461514310233107738e-01,5.000000000000000000e-01
5.463208061060282894e-01,2.461413487737776351e-01,5.000000000000000000e-01
5.463052199169755596e-01,2.461315829142995959e-01,5.000000000000000000e-01
5.462891361429497161e-01,2.461222874022407359e-01,5.000000000000000000e-01
5.462726218215945284e-01,2.461133545740699646e-01,5.000000000000000000e-01
5.462556966047120710e-01,2.461047520649565779e-01,5.000000000000000000e-01
5.462381427504179321e-01,2.460968065519333337e-01,5.000000000000000000e-01
5.462198230554277112e-01,2.460897160096584269e-01,5.000000000000000000e-01
5.462016775513343081e-01,2.460820542924076482e-01,5.000000000000000000e-01
5.461836197185018227e-01,2.460739669223117043e-01,5.000000000000000000e-01
5.461651531835559625e-01,2.460662089132256702e-01,5.000000000000000000e-01
5.461464997139666711e-01,2.460584489611746806e-01,5.000000000000000000e-01
5.461276357902564715e-01,2.460507275921018921e-01,5.000000000000000000e-01
5.461083548238102603e-01,2.460433544023379882e-01,5.000000000000000000e-01
5.460889784980049733e-01,2.460358556594162138e-01,5.000000000000000000e-01
5.460697273114956118e-01,2.460279168054113064e-01,5.000000000000000000e-01
5.460506089959679121e-01,2.460195434190415864e-01,5.000000000000000000e-01
5.460319316821746760e-01,2.460103039999712027e-01,5.000000000000000000e-01
5.460128744554869629e-01,2.460014143023012412e-01,5.000000000000000000e-01
5.459927378752612581e-01,2.459938855996821327e-01,5.000000000000000000e-01
5.459722037957692731e-01,2.459867161039052674e-01,5.000000000000000000e-01
5.459514605816868649e-01,2.459796347514709436e-01,5.000000000000000000e-01
5.459300481232345348e-01,2.459733045352256731e-01,5.000000000000000000e-01
5.459079814376167628e-01,2.459676943543648853e-01,5.000000000000000000e-01
5.458851739595724784e-01,2.459629174493867532e-01,5.000000000000000000e-01
5.458617081196417420e-01,2.459588444658953321e-01,5.000000000000000000e-01
5.458372781373701521e-01,2.459558944765566912e-01,5.000000000000000000e-01
5.458115747704872511e-01,2.459544800188444014e-01,5.000000000000000000e-01
5.457848228850159522e-01,2.459542541327574550e-01,5.000000000000000000e-01
5.457571466662870519e-01,2.459550172963773096e-01,5.000000000000000000e-01
5.457292101790689465e-01,2.459558254453407811e-01,5.000000000000000000e-01
5.457017794212829509e-01,2.459556172046332145e-01,5.000000000000000000e-01
5.456749393927240455e-01,2.459542977669038344e-01,5.000000000000000000e-01
5.456480303162164480e-01,2.459527968789707586e-01,5.000000000000000000e-01
5.456201036609387156e-01,2.459524157646675868e-01,5.000000000000000000e-01
5.455913489620799472e-01,2.459528706880745597e-01,5.000000000000000000e-01
5.455619784040127707e-01,2.459538523968530788e-01,5.000000000000000000e-01
5.455315213813445308e-01,2.459559821894634624e-01,5.000000000000000000e-01
5.455002845677213719e-01,2.459588167154825311e-01,5.000000000000000000e-01
5.454688686475452908e-01,2.459615279144494182e-01,5.000000000000000000e-01
5.454368406403191649e-01,2.459646909720465957e-01,5.000000000000000000e-01
5.454039860963940667e-01,2.459685744503151139e-01,5.000000000000000000e-01
5.453704859509911351e-01,2.459729127462907672e-01,5.000000000000000000e-01
5.453361287012398195e-01,2.459779653281418677e-01,5.000000000000000000e-01
5.453007009474547528e-01,2.459839849635619413e-01,5.000000000000000000e-01
5.452645145008896410e-01,2.459905275740160713e-01,5.000000000000000000e-01
5.452287836563485257e-01,2.459959814300292091e-01,5.000000000000000000e-01
5.451932393764452600e-01,2.460007085187916609e-01,5.000000000000000000e-01
5.451567604072200535e-01,2.460061669997307687e-01,5.000000000000000000e-01
5.451197416498902992e-01,2.460118150136081372e-01,5.000000000000000000e-01
5.450826620426153513e-01,2.460170166231501199e-01,5.000000000000000000e-01
5.450455253500563479e-01,2.460217626305325478e-01,5.000000000000000000e-01
5.450079961589306965e-01,2.460264761197352712e-01,5.000000000000000000e-01
5.449702123817556920e-01,2.460309669484055384e-01,5.000000000000000000e-01
5.449327166415007806e-01,2.460345367769536107e-01,5.000000000000000000e-01
5.448956021837718655e-01,2.460370751565097436e-01,5.000000000000000000e-01
5.448594127016194166e-01,2.460379101370481214e-01,5.000000000000000000e-01
5.448241490678742416e-01,2.460370690448450137e-01,5.000000000000000000e-01
5.447894540097740768e-01,2.460350279364250659e-01,5.000000000000000000e-01
5.447551099970324717e-01,2.460320756650070662e-01,5.000000000000000000e-01
5.447208409721073785e-01,2.460285671009474207e-01,5.000000000000000000e-01
5.446866730044168659e-01,2.460244738482216253e-01,5.000000000000000000e-01
5.446523095592714636e-01,2.460201651693276204e-01,5.000000000000000000e-01
5.446176448838522255e-01,2.460157657535720632e-01,5.000000000000000000e-01
5.445827277087527118e-01,2.460112074823228578e-01,5.000000000000000000e-01
5.445471029694128884e-01,2.460070350512820192e-01,5.000000000000000000e-01
5.445103103704095338e-01,2.460037823807995627e-01,5.000000000000000000e-01
5.444728539117744681e-01,2.460008018691419718e-01,5.000000000000000000e-01
5.444356715770588551e-01,2.459969423443802150e-01,5.000000000000000000e-01
5.443984270521288193e-01,2.459926112580336222e-01,5.000000000000000000e-01
5.443601839565327394e-01,2.459889201077543053e-01,5.000000000000000000e-01
5.443209436503571030e-01,2.459858291175482936e-01,5.000000000000000000e-01
5.442809418388563358e-01,2.459830200893143026e-01,5.000000000000000000e-01
5.442407325720237665e-01,2.459798073627572634e-01,5.000000000000000000e-01
5.442012939381650760e-01,2.459750286630122962e-01,5.000000000000000000e-01
5.441626796790401954e-01,2.459686391200165689e-01,5.000000000000000000e-01
5.441241267432599393e-01,2.459615497555633912e-01,5.000000000000000000e-01
5.440862552162006871e-01,2.459530375496586374e-01,5.000000000000000000e-01
5.440485694524650473e-01,2.459436912307931822e-01,5.000000000000000000e-01
5.440098429752424636e-01,2.459349254389450734e-01,5.000000000000000000e-01
5.439707491974843379e-01,2.459259248845383217e-01,5.000000000000000000e-01
5.439315145294053577e-01,2.459164094943702694e-01,5.000000000000000000e-01
5.438918641609088445e-01,2.459066791313690992e-01,5.000000000000000000e-01
5.438518030638537226e-01,2.458967037862554994e-01,5.000000000000000000e-01
5.438114450391555721e-01,2.458863302134419171e-01,5.000000000000000000e-01
5.437714355072205130e-01,2.458748104878370200e-01,5.000000000000000000e-01
5.437321826190533169e-01,2.458616877131609146e-01,5.000000000000000000e-01
5.436931739268434649e-01,2.458475498936184001e-01,5.000000000000000000e-01
5.436536714645413548e-01,2.458332159992787369e-01,5.000000000000000000e-01
5.436137271763747947e-01,2.458185992953683674e-01,5.000000000000000000e-01
5.435744930145776088e-01,2.458023998740306582e-01,5.000000000000000000e-01
5.435359568338864467e-01,2.457846425478938390e-01,5.000000000000000000e-01
5.434971301512191433e-01,2.457664244545466059e-01,5.000000000000000000e-01
5.434579344473050577e-01,2.457478072631855137e-01,5.000000000000000000e-01
5.434185940669555848e-01,2.457285198150219174e-01,5.000000000000000000e-01
5.433793703723872603e-01,2.457082581532858412e-01,5.000000000000000000e-01
5.433409549199861299e-01,2.456862661268907622e-01,5.000000000000000000e-01
5.433036163635504012e-01,2.456622686257610988e-01,5.000000000000000000e-01
5.432665748127718519e-01,2.456371274888463629e-01,5.000000000000000000e-01
5.432296334666502080e-01,2.456110495007956529e-01,5.000000000000000000e-01
5.431933122549970072e-01,2.455834722577152629e-01,5.000000000000000000e-01
5.431574275597894630e-01,2.455545976527492291e-01,5.000000000000000000e-01
5.431214364850767140e-01,2.455250018618403418e-01,5.000000000000000000e-01
5.430853357983130847e-01,2.454946675006474677e-01,5.000000000000000000e-01
5.430487508653123463e-01,2.454639662864760152e-01,5.000000000000000000e-01
5.430121102814748912e-01,2.454324139550908002e-01,5.000000000000000000e-01
5.429754486153227644e-01,2.453999515937091425e-01,5.000000000000000000e-01
5.429385233862726867e-01,2.453668082972790820e-01,5.000000000000000000e-01
5.429025743711355378e-01,2.453316741235003207e-01,5.000000000000000000e-01
5.428683436136868545e-01,2.452938022361476067e-01,5.000000000000000000e-01
5.428352224948846949e-01,2.452538646672407507e-01,5.000000000000000000e-01
5.428036628107778538e-01,2.452114273477672135e-01,5.000000000000000000e-01
5.427729409968251595e-01,2.451672688406731360e-01,5.000000000000000000e-01
5.427420388364264658e-01,2.451224391448188489e-01,5.000000000000000000e-01
5.427113115793916753e-01,2.450765538763393647e-01,5.000000000000000000e-01
5.426810383279626615e-01,2.450293217849359162e-01,5.000000000000000000e-01
5.426516792956537216e-01,2.449802812607968505e-01,5.000000000000000000e-01
5.426233578226693499e-01,2.449293286561408101e-01,5.000000000000000000e-01
5.425964194122185891e-01,2.448761462507847431e-01,5.000000000000000000e-01
5.425705855425817514e-01,2.448210504478519622e-01,5.000000000000000000e-01
5.425454656028656508e-01,2.447644588823025269e-01,5.000000000000000000e-01
5.425210481399140861e-01,2.447063971388788173e-01,5.000000000000000000e-01
5.424971052409849337e-01,2.446471037750973243e-01,5.000000000000000000e-01
5.424734459388796948e-01,2.445867694366875567e-01,5.000000000000000000e-01
5.424499578986831105e-01,2.445254993064184812e-01,5.000000000000000000e-01
5.424273687746503647e-01,2.444625775737375717e-01,5.000000000000000000e-01
5.424059625183290656e-01,2.443977502633409848e-01,5.000000000000000000e-01
5.423854175886544393e-01,2.443313632300866400e-01,5.000000000000000000e-01
5.423655130252724721e-01,2.442636497654417371e-01,5.000000000000000000e-01
5.423454924347865802e-01,2.441953450397100212e-01,5.000000000000000000e-01
5.423256513249840038e-01,2.441261445224452986e-01,5.000000000000000000e-01
5.423068327266644673e-01,2.440552333381695305e-01,5.000000000000000000e-01
5.422888211285740168e-01,2.439828422703314015e-01,5.000000000000000000e-01
5.422720434412467982e-01,2.439085867383368189e-01,5.000000000000000000e-01
5.422559602381415989e-01,2.438330099026692621e-01,5.000000000000000000e-01
5.422395279484140129e-01,2.437571061794906457e-01,5.000000000000000000e-01
5.422230408793233813e-01,2.436805603362599548e-01,5.000000000000000000e-01
5.422064223567658603e-01,2.436034159342968519e-01,5.000000000000000000e-01
5.421900881970076469e-01,2.435252527525322841e-01,5.000000000000000000e-01
5.421738616450701986e-01,2.434462159005835180e-01,5.000000000000000000e-01
5.421575278273531584e-01,2.433664773970325990e-01,5.000000000000000000e-01
5.421413145730449301e-01,2.432857842686707572e-01,5.000000000000000000e-01
5.421249782839063780e-01,2.432043266869431397e-01,5.000000000000000000e-01
5.421088458210511218e-01,2.431217566378010009e-01,5.000000000000000000e-01
5.420935162872992930e-01,2.430374939206580986e-01,5.000000000000000000e-01
5.420799554177828661e-01,2.429506589003417871e-01,5.000000000000000000e-01
5.420682877196554283e-01,2.428611861609733524e-01,5.000000000000000000e-01
5.420574052589692826e-01,2.427701321187669681e-01,5.000000000000000000e-01
5.420468071522490661e-01,2.426779473628395967e-01,5.000000000000000000e-01
5.420368459876501177e-01,2.425842879646067929e-01,5.000000000000000000e-01
5.420281854559483303e-01,2.424885522905595447e-01,5.000000000000000000e-01
5.420206887393113071e-01,2.423908874526797264e-01,5.000000000000000000e-01
5.420133371013533541e-01,2.422922165858505950e-01,5.000000000000000000e-01
5.420060613013455431e-01,2.421925627071871978e-01,5.000000000000000000e-01
5.419999668603039389e-01,2.420909076015824168e-01,5.000000000000000000e-01
5.419954718268178429e-01,2.419869001751981386e-01,5.000000000000000000e-01
5.419915611165483371e-01,2.418814711463659339e-01,5.000000000000000000e-01
5.419880552007878549e-01,2.417747624768094850e-01,5.000000000000000000e-01
5.419857153404796790e-01,2.416660837476097834e-01,5.000000000000000000e-01
5.419843580241801018e-01,2.415556094685244459e-01,5.000000000000000000e-01
5.419832909562185552e-01,2.414439430419800248e-01,5.000000000000000000e-01
5.419824013167485743e-01,2.413311423570287384e-01,5.000000000000000000e-01
5.419822303777683814e-01,2.412166937524657384e-01,5.000000000000000000e-01
5.419831601248901176e-01,2.411002513404728598e-01,5.000000000000000000e-01
5.419852595935594763e-01,2.409817624831271654e-01,5.000000000000000000e-01
5.419890425138147450e-01,2.408608026513118783e-01,5.000000000000000000e-01
5.419945216260171339e-01,2.407374072651451147e-01,5.000000000000000000e-01
5.420011709015364332e-01,2.406120726898314244e-01,5.000000000000000000e-01
5.420085267176548705e-01,2.404852073557053604e-01,5.000000000000000000e-01
5.420169497168354500e-01,2.403564991133699258e-01,5.000000000000000000e-01
5.420264318135126214e-01,2.402259636592587455e-01,5.000000000000000000e-01
5.420367904490748234e-01,2.400937686966228002e-01,5.000000000000000000e-01
5.420483165576182039e-01,2.399596695347846753e-01,5.000000000000000000e-01
5.420607963584300748e-01,2.398238655514995377e-01,5.000000000000000000e-01
5.420748276382116870e-01,2.396858699709743523e-01,5.000000000000000000e-01
5.420901175986752030e-01,2.395459735368531962e-01,5.000000000000000000e-01
5.421062416923849714e-01,2.394045598596915569e-01,5.000000000000000000e-01
5.421236991322413434e-01,2.392612237029728139e-01,5.000000000000000000e-01
5.421423102589596477e-01,2.391161521681664515e-01,5.000000000000000000e-01
5.421615762633125168e-01,2.389697819998016226e-01,5.000000000000000000e-01
5.421819063643216197e-01,2.388217753902431850e-01,5.000000000000000000e-01
5.422029969871725585e-01,2.386723984683481181e-01,5.000000000000000000e-01
5.422246565510486782e-01,2.385218095691653828e-01,5.000000000000000000e-01
5.422474425445727997e-01,2.383695423153816273e-01,5.000000000000000000e-01
5.422709031144284930e-01,2.382159864632198976e-01,5.000000000000000000e-01
5.422948804889562435e-01,2.380612593836519408e-01,5.000000000000000000e-01
5.423189462098123581e-01,2.379056741140637699e-01,5.000000000000000000e-01
5.423429343049628315e-01,2.377492967552133629e-01,5.000000000000000000e-01
5.423673085254470116e-01,2.375916686858027815e-01,5.000000000000000000e-01
5.423923625520721270e-01,2.374325011732223989e-01,5.000000000000000000e-01
5.424182600898568296e-01,2.372716266846662536e-01,5.000000000000000000e-01
5.424446167526006946e-01,2.371093182454015458e-01,5.000000000000000000e-01
5.424716772301145795e-01,2.369453201689079025e-01,5.000000000000000000e-01
5.424999120084873505e-01,2.367792159762421300e-01,5.000000000000000000e-01
5.425290187246065710e-01,2.366112302072338469e-01,5.000000000000000000e-01
5.425587814969947686e-01,2.364414896702290436e-01,5.000000000000000000e-01
5.425893483158163999e-01,2.362698140673429870e-01,5.000000000000000000e-01
5.426215025493494881e-01,2.360955493590526366e-01,5.000000000000000000e-01
5.426553533861597778e-01,2.359186287227376111e-01,5.000000000000000000e-01
5.426898913474487163e-01,2.357398537414260864e-01,5.000000000000000000e-01
5.427250554506111158e-01,2.355591999754505506e-01,5.000000000000000000e-01
5.427612590215624699e-01,2.353762688740444475e-01,5.000000000000000000e-01
5.427986056088528466e-01,2.351909327209759093e-01,5.000000000000000000e-01
5.428373890770322729e-01,2.350029308216591839e-01,5.000000000000000000e-01
5.428782377303043027e-01,2.348117849148924630e-01,5.000000000000000000e-01
5.429214257792405185e-01,2.346173562574920268e-01,5.000000000000000000e-01
5.429664013248409749e-01,2.344201586821078598e-01,5.000000000000000000e-01
5.430123794930614700e-01,2.342208243235804344e-01,5.000000000000000000e-01
5.430591470859041925e-01,2.340194721892674690e-01,5.000000000000000000e-01
5.431070572070737512e-01,2.338157762879335688e-01,5.000000000000000000e-01
5.431568435479496859e-01,2.336091727212565861e-01,5.000000000000000000e-01
5.432082941012033039e-01,2.333998733900088940e-01,5.000000000000000000e-01
5.432610442987779731e-01,2.331881872410979106e-01,5.000000000000000000e-01
5.433150220136448993e-01,2.329741611262957646e-01,5.000000000000000000e-01
5.433699183338382976e-01,2.327580057175180628e-01,5.000000000000000000e-01
5.434255060472683585e-01,2.325398204284474524e-01,5.000000000000000000e-01
5.434817919668921693e-01,2.323195019251204085e-01,5.000000000000000000e-01
5.435397694091661513e-01,2.320962372685004271e-01,5.000000000000000000e-01
5.436000055227085959e-01,2.318696491361752765e-01,5.000000000000000000e-01
5.436619880791954129e-01,2.316402059602168662e-01,5.000000000000000000e-01
5.437248682303132963e-01,2.314085464153023963e-01,5.000000000000000000e-01
5.437884745230916472e-01,2.311747097582952382e-01,5.000000000000000000e-01
5.438533707011803386e-01,2.309381894668224855e-01,5.000000000000000000e-01
5.439199663829938913e-01,2.306986600565738010e-01,5.000000000000000000e-01
5.439883677337393753e-01,2.304560712293423630e-01,5.000000000000000000e-01
5.440586926571178150e-01,2.302103871121404244e-01,5.000000000000000000e-01
5.441304946743090731e-01,2.299619786205344130e-01,5.000000000000000000e-01
5.442036060138958353e-01,2.297109656586221460e-01,5.000000000000000000e-01
5.442781262973155343e-01,2.294572535205827157e-01,5.000000000000000000e-01
5.443540892502498618e-01,2.292008121189387793e-01,5.000000000000000000e-01
5.444315667894574773e-01,2.289415862033667426e-01,5.000000000000000000e-01
5.445102583861325396e-01,2.286797794371178694e-01,5.000000000000000000e-01
5.445901753829360814e-01,2.284153320927175823e-01,5.000000000000000000e-01
5.446716005611489386e-01,2.281480041112665946e-01,5.000000000000000000e-01
5.447547392345970518e-01,2.278776555787233038e-01,5.000000000000000000e-01
5.448395798201098872e-01,2.276043307093069679e-01,5.000000000000000000e-01
5.449259079661670224e-01,2.273282040974683449e-01,5.000000000000000000e-01
5.450136043297038047e-01,2.270493523942138103e-01,5.000000000000000000e-01
5.451026672002416973e-01,2.267677473323715942e-01,5.000000000000000000e-01
5.451933823030151727e-01,2.264831867807729493e-01,5.000000000000000000e-01
5.452860414434692604e-01,2.261955266462424841e-01,5.000000000000000000e-01
5.453803578869020896e-01,2.259050594148245272e-01,5.000000000000000000e-01
5.454761513622329305e-01,2.256119632644718598e-01,5.000000000000000000e-01
5.455734357466870410e-01,2.253162698087770865e-01,5.000000000000000000e-01
5.456722531232069962e-01,2.250180060853293196e-01,5.000000000000000000e-01
5.457722723926079489e-01,2.247174358562978314e-01,5.000000000000000000e-01
5.458733227350199835e-01,2.244146534839331353e-01,5.000000000000000000e-01
5.459754771738094536e-01,2.241095552642333733e-01,5.000000000000000000e-01
5.460787809548002247e-01,2.238020647177520195e-01,5.000000000000000000e-01
5.461831199029330008e-01,2.234921856252906069e-01,5.000000000000000000e-01
5.462884213638201647e-01,2.231798520336533975e-01,5.000000000000000000e-01
5.463950399275104841e-01,2.228647136431377573e-01,5.000000000000000000e-01
5.465030722247782302e-01,2.225466409577472882e-01,5.000000000000000000e-01
5.466128192643671113e-01,2.222254265206039525e-01,5.000000000000000000e-01
5.467245237847764283e-01,2.219009917698024081e-01,5.000000000000000000e-01
5.468377220027059726e-01,2.215737191824411201e-01,5.000000000000000000e-01
5.469523232375828048e-01,2.212436738673224379e-01,5.000000000000000000e-01
5.470684752195758005e-01,2.209107672233349695e-01,5.000000000000000000e-01
5.471859834004912937e-01,2.205751357354638897e-01,5.000000000000000000e-01
5.473049089295418668e-01,2.202367287822067365e-01,5.000000000000000000e-01
5.474253223591525330e-01,2.198955131628915760e-01,5.000000000000000000e-01
5.475470954991208394e-01,2.195515770068835193e-01,5.000000000000000000e-01
5.476701859520571869e-01,2.192049206014690110e-01,5.000000000000000000e-01
5.477946943189069273e-01,2.188554615824853666e-01,5.000000000000000000e-01
5.479205527764192674e-01,2.185032200026961469e-01,5.000000000000000000e-01
5.480477556792291427e-01,2.181481614014975645e-01,5.000000000000000000e-01
5.481765737639299196e-01,2.177901454939779324e-01,5.000000000000000000e-01
5.483069835435688821e-01,2.174292889198665424e-01,5.000000000000000000e-01
5.484387008274057562e-01,2.170658200069281729e-01,5.000000000000000000e-01
5.485716065100647576e-01,2.166997751416362694e-01,5.000000000000000000e-01
5.487057854896535414e-01,2.163310514725275968e-01,5.000000000000000000e-01
5.488412412421814768e-01,2.159595923776732318e-01,5.000000000000000000e-01
5.489780560985250135e-01,2.155853196341194766e-01,5.000000000000000000e-01
5.491163680298375427e-01,2.152081909780065860e-01,5.000000000000000000e-01
5.492560377210037315e-01,2.148283344570435516e-01,5.000000000000000000e-01
5.493969649626527785e-01,2.144457919549124236e-01,5.000000000000000000e-01
5.495390860525797283e-01,2.140604997872627424e-01,5.000000000000000000e-01
5.496824612372951391e-01,2.136722855725387560e-01,5.000000000000000000e-01
5.498272295228234796e-01,2.132809453671606903e-01,5.000000000000000000e-01
5.499734664374105186e-01,2.128863448618774357e-01,5.000000000000000000e-01
5.501212471712486618e-01,2.124883713638036908e-01,5.000000000000000000e-01
5.502706131217611762e-01,2.120869622384439213e-01,5.000000000000000000e-01
5.504216735586626719e-01,2.116821352544499824e-01,5.000000000000000000e-01
5.505743977356336583e-01,2.112740956727857111e-01,5.000000000000000000e-01
5.507285620413699956e-01,2.108630876724643666e-01,5.000000000000000000e-01
5.508840697606631753e-01,2.104492303927769370e-01,5.000000000000000000e-01
5.510408873729979451e-01,2.100325892618124801e-01,5.000000000000000000e-01
5.511989360949369754e-01,2.096132025420033851e-01,5.000000000000000000e-01
5.513582606640119455e-01,2.091911200988784414e-01,5.000000000000000000e-01
5.515188371179265969e-01,2.087665667852888762e-01,5.000000000000000000e-01
5.516804784466731171e-01,2.083397729658845732e-01,5.000000000000000000e-01
5.518430602868451551e-01,2.079107440696049136e-01,5.000000000000000000e-01
5.520066391541231798e-01,2.074793775111594685e-01,5.000000000000000000e-01
5.521712595208313479e-01,2.070455932749365735e-01,5.000000000000000000e-01
5.523369390261477774e-01,2.066093532001322397e-01,5.000000000000000000e-01
5.525036912226707342e-01,2.061706823213545203e-01,5.000000000000000000e-01
5.526714819307121385e-01,2.057296254616505782e-01,5.000000000000000000e-01
5.528402865936450361e-01,2.052862199409382360e-01,5.000000000000000000e-01
5.530100889437835621e-01,2.048404617317534648e-01,5.000000000000000000e-01
5.531808917395484304e-01,2.043923061274791064e-01,5.000000000000000000e-01
5.533527098473938199e-01,2.039417138976178934e-01,5.000000000000000000e-01
5.535255598320273362e-01,2.034886196070305464e-01,5.000000000000000000e-01
5.536994559189944987e-01,2.030329799553024506e-01,5.000000000000000000e-01
5.538743863965835956e-01,2.025748297778737217e-01,5.000000000000000000e-01
5.540503267540499710e-01,2.021142058945067932e-01,5.000000000000000000e-01
5.542272487273036674e-01,2.016511527527655445e-01,5.000000000000000000e-01
5.544051384740098509e-01,2.011856801564946562e-01,5.000000000000000000e-01
5.545840533787120830e-01,2.007176195337687929e-01,5.000000000000000000e-01
5.547640213561870759e-01,2.002468843388254538e-01,5.000000000000000000e-01
5.549449887474817711e-01,1.997735840706645616e-01,5.000000000000000000e-01
5.551268434744109914e-01,1.992979528701929182e-01,5.000000000000000000e-01
5.553095079372545317e-01,1.988201580761903287e-01,5.000000000000000000e-01
5.554929774426079492e-01,1.983402047875618690e-01,5.000000000000000000e-01
5.556772410427341935e-01,1.978581016163440953e-01,5.000000000000000000e-01
5.558623487085593284e-01,1.973737326843880147e-01,5.000000000000000000e-01
5.560483283365575957e-01,1.968870093804137855e-01,5.000000000000000000e-01
5.562352049357139894e-01,1.963978503851316615e-01,5.000000000000000000e-01
5.564230249018120578e-01,1.959061329040096000e-01,5.000000000000000000e-01
5.566116726928920233e-01,1.954120276101436460e-01,5.000000000000000000e-01
5.568011139327517789e-01,1.949156038270176139e-01,5.000000000000000000e-01
5.569914712221588626e-01,1.944166438934302465e-01,5.000000000000000000e-01
5.571828130366449638e-01,1.939149732265562087e-01,5.000000000000000000e-01
5.573751882825497272e-01,1.934104427576451568e-01,5.000000000000000000e-01
5.575686069946679257e-01,1.929029713963930082e-01,5.000000000000000000e-01
5.577631271013150371e-01,1.923924094286547648e-01,5.000000000000000000e-01
5.579588287227743582e-01,1.918785604680941226e-01,5.000000000000000000e-01
5.581555220483103152e-01,1.913616635103080887e-01,5.000000000000000000e-01
5.583529562832459936e-01,1.908421414268648142e-01,5.000000000000000000e-01
5.585511059514710608e-01,1.903201218448610788e-01,5.000000000000000000e-01
5.587499479282496129e-01,1.897956949118936032e-01,5.000000000000000000e-01
5.589495098115404570e-01,1.892688466900439015e-01,5.000000000000000000e-01
5.591499667115584771e-01,1.887392966475431866e-01,5.000000000000000000e-01
5.593513838497010671e-01,1.882068693652876601e-01,5.000000000000000000e-01
5.595537096609504157e-01,1.876715648840239226e-01,5.000000000000000000e-01
5.597567566280847728e-01,1.871336329740400650e-01,5.000000000000000000e-01
5.599603546819701405e-01,1.865933634251275564e-01,5.000000000000000000e-01
5.601645755096578139e-01,1.860507125474193946e-01,5.000000000000000000e-01
5.603694686702642702e-01,1.855056165738526164e-01,5.000000000000000000e-01
5.605750790421819563e-01,1.849579885726702899e-01,5.000000000000000000e-01
5.607813944472526124e-01,1.844078111190492475e-01,5.000000000000000000e-01
5.609882650642865620e-01,1.838552828366780967e-01,5.000000000000000000e-01
5.611955698403346959e-01,1.833006087436298281e-01,5.000000000000000000e-01
5.614034445941036289e-01,1.827436286888345363e-01,5.000000000000000000e-01
5.616119278601634512e-01,1.821842666035299874e-01,5.000000000000000000e-01
5.618208483221982519e-01,1.816227450191316706e-01,5.000000000000000000e-01
5.620303021807406818e-01,1.810589408125446442e-01,5.000000000000000000e-01
5.622403706324002881e-01,1.804927095684749905e-01,5.000000000000000000e-01
5.624510620320364307e-01,1.799239851769637022e-01,5.000000000000000000e-01
5.626624758900136136e-01,1.793525678493100572e-01,5.000000000000000000e-01
5.628746550644362356e-01,1.787783139457747028e-01,5.000000000000000000e-01
5.630876166270633032e-01,1.782011146849799554e-01,5.000000000000000000e-01
5.633013147569997381e-01,1.776209611181998049e-01,5.000000000000000000e-01
5.635156871099533671e-01,1.770378923447112618e-01,5.000000000000000000e-01
5.637307131283644246e-01,1.764519098131764330e-01,5.000000000000000000e-01
5.639464906359732410e-01,1.758628427766813496e-01,5.000000000000000000e-01
5.641630797618677473e-01,1.752705445806321261e-01,5.000000000000000000e-01
5.643801979252643930e-01,1.746753622919400839e-01,5.000000000000000000e-01
5.645977720743118322e-01,1.740774259201813001e-01,5.000000000000000000e-01
5.648157839234313471e-01,1.734767996576889737e-01,5.000000000000000000e-01
5.650341690865897659e-01,1.728736026425720662e-01,5.000000000000000000e-01
5.652532844208947305e-01,1.722673377146417273e-01,5.000000000000000000e-01
5.654731456045619664e-01,1.716578908597983510e-01,5.000000000000000000e-01
5.656934455491525737e-01,1.710456284930917670e-01,5.000000000000000000e-01
5.659141724841141308e-01,1.704305836663623230e-01,5.000000000000000000e-01
5.661354417936168559e-01,1.698125942151503254e-01,5.000000000000000000e-01
5.663571136067058198e-01,1.691918336206600926e-01,5.000000000000000000e-01
5.665792226124481967e-01,1.685682533556748242e-01,5.000000000000000000e-01
5.668018195157438210e-01,1.679417673538226297e-01,5.000000000000000000e-01
5.670248359548946127e-01,1.673124404552780997e-01,5.000000000000000000e-01
5.672483425853853678e-01,1.666801535136228363e-01,5.000000000000000000e-01
5.674720765856637872e-01,1.660452576821954962e-01,5.000000000000000000e-01
5.676959505597386491e-01,1.654079200630031998e-01,5.000000000000000000e-01
5.679201249765906123e-01,1.647679513125895889e-01,5.000000000000000000e-01
5.681446044840319232e-01,1.641253311772238321e-01,5.000000000000000000e-01
5.683692519333912729e-01,1.634802451114684974e-01,5.000000000000000000e-01
5.685939521256988538e-01,1.628328832883313981e-01,5.000000000000000000e-01
5.688186599169975377e-01,1.621833555192080389e-01,5.000000000000000000e-01
5.690430093033878034e-01,1.615322596139449340e-01,5.000000000000000000e-01
5.692665270863470628e-01,1.608804507960398533e-01,5.000000000000000000e-01
5.694895199900313898e-01,1.602277163131207161e-01,5.000000000000000000e-01
5.697123818339793200e-01,1.595735774363532256e-01,5.000000000000000000e-01
5.699353100960152796e-01,1.589177047667401643e-01,5.000000000000000000e-01
5.701585182181876377e-01,1.582596844607501441e-01,5.000000000000000000e-01
5.703817486347708687e-01,1.575997637040349453e-01,5.000000000000000000e-01
5.706047430973100187e-01,1.569382815868888281e-01,5.000000000000000000e-01
5.708275984151635063e-01,1.562751120157550022e-01,5.000000000000000000e-01
5.710506379221174100e-01,1.556097408281203187e-01,5.000000000000000000e-01
5.712735429016561062e-01,1.549425481059675258e-01,5.000000000000000000e-01
5.714962471860600690e-01,1.542736184169028468e-01,5.000000000000000000e-01
5.717193134879616778e-01,1.536020854068795016e-01,5.000000000000000000e-01
5.719426192679912813e-01,1.529279685886755780e-01,5.000000000000000000e-01
5.721660809630296773e-01,1.522512782176542734e-01,5.000000000000000000e-01
5.723898276050904954e-01,1.515717285149595084e-01,5.000000000000000000e-01
5.726139338924745026e-01,1.508890841703874330e-01,5.000000000000000000e-01
5.728383032644405182e-01,1.502033664571514326e-01,5.000000000000000000e-01
5.730624257222141082e-01,1.495152903962467528e-01,5.000000000000000000e-01
5.732864615092990723e-01,1.488246638373532660e-01,5.000000000000000000e-01
5.735106129765055183e-01,1.481311769530639366e-01,5.000000000000000000e-01
5.737346971430061782e-01,1.474350542216866233e-01,5.000000000000000000e-01
5.739588945810798482e-01,1.467360034370603084e-01,5.000000000000000000e-01
5.741830886631447139e-01,1.460341450446407952e-01,5.000000000000000000e-01
5.744072413528616972e-01,1.453295111254910565e-01,5.000000000000000000e-01
5.746310510770504809e-01,1.446225700744057929e-01,5.000000000000000000e-01
5.748543721933736528e-01,1.439136225783425593e-01,5.000000000000000000e-01
5.750776288370299527e-01,1.432020758919725634e-01,5.000000000000000000e-01
5.753005735964435985e-01,1.424882901370671251e-01,5.000000000000000000e-01
5.755230948554983517e-01,1.417724673151337655e-01,5.000000000000000000e-01
5.757457181614087371e-01,1.410537962106005461e-01,5.000000000000000000e-01
5.759682648095552082e-01,1.403324505515363696e-01,5.000000000000000000e-01
5.761905437202430313e-01,1.396086838605618552e-01,5.000000000000000000e-01
5.764125316110420005e-01,1.388825331570852362e-01,5.000000000000000000e-01
5.766339107021675181e-01,1.381545288794557291e-01,5.000000000000000000e-01
5.768548705775097263e-01,1.374244389718886628e-01,5.000000000000000000e-01
5.770757865626691130e-01,1.366916509426513993e-01,5.000000000000000000e-01
5.772966332266715739e-01,1.359560973183016330e-01,5.000000000000000000e-01
5.775174830822538130e-01,1.352175589656367527e-01,5.000000000000000000e-01
5.777380834950411881e-01,1.344763515722097735e-01,5.000000000000000000e-01
5.779584515982407744e-01,1.337324102667134806e-01,5.000000000000000000e-01
5.781787822399950816e-01,1.329853613204323159e-01,5.000000000000000000e-01
5.783991582268637188e-01,1.322349549251152223e-01,5.000000000000000000e-01
5.786196453351144520e-01,1.314809512159273164e-01,5.000000000000000000e-01
5.788395566502095857e-01,1.307244069627056804e-01,5.000000000000000000e-01
5.790586777269652874e-01,1.299657732380847253e-01,5.000000000000000000e-01
5.792776108072877905e-01,1.292041282686169079e-01,5.000000000000000000e-01
5.794963926963556666e-01,1.284393334535908759e-01,5.000000000000000000e-01
5.797143930602599582e-01,1.276724220253252495e-01,5.000000000000000000e-01
5.799316404665311175e-01,1.269034526097194693e-01,5.000000000000000000e-01
5.801483052941374119e-01,1.261322155636857012e-01,5.000000000000000000e-01
5.803640573190196328e-01,1.253593219118321334e-01,5.000000000000000000e-01
5.805789448629030680e-01,1.245848031822228974e-01,5.000000000000000000e-01
5.807931935608608986e-01,1.238083315657680372e-01,5.000000000000000000e-01
5.810068737412891204e-01,1.230297781873754964e-01,5.000000000000000000e-01
5.812198114030879825e-01,1.222494271647122099e-01,5.000000000000000000e-01
5.814321761720000481e-01,1.214669844955153233e-01,5.000000000000000000e-01
5.816438271811700256e-01,1.206826688859478913e-01,5.000000000000000000e-01
5.818547975342542866e-01,1.198964131431757285e-01,5.000000000000000000e-01
5.820652036059392742e-01,1.191079831944962669e-01,5.000000000000000000e-01
5.822748959473942332e-01,1.183175952799463693e-01,5.000000000000000000e-01
5.824837017326616184e-01,1.175255650419464448e-01,5.000000000000000000e-01
5.826918152784201776e-01,1.167315554253018361e-01,5.000000000000000000e-01
5.828994353466652178e-01,1.159351535969218444e-01,5.000000000000000000e-01
5.831063227858021003e-01,1.151367087279799029e-01,5.000000000000000000e-01
5.833124653478702903e-01,1.143362215053645992e-01,5.000000000000000000e-01
5.835178950457329261e-01,1.135336027415003307e-01,5.000000000000000000e-01
5.837232221075635552e-01,1.127276127610712941e-01,5.000000000000000000e-01
5.839283051548789238e-01,1.119182801715597197e-01,5.000000000000000000e-01
5.841328244846317741e-01,1.111060366318366577e-01,5.000000000000000000e-01
5.843371550034686113e-01,1.102900618185115172e-01,5.000000000000000000e-01
5.845409359956622586e-01,1.094708736095516971e-01,5.000000000000000000e-01
5.847440719593500758e-01,1.086485887134029937e-01,5.000000000000000000e-01
5.849466885960672435e-01,1.078229166455394600e-01,5.000000000000000000e-01
5.851486374093756160e-01,1.069940710740711343e-01,5.000000000000000000e-01
5.853498801026877363e-01,1.061620970872346609e-01,5.000000000000000000e-01
5.855499088221182147e-01,1.053280239572928073e-01,5.000000000000000000e-01
5.857486710134648389e-01,1.044921125749312951e-01,5.000000000000000000e-01
5.859467344925308740e-01,1.036533316331489235e-01,5.000000000000000000e-01
5.861440615373271212e-01,1.028116912052953330e-01,5.000000000000000000e-01
5.863405605470572990e-01,1.019673219945156639e-01,5.000000000000000000e-01
5.865362491359147334e-01,1.011201576967507704e-01,5.000000000000000000e-01
5.867311650118207655e-01,1.002700712517414217e-01,5.000000000000000000e-01
5.869251558419634751e-01,9.941733405788207023e-02,5.000000000000000000e-01
5.871180965360822679e-01,9.856220668134541008e-02,5.000000000000000000e-01
5.873103667661783156e-01,9.770388762190519716e-02,5.000000000000000000e-01
5.875016055342485721e-01,9.684305483389325786e-02,5.000000000000000000e-01
5.876915380253043830e-01,9.598033161154023718e-02,5.000000000000000000e-01
5.878803743526905823e-01,9.511536522972612040e-02,5.000000000000000000e-01
5.880679909398301985e-01,9.424845246302432367e-02,5.000000000000000000e-01
5.882544726061592621e-01,9.337945613736320372e-02,5.000000000000000000e-01
5.884400032899841371e-01,9.250796585406005634e-02,5.000000000000000000e-01
5.886244488412799569e-01,9.163421982192898607e-02,5.000000000000000000e-01
5.888075660380601706e-01,9.075876228102003340e-02,5.000000000000000000e-01
5.889893970146005131e-01,8.988156600843735800e-02,5.000000000000000000e-01
5.891696064266023214e-01,8.900347356876509020e-02,5.000000000000000000e-01
5.893479847438602981e-01,8.812515564176739979e-02,5.000000000000000000e-01
5.895247952494864219e-01,8.724623244279965106e-02,5.000000000000000000e-01
5.896999612788665912e-01,8.636700467919029844e-02,5.000000000000000000e-01
5.898735344404889558e-01,8.548748038445115605e-02,5.000000000000000000e-01
5.900459423619034416e-01,8.460670231100214655e-02,5.000000000000000000e-01
5.902173587720802583e-01,8.372413790760704910e-02,5.000000000000000000e-01
5.903876395098832663e-01,8.283995871406565903e-02,5.000000000000000000e-01
5.905568164228944816e-01,8.195396643744369547e-02,5.000000000000000000e-01
5.907247512159305991e-01,8.106637910650867085e-02,5.000000000000000000e-01
5.908914164304229777e-01,8.017719549652216338e-02,5.000000000000000000e-01
5.910568102833988480e-01,7.928636199958323527e-02,5.000000000000000000e-01
5.912208410527062252e-01,7.839405447877303978e-02,5.000000000000000000e-01
5.913834755609671534e-01,7.750033918067042449e-02,5.000000000000000000e-01
5.915443615380815423e-01,7.660614335629603588e-02,5.000000000000000000e-01
5.917034938252990761e-01,7.571163234144374921e-02,5.000000000000000000e-01
5.918610998606221862e-01,7.481634455381662441e-02,5.000000000000000000e-01
5.920171253193629024e-01,7.392044801852308555e-02,5.000000000000000000e-01
5.921712945728287991e-01,7.302474828166730103e-02,5.000000000000000000e-01
5.923235926903909210e-01,7.212945710696404278e-02,5.000000000000000000e-01
5.924744028346378144e-01,7.123368001305045716e-02,5.000000000000000000e-01
5.926237909604593623e-01,7.033719038297346626e-02,5.000000000000000000e-01
5.927715510563020818e-01,6.944050228398052083e-02,5.000000000000000000e-01
5.929172247774916471e-01,6.854496458358917688e-02,5.000000000000000000e-01
5.930610220545351474e-01,6.765023875544742826e-02,5.000000000000000000e-01
5.932031951222289656e-01,6.675573799064472846e-02,5.000000000000000000e-01
5.933435593112759143e-01,6.586200659011186287e-02,5.000000000000000000e-01
5.934820505277607072e-01,6.496933508926300282e-02,5.000000000000000000e-01
5.936187683197481357e-01,6.407755219340208197e-02,5.000000000000000000e-01
5.937535562033704473e-01,6.318720545853177828e-02,5.000000000000000000e-01
5.938865539065207866e-01,6.229801092815733660e-02,5.000000000000000000e-01
5.940181757091589354e-01,6.140875255875697519e-02,5.000000000000000000e-01
5.941483394837112630e-01,6.051950090358332313e-02,5.000000000000000000e-01
5.942766728982831204e-01,5.963130757001011695e-02,5.000000000000000000e-01
5.944031659295756498e-01,5.874429663711100424e-02,5.000000000000000000e-01
5.945280540119938228e-01,5.785781761295793330e-02,5.000000000000000000e-01
5.946513944722906508e-01,5.697163102599277912e-02,5.000000000000000000e-01
5.947731681650827440e-01,5.608572385085167089e-02,5.000000000000000000e-01
5.948933292115501370e-01,5.520017510192191945e-02,5.000000000000000000e-01
5.950121760458080278e-01,5.431394612389331411e-02,5.000000000000000000e-01
5.951294923740799714e-01,5.342754484114054653e-02,5.000000000000000000e-01
5.952449989299675170e-01,5.254185035234272549e-02,5.000000000000000000e-01
5.953587403207115658e-01,5.165682234711595211e-02,5.000000000000000000e-01
5.954707600305529924e-01,5.077239223541431951e-02,5.000000000000000000e-01
5.955811921966051026e-01,4.988813228640948810e-02,5.000000000000000000e-01
5.956898664206667915e-01,4.900461912676366133e-02,5.000000000000000000e-01
5.957966452444090066e-01,4.812242909841199512e-02,5.000000000000000000e-01
5.959015279695732970e-01,4.724175778547352184e-02,5.000000000000000000e-01
5.960046101360467752e-01,4.636242631049246332e-02,5.000000000000000000e-01
5.961062846099893786e-01,4.548306950479908545e-02,5.000000000000000000e-01
5.962067027974820022e-01,4.460291242371752785e-02,5.000000000000000000e-01
5.963056336288011794e-01,4.372254443296180043e-02,5.000000000000000000e-01
5.964028601844340027e-01,4.284268611163105644e-02,5.000000000000000000e-01
5.964986093269269984e-01,4.196250565208552163e-02,5.000000000000000000e-01
5.965929630775890224e-01,4.108154858324782055e-02,5.000000000000000000e-01
5.966860540600440466e-01,4.019908353125563327e-02,5.000000000000000000e-01
5.967777379775029978e-01,3.931540284590361034e-02,5.000000000000000000e-01
5.968676675981817725e-01,3.843177634491203726e-02,5.000000000000000000e-01
5.969558377097630153e-01,3.754836289752030293e-02,5.000000000000000000e-01
5.970423724462359250e-01,3.666478047901122056e-02,5.000000000000000000e-01
5.971271926614900583e-01,3.578140456140068565e-02,5.000000000000000000e-01
5.972102893025192927e-01,3.489837970929917516e-02,5.000000000000000000e-01
5.972914995374922764e-01,3.401655503482690218e-02,5.000000000000000000e-01
5.973708134792403701e-01,3.313624736254657671e-02,5.000000000000000000e-01
5.974484946963052323e-01,3.225654936830774089e-02,5.000000000000000000e-01
5.975245486824884988e-01,3.137745978915937317e-02,5.000000000000000000e-01
5.975990749682040803e-01,3.049852877753295513e-02,5.000000000000000000e-01
5.976719946926432048e-01,2.962005366314831786e-02,5.000000000000000000e-01
5.977432555080968157e-01,2.874228546915362503e-02,5.000000000000000000e-01
5.978129859810634716e-01,2.786465967013537423e-02,5.000000000000000000e-01
5.978811439398679095e-01,2.698730747472399827e-02,5.000000000000000000e-01
5.979477067155427594e-01,2.611031428313496244e-02,5.000000000000000000e-01
5.980127642882682171e-01,2.523321530803396273e-02,5.000000000000000000e-01
5.980761459502448307e-01,2.435680453947237228e-02,5.000000000000000000e-01
5.981378137928088368e-01,2.348138107680221298e-02,5.000000000000000000e-01
5.981980270174029890e-01,2.260571419547029171e-02,5.000000000000000000e-01
5.982565463200487654e-01,2.173095143598317153e-02,5.000000000000000000e-01
5.983132919810725259e-01,2.085767992537639060e-02,5.000000000000000000e-01
5.983684374254862881e-01,1.998519249490918193e-02,5.000000000000000000e-01
5.984220476605794925e-01,1.911314671992870445e-02,5.000000000000000000e-01
5.984740883034902481e-01,1.824169588960230376e-02,5.000000000000000000e-01
5.985245083409149736e-01,1.737113952709731443e-02,5.000000000000000000e-01
5.985734279804895142e-01,1.650083117568644508e-02,5.000000000000000000e-01
5.986208458257478160e-01,1.563068106029833620e-02,5.000000000000000000e-01
5.986666839799863471e-01,1.476108420194758956e-02,5.000000000000000000e-01
5.987108500788520526e-01,1.389267214413771219e-02,5.000000000000000000e-01
5.987534418420390470e-01,1.302500238242071222e-02,5.000000000000000000e-01
5.987945814821002966e-01,1.215730789247501838e-02,5.000000000000000000e-01
5.988341368397711584e-01,1.129031819298163299e-02,5.000000000000000000e-01
5.988720985147739651e-01,1.042416792501021754e-02,5.000000000000000000e-01
5.989085987466281624e-01,9.558022622423124545e-03,5.000000000000000000e-01
5.989436515384722881e-01,8.691627310351014365e-03,5.000000000000000000e-01
5.989772126727274104e-01,7.825118514873092776e-03,5.000000000000000000e-01
5.990092804837126028e-01,6.958404953916893024e-03,5.000000000000000000e-01
5.990398652796180556e-01,6.091305149234177083e-03,5.000000000000000000e-01
5.990688810338595793e-01,5.224375639984039574e-03,5.000000000000000000e-01
5.990962216371240601e-01,4.358554138349681265e-03,5.000000000000000000e-01
5.991219848560055405e-01,3.493382263916350317e-03,5.000000000000000000e-01
5.991462392062996134e-01,2.628424952760707867e-03,5.000000000000000000e-01
5.991688818025616703e-01,1.764552463001237137e-03,5.000000000000000000e-01
5.991899994690511599e-01,9.012494361816583005e-04,5.000000000000000000e-01
5.992096917517144572e-01,3.765354658083648609e-05,5.000000000000000000e-01
5.992279085826826002e-01,-8.260214778958493292e-04,5.000000000000000000e-01
5.992446355535748781e-01,-1.689754439703877384e-03,5.000000000000000000e-01
5.992598270841775765e-01,-2.553164068235943066e-03,5.000000000000000000e-01
5.992734574575901974e-01,-3.415903144154238541e-03,5.000000000000000000e-01
5.992855139316527469e-01,-4.277627457649216258e-03,5.000000000000000000e-01
5.992960055092341198e-01,-5.138143035403571965e-03,5.000000000000000000e-01
5.993049618169843384e-01,-5.997462291588500152e-03,5.000000000000000000e-01
5.993123732304668216e-01,-6.855223449418161238e-03,5.000000000000000000e-01
5.993182892533259754e-01,-7.711670628301381739e-03,5.000000000000000000e-01
5.993226969337114296e-01,-8.566443429109017391e-03,5.000000000000000000e-01
5.993255800096675134e-01,-9.419023606935732901e-03,5.000000000000000000e-01
5.993270147177438556e-01,-1.026993435707519026e-02,5.000000000000000000e-01
5.993270658052347599e-01,-1.111991058782207248e-02,5.000000000000000000e-01
5.993257310706165963e-01,-1.196910419904351382e-02,5.000000000000000000e-01
5.993229721362269835e-01,-1.281714178234380497e-02,5.000000000000000000e-01
5.993187617883914964e-01,-1.366353023232022568e-02,5.000000000000000000e-01
5.993131052516491586e-01,-1.450803552266008087e-02,5.000000000000000000e-01
5.993060242953911487e-01,-1.535060828451808440e-02,5.000000000000000000e-01
5.992975248357317319e-01,-1.619097988631588991e-02,5.000000000000000000e-01
5.992876034864322854e-01,-1.702857984329962659e-02,5.000000000000000000e-01
5.992762888195498627e-01,-1.786322368334950991e-02,5.000000000000000000e-01
5.992636600565279803e-01,-1.869580062519634461e-02,5.000000000000000000e-01
5.992497166333061731e-01,-1.952622270855906492e-02,5.000000000000000000e-01
5.992344484435891960e-01,-2.035407951012437738e-02,5.000000000000000000e-01
5.992178767224560776e-01,-2.117939940227630755e-02,5.000000000000000000e-01
5.992000139095922107e-01,-2.200205669485266746e-02,5.000000000000000000e-01
5.991808474358465419e-01,-2.282112688942559975e-02,5.000000000000000000e-01
5.991604213823995551e-01,-2.363667123124589889e-02,5.000000000000000000e-01
5.991387856220118380e-01,-2.444923348298376833e-02,5.000000000000000000e-01
5.991159307292126535e-01,-2.525798873457752586e-02,5.000000000000000000e-01
5.990918933114757206e-01,-2.606301615575946917e-02,5.000000000000000000e-01
5.990666981241166145e-01,-2.686414541458945898e-02,5.000000000000000000e-01
5.990403691041832346e-01,-2.766119424902560575e-02,5.000000000000000000e-01
5.990129499839533800e-01,-2.845497320415517339e-02,5.000000000000000000e-01
5.989844415924653331e-01,-2.924521481658308789e-02,5.000000000000000000e-01
5.989548570421497908e-01,-3.003183766407790944e-02,5.000000000000000000e-01
5.989242115995505600e-01,-3.081460905823708851e-02,5.000000000000000000e-01
5.988925208827999835e-01,-3.159254923802976706e-02,5.000000000000000000e-01
5.988598277623952137e-01,-3.236515508986698847e-02,5.000000000000000000e-01
5.988261817573987678e-01,-3.313223094426264587e-02,5.000000000000000000e-01
5.987916284421305191e-01,-3.389361171633122755e-02,5.000000000000000000e-01
5.987562095274667762e-01,-3.464942197289757470e-02,5.000000000000000000e-01
5.987199574498135446e-01,-3.539976361394750470e-02,5.000000000000000000e-01
5.986828969606281525e-01,-3.614491408441477399e-02,5.000000000000000000e-01
5.986450462747625600e-01,-3.688496719314972999e-02,5.000000000000000000e-01
5.986064294751496373e-01,-3.761931894915193642e-02,5.000000000000000000e-01
5.985670747169713479e-01,-3.834822490107907961e-02,5.000000000000000000e-01
5.985269903759097287e-01,-3.907264162428807086e-02,5.000000000000000000e-01
5.984861847827951387e-01,-3.979221090659196269e-02,5.000000000000000000e-01
5.984446797747657865e-01,-4.050656283782227279e-02,5.000000000000000000e-01
5.984024827519109913e-01,-4.121647851424200398e-02,5.000000000000000000e-01
5.983595992713091061e-01,-4.192202026338857912e-02,5.000000000000000000e-01
5.983160419804915975e-01,-4.262305128354568901e-02,5.000000000000000000e-01
5.982718269866652561e-01,-4.331955507704073061e-02,5.000000000000000000e-01
5.982269793993636453e-01,-4.401125684743323330e-02,5.000000000000000000e-01
5.981814700582397393e-01,-4.469972136071049401e-02,5.000000000000000000e-01
5.981352608602117371e-01,-4.538579399385783697e-02,5.000000000000000000e-01
5.980883639112035688e-01,-4.606864149479970166e-02,5.000000000000000000e-01
5.980407761385929666e-01,-4.674857291445157215e-02,5.000000000000000000e-01
5.979924925885743425e-01,-4.742583467682974507e-02,5.000000000000000000e-01
5.979435093129739087e-01,-4.810059197331204017e-02,5.000000000000000000e-01
5.978938340941696294e-01,-4.877275756108326310e-02,5.000000000000000000e-01
5.978435008709892529e-01,-4.944178821064999785e-02,5.000000000000000000e-01
5.977925160884902667e-01,-5.010794633023758771e-02,5.000000000000000000e-01
5.977408914404367390e-01,-5.077125993047586217e-02,5.000000000000000000e-01
5.976886500235643052e-01,-5.143151252585194400e-02,5.000000000000000000e-01
5.976357696439785760e-01,-5.208939678641713589e-02,5.000000000000000000e-01
5.975822315935626072e-01,-5.274528899304277429e-02,5.000000000000000000e-01
5.975280180174447064e-01,-5.339947665789596121e-02,5.000000000000000000e-01
5.974731292230222035e-01,-5.405193370127901048e-02,5.000000000000000000e-01
5.974175696318176909e-01,-5.470263104325273629e-02,5.000000000000000000e-01
5.973613356392443174e-01,-5.535171539156796133e-02,5.000000000000000000e-01
5.973044250296892788e-01,-5.599928220418334823e-02,5.000000000000000000e-01
5.972468133072774688e-01,-5.664575214761345678e-02,5.000000000000000000e-01
5.971885222108035407e-01,-5.729080675494342689e-02,5.000000000000000000e-01
5.971295816934532041e-01,-5.793412512011415771e-02,5.000000000000000000e-01
5.970699783540756034e-01,-5.857604762831601641e-02,5.000000000000000000e-01
5.970097130363001270e-01,-5.921663067532757785e-02,5.000000000000000000e-01
5.969487670830309067e-01,-5.985617246493735166e-02,5.000000000000000000e-01
5.968871464808260807e-01,-6.049461979425528602e-02,5.000000000000000000e-01
5.968249105818779210e-01,-6.113129188293167648e-02,5.000000000000000000e-01
5.967620691640900255e-01,-6.176624119278952690e-02,5.000000000000000000e-01
5.966985997661526930e-01,-6.239985317266021070e-02,5.000000000000000000e-01
5.966345025468802188e-01,-6.303217069272123996e-02,5.000000000000000000e-01
5.965697750513809794e-01,-6.366326743716393954e-02,5.000000000000000000e-01
5.965043987135523196e-01,-6.429339535464789757e-02,5.000000000000000000e-01
5.964383844603127205e-01,-6.492245453975367675e-02,5.000000000000000000e-01
5.963717580267364760e-01,-6.555022022554113370e-02,5.000000000000000000e-01
5.963045332346900151e-01,-6.617662644486843604e-02,5.000000000000000000e-01
5.962366995184344987e-01,-6.680185738212648938e-02,5.000000000000000000e-01
5.961682585428673686e-01,-6.742594183676517416e-02,5.000000000000000000e-01
5.960991996204567656e-01,-6.804902940244859921e-02,5.000000000000000000e-01
5.960294917450874586e-01,-6.867145348133749105e-02,5.000000000000000000e-01
5.959591396633604488e-01,-6.929317354805265838e-02,5.000000000000000000e-01
5.958881517304279729e-01,-6.991413530332293846e-02,5.000000000000000000e-01
5.958165210518457933e-01,-7.053443872294459793e-02,5.000000000000000000e-01
5.957442724386046162e-01,-7.115388454102886118e-02,5.000000000000000000e-01
5.956714240853568931e-01,-7.177235503913531600e-02,5.000000000000000000e-01
5.955979794601029553e-01,-7.238987013024417161e-02,5.000000000000000000e-01
5.955239393084169608e-01,-7.300646343332768684e-02,5.000000000000000000e-01
5.954493098433049081e-01,-7.362211856446862490e-02,5.000000000000000000e-01
5.953741035462898346e-01,-7.423676595148227808e-02,5.000000000000000000e-01
5.952983066168417992e-01,-7.485056159655180397e-02,5.000000000000000000e-01
5.952219182795832619e-01,-7.546354017383455348e-02,5.000000000000000000e-01
5.951449469603095066e-01,-7.607566186934026919e-02,5.000000000000000000e-01
5.950674277054341932e-01,-7.668667911224630318e-02,5.000000000000000000e-01
5.949894089920149121e-01,-7.729625176821078303e-02,5.000000000000000000e-01
5.949109239876880784e-01,-7.790417544165781361e-02,5.000000000000000000e-01
5.948320134977518325e-01,-7.851019016310713250e-02,5.000000000000000000e-01
5.947527252508898465e-01,-7.911399185687886804e-02,5.000000000000000000e-01
5.946730960750106210e-01,-7.971536829211026132e-02,5.000000000000000000e-01
5.945931505628034852e-01,-8.031420420022583606e-02,5.000000000000000000e-01
5.945129134138442684e-01,-8.091038516283582949e-02,5.000000000000000000e-01
5.944324043602093877e-01,-8.150383618630827054e-02,5.000000000000000000e-01
5.943516305660170307e-01,-8.209457436914827100e-02,5.000000000000000000e-01
5.942705934123186928e-01,-8.268265792342624487e-02,5.000000000000000000e-01
5.941893088620389118e-01,-8.326804026531937908e-02,5.000000000000000000e-01
5.941078057188371453e-01,-8.385058474317305666e-02,5.000000000000000000e-01
5.940260979158538124e-01,-8.443025881786182796e-02,5.000000000000000000e-01
5.939441796728179845e-01,-8.500716860327327262e-02,5.000000000000000000e-01
5.938620444292435074e-01,-8.558142553325279178e-02,5.000000000000000000e-01
5.937796912089503554e-01,-8.615309947525023881e-02,5.000000000000000000e-01
5.936971397848114229e-01,-8.672211976517935073e-02,5.000000000000000000e-01
5.936144331082000569e-01,-8.728825737597348255e-02,5.000000000000000000e-01
5.935316035420514780e-01,-8.785135028042473371e-02,5.000000000000000000e-01
5.934486529212560368e-01,-8.841144730725053469e-02,5.000000000000000000e-01
5.933655759992804146e-01,-8.896865179252373690e-02,5.000000000000000000e-01
5.932823827001059147e-01,-8.952296232907377971e-02,5.000000000000000000e-01
5.931990967110596369e-01,-9.007428595628043377e-02,5.000000000000000000e-01
5.931157507650620664e-01,-9.062246926785072487e-02,5.000000000000000000e-01
5.930323705746327612e-01,-9.116740304188844513e-02,5.000000000000000000e-01
5.929489630921347398e-01,-9.170910887641020581e-02,5.000000000000000000e-01
5.928655472636406021e-01,-9.224753441048888503e-02,5.000000000000000000e-01
5.927821727193256507e-01,-9.278242432094771508e-02,5.000000000000000000e-01
5.926988876600791656e-01,-9.331353712507389764e-02,5.000000000000000000e-01
5.926157321527162347e-01,-9.384068605835391153e-02,5.000000000000000000e-01
5.925327266858653186e-01,-9.436381139654678729e-02,5.000000000000000000e-01
5.924498628926831989e-01,-9.488304330231571437e-02,5.000000000000000000e-01
5.923671699872032903e-01,-9.539826929869944794e-02,5.000000000000000000e-01
5.922846848319615054e-01,-9.590933000715262668e-02,5.000000000000000000e-01
5.922024311937696961e-01,-9.641615156086752458e-02,5.000000000000000000e-01
5.921204567956217524e-01,-9.691850948826341572e-02,5.000000000000000000e-01
5.920387613840909502e-01,-9.741648024810660444e-02,5.000000000000000000e-01
5.919573468862049381e-01,-9.791012494994888460e-02,5.000000000000000000e-01
5.918762467916702796e-01,-9.839930919643408158e-02,5.000000000000000000e-01
5.917954700626920639e-01,-9.888404817681098469e-02,5.000000000000000000e-01
5.917149860595343203e-01,-9.936459426648841520e-02,5.000000000000000000e-01
5.916347566153110638e-01,-9.984123918768732231e-02,5.000000000000000000e-01
5.915547557360321118e-01,-1.003141961850700925e-01,5.000000000000000000e-01
5.914749951631417257e-01,-1.007834504719529872e-01,5.000000000000000000e-01
5.913954930332241400e-01,-1.012489492372084937e-01,5.000000000000000000e-01
5.913162336811810249e-01,-1.017108377377029249e-01,5.000000000000000000e-01
5.912372199832669484e-01,-1.021691501138774633e-01,5.000000000000000000e-01
5.911584582295066337e-01,-1.026238995233459683e-01,5.000000000000000000e-01
5.910799895018713501e-01,-1.030748976510396375e-01,5.000000000000000000e-01
5.910017691938180828e-01,-1.035224500994789409e-01,5.000000000000000000e-01
5.909237445074533301e-01,-1.039669037177697042e-01,5.000000000000000000e-01
5.908459595533832598e-01,-1.044080486910882871e-01,5.000000000000000000e-01
5.907684805944439788e-01,-1.048455528004585274e-01,5.000000000000000000e-01
5.906913563515319154e-01,-1.052791870153932108e-01,5.000000000000000000e-01
5.906145491551697546e-01,-1.057092097084119525e-01,5.000000000000000000e-01
5.905379831692946224e-01,-1.061360884007148953e-01,5.000000000000000000e-01
5.904617011295645312e-01,-1.065596228458204897e-01,5.000000000000000000e-01
5.903857578947944162e-01,-1.069795471846624602e-01,5.000000000000000000e-01
5.903100933908087544e-01,-1.073962342117918550e-01,5.000000000000000000e-01
5.902346650124025151e-01,-1.078099554250318143e-01,5.000000000000000000e-01
5.901595034153137576e-01,-1.082205758876966795e-01,5.000000000000000000e-01
5.900846290444765607e-01,-1.086280177225707744e-01,5.000000000000000000e-01
5.900100685117095622e-01,-1.090321692700337575e-01,5.000000000000000000e-01
5.899358246649221149e-01,-1.094330485150889348e-01,5.000000000000000000e-01
5.898618657704467472e-01,-1.098308604855629950e-01,5.000000000000000000e-01
5.897881814084521279e-01,-1.102256920489631115e-01,5.000000000000000000e-01
5.897147590900603253e-01,-1.106176400678844929e-01,5.000000000000000000e-01
5.896416010014104980e-01,-1.110067209798845655e-01,5.000000000000000000e-01
5.895687402564758761e-01,-1.113927832974551113e-01,5.000000000000000000e-01
5.894961942848481184e-01,-1.117757593226552937e-01,5.000000000000000000e-01
5.894239200170370285e-01,-1.121559055525216120e-01,5.000000000000000000e-01
5.893518881068473547e-01,-1.125334030289865950e-01,5.000000000000000000e-01
5.892800386545077318e-01,-1.129085965687297854e-01,5.000000000000000000e-01
5.892083885893919515e-01,-1.132814198753545332e-01,5.000000000000000000e-01
5.891370579772023941e-01,-1.136512550088039225e-01,5.000000000000000000e-01
5.890660821334898767e-01,-1.140179349597226777e-01,5.000000000000000000e-01
5.889954529147660711e-01,-1.143815214878634162e-01,5.000000000000000000e-01
5.889251186242523417e-01,-1.147423057580184702e-01,5.000000000000000000e-01
5.888549848314517110e-01,-1.151008057395723760e-01,5.000000000000000000e-01
5.887850480161677114e-01,-1.154570565939391225e-01,5.000000000000000000e-01
5.887153280189777460e-01,-1.158109690413998832e-01,5.000000000000000000e-01
5.886457716263993056e-01,-1.161628421703541081e-01,5.000000000000000000e-01
5.885764364481793631e-01,-1.165123876555278215e-01,5.000000000000000000e-01
5.885073136847306374e-01,-1.168596688810981665e-01,5.000000000000000000e-01
5.884384052108454499e-01,-1.172046926309231463e-01,5.000000000000000000e-01
5.883697244872917453e-01,-1.175474053771895788e-01,5.000000000000000000e-01
5.883012173368431519e-01,-1.178881131724022480e-01,5.000000000000000000e-01
5.882329428022915474e-01,-1.182265258808287700e-01,5.000000000000000000e-01
5.881649131045116885e-01,-1.185626004908863079e-01,5.000000000000000000e-01
5.880971218639972076e-01,-1.188963949081687788e-01,5.000000000000000000e-01
5.880296185628861583e-01,-1.192276724326037929e-01,5.000000000000000000e-01
5.879625015098659535e-01,-1.195559353943491387e-01,5.000000000000000000e-01
5.878958244080200179e-01,-1.198809148988203011e-01,5.000000000000000000e-01
5.878296359220129830e-01,-1.202023622810839409e-01,5.000000000000000000e-01
5.877637370835526731e-01,-1.205213410101208527e-01,5.000000000000000000e-01
5.876980723317233313e-01,-1.208381682632860415e-01,5.000000000000000000e-01
5.876327432273769080e-01,-1.211523317800641819e-01,5.000000000000000000e-01
5.875677639510294981e-01,-1.214637778715783600e-01,5.000000000000000000e-01
5.875031671836687952e-01,-1.217723538930780419e-01,5.000000000000000000e-01
5.874390296721944127e-01,-1.220776682175679084e-01,5.000000000000000000e-01
5.873753777939384468e-01,-1.223795890394394348e-01,5.000000000000000000e-01
5.873121936192458037e-01,-1.226782155450664435e-01,5.000000000000000000e-01
5.872494860071759692e-01,-1.229735016828635008e-01,5.000000000000000000e-01
5.871871865940725410e-01,-1.232658116508317248e-01,5.000000000000000000e-01
5.871252446375996303e-01,-1.235554206420215462e-01,5.000000000000000000e-01
5.870636761782703772e-01,-1.238422490079394978e-01,5.000000000000000000e-01
5.870025270735471645e-01,-1.241260515447360629e-01,5.000000000000000000e-01
5.869418363448940523e-01,-1.244066097019771722e-01,5.000000000000000000e-01
5.868814002696215448e-01,-1.246850131113724364e-01,5.000000000000000000e-01
5.868211722727738611e-01,-1.249615260735231492e-01,5.000000000000000000e-01
5.867612885138026035e-01,-1.252354274094792386e-01,5.000000000000000000e-01
5.867017605293940452e-01,-1.255066534508788578e-01,5.000000000000000000e-01
5.866426231476709052e-01,-1.257750092848741175e-01,5.000000000000000000e-01
5.865838045789919519e-01,-1.260408761738537053e-01,5.000000000000000000e-01
5.865252768839215314e-01,-1.263044044761497120e-01,5.000000000000000000e-01
5.864669034455126662e-01,-1.265663511744440917e-01,5.000000000000000000e-01
5.864086583912921924e-01,-1.268268880298623058e-01,5.000000000000000000e-01
5.863506987849714802e-01,-1.270851817138529405e-01,5.000000000000000000e-01
5.862930718406229591e-01,-1.273409837848317183e-01,5.000000000000000000e-01
5.862358381697906351e-01,-1.275939616729758475e-01,5.000000000000000000e-01
5.861789352405087916e-01,-1.278444611758353666e-01,5.000000000000000000e-01
5.861223325844850951e-01,-1.280926592321941504e-01,5.000000000000000000e-01
5.860661152055856027e-01,-1.283380887655026503e-01,5.000000000000000000e-01
5.860102483754381364e-01,-1.285809420015606441e-01,5.000000000000000000e-01
5.859546636332408909e-01,-1.288216110860714025e-01,5.000000000000000000e-01
5.858993331643389535e-01,-1.290602736523670524e-01,5.000000000000000000e-01
5.858444191976713844e-01,-1.292960267344454017e-01,5.000000000000000000e-01
5.857899986340320275e-01,-1.295284198861910707e-01,5.000000000000000000e-01
5.857359409515268123e-01,-1.297581777653347701e-01,5.000000000000000000e-01
5.856821684810589179e-01,-1.299857493402808983e-01,5.000000000000000000e-01
5.856286487956366971e-01,-1.302113421768853196e-01,5.000000000000000000e-01
5.855753573877965357e-01,-1.304351308805221099e-01,5.000000000000000000e-01
5.855223398458715423e-01,-1.306568902992751580e-01,5.000000000000000000e-01
5.854696990428140957e-01,-1.308760503372268236e-01,5.000000000000000000e-01
5.854175227328808351e-01,-1.310921042231041889e-01,5.000000000000000000e-01
5.853658535782266803e-01,-1.313047876762834520e-01,5.000000000000000000e-01
5.853146799986314042e-01,-1.315141442013981754e-01,5.000000000000000000e-01
5.852638354765931084e-01,-1.317211509903604139e-01,5.000000000000000000e-01
5.852132255586812715e-01,-1.319263987379595271e-01,5.000000000000000000e-01
5.851630347814494870e-01,-1.321288154000235249e-01,5.000000000000000000e-01
5.851133047104684071e-01,-1.323281479839175379e-01,5.000000000000000000e-01
5.850640419338692944e-01,-1.325243411511886349e-01,5.000000000000000000e-01
5.850151631429296728e-01,-1.327178930099005560e-01,5.000000000000000000e-01
5.849666371589037350e-01,-1.329090012974060431e-01,5.000000000000000000e-01
5.849184845605527316e-01,-1.330975558290990457e-01,5.000000000000000000e-01
5.848706460680170860e-01,-1.332839407681595256e-01,5.000000000000000000e-01
5.848231996462139870e-01,-1.334676979049192469e-01,5.000000000000000000e-01
5.847762212193516884e-01,-1.336483529333685194e-01,5.000000000000000000e-01
5.847297293547289998e-01,-1.338257712405463984e-01,5.000000000000000000e-01
5.846836491695552862e-01,-1.340004076741307393e-01,5.000000000000000000e-01
5.846378501419446927e-01,-1.341731097379857962e-01,5.000000000000000000e-01
5.845923521788002342e-01,-1.343437924485955115e-01,5.000000000000000000e-01
5.845473604595760042e-01,-1.345111517768712295e-01,5.000000000000000000e-01
5.845027694355484638e-01,-1.346758565648319972e-01,5.000000000000000000e-01
5.844584694336146802e-01,-1.348386473144132514e-01,5.000000000000000000e-01
5.844145432177703103e-01,-1.349990208550424786e-01,5.000000000000000000e-01
5.843711278983041435e-01,-1.351560746052488937e-01,5.000000000000000000e-01
5.843282372804972091e-01,-1.353096808023599440e-01,5.000000000000000000e-01
5.842857745284567583e-01,-1.354604604270298607e-01,5.000000000000000000e-01
5.842437561165298998e-01,-1.356082866871984316e-01,5.000000000000000000e-01
5.842021668494683517e-01,-1.357532470872446773e-01,5.000000000000000000e-01
5.841608485803138073e-01,-1.358964361961829126e-01,5.000000000000000000e-01
5.841199569624552224e-01,-1.360368043256338366e-01,5.000000000000000000e-01
5.840795240040961289e-01,-1.361741089650407577e-01,5.000000000000000000e-01
5.840394584780701503e-01,-1.363089722297682882e-01,5.000000000000000000e-01
5.839998430995075873e-01,-1.364407966956411866e-01,5.000000000000000000e-01
5.839605489554045015e-01,-1.365704926711461820e-01,5.000000000000000000e-01
5.839215555144047221e-01,-1.366982333284242068e-01,5.000000000000000000e-01
5.838830610984303560e-01,-1.368225753673801837e-01,5.000000000000000000e-01
5.838450212221494295e-01,-1.369437815258439939e-01,5.000000000000000000e-01
5.838072764933499581e-01,-1.370630085755307759e-01,5.000000000000000000e-01
5.837697183010930324e-01,-1.371811187704597701e-01,5.000000000000000000e-01
5.837325375272057748e-01,-1.372967260822695879e-01,5.000000000000000000e-01
5.836959424039896982e-01,-1.374081878101412468e-01,5.000000000000000000e-01
5.836598583287679887e-01,-1.375159455350501436e-01,5.000000000000000000e-01
5.836241401780186688e-01,-1.376210317403714634e-01,5.000000000000000000e-01
5.835888086392739815e-01,-1.377232261105899580e-01,5.000000000000000000e-01
5.835539251802428495e-01,-1.378219473755862845e-01,5.000000000000000000e-01
5.835194694218315270e-01,-1.379172251266694016e-01,5.000000000000000000e-01
5.834853480736329479e-01,-1.380096907896438130e-01,5.000000000000000000e-01
5.834514753588486702e-01,-1.380999667276916754e-01,5.000000000000000000e-01
5.834176936910269173e-01,-1.381893539219248290e-01,5.000000000000000000e-01
5.833839745862480219e-01,-1.382781647559169491e-01,5.000000000000000000e-01
5.833505423476599283e-01,-1.383645301318112697e-01,5.000000000000000000e-01
5.833173451090024608e-01,-1.384488426273367823e-01,5.000000000000000000e-01
5.832842250190606315e-01,-1.385324843956913521e-01,5.000000000000000000e-01
5.832513597496202795e-01,-1.386139278516256568e-01,5.000000000000000000e-01
5.832188718310113984e-01,-1.386919880091748158e-01,5.000000000000000000e-01
5.831866460269838903e-01,-1.387675626773292037e-01,5.000000000000000000e-01
5.831546808655825309e-01,-1.388405607104713502e-01,5.000000000000000000e-01
5.831229269939637305e-01,-1.389113409763028106e-01,5.000000000000000000e-01
5.830913222019620257e-01,-1.389804179428975051e-01,5.000000000000000000e-01
5.830599494303164709e-01,-1.390469277627207068e-01,5.000000000000000000e-01
5.830287374503033693e-01,-1.391114482383442319e-01,5.000000000000000000e-01
5.829976045865430390e-01,-1.391747309432836144e-01,5.000000000000000000e-01
5.829665651586748432e-01,-1.392366260889747742e-01,5.000000000000000000e-01
5.829356163258699874e-01,-1.392971463403820387e-01,5.000000000000000000e-01
5.829047809108309774e-01,-1.393560269257386464e-01,5.000000000000000000e-01
5.828740703672066203e-01,-1.394130925902301865e-01,5.000000000000000000e-01
5.828434143165617254e-01,-1.394690520379150422e-01,5.000000000000000000e-01
5.828128492629178758e-01,-1.395234992815249653e-01,5.000000000000000000e-01
5.827824063081655792e-01,-1.395760364945980159e-01,5.000000000000000000e-01
5.827520313660544682e-01,-1.396272006199514859e-01,5.000000000000000000e-01
5.827216978794214075e-01,-1.396772828615185091e-01,5.000000000000000000e-01
5.826914468704137429e-01,-1.397257879799480018e-01,5.000000000000000000e-01
5.826613147809052151e-01,-1.397722036156688330e-01,5.000000000000000000e-01
5.826312098008250562e-01,-1.398175598742639747e-01,5.000000000000000000e-01
5.826010839231809957e-01,-1.398624894497512150e-01,5.000000000000000000e-01
5.825710121785849793e-01,-1.399060999486501089e-01,5.000000000000000000e-01
5.825410279012595005e-01,-1.399479166784842743e-01,5.000000000000000000e-01
5.825110247907803185e-01,-1.399893145957362139e-01,5.000000000000000000e-01
5.824809600659792697e-01,-1.400310214438247325e-01,5.000000000000000000e-01
5.824508690860319415e-01,-1.400727791479080830e-01,5.000000000000000000e-01
5.824208581003651464e-01,-1.401132284743801804e-01,5.000000000000000000e-01
5.823910019412332773e-01,-1.401512335118123009e-01,5.000000000000000000e-01
5.823612817158456689e-01,-1.401868770386800744e-01,5.000000000000000000e-01
5.823316266613840497e-01,-1.402210889921903236e-01,5.000000000000000000e-01
5.823020138041211657e-01,-1.402541913847258903e-01,5.000000000000000000e-01
5.822724826426028955e-01,-1.402855322583586861e-01,5.000000000000000000e-01
5.822430283645445570e-01,-1.403150654375948658e-01,5.000000000000000000e-01
5.822136838384304180e-01,-1.403420540881089862e-01,5.000000000000000000e-01
5.821844113511864816e-01,-1.403668740662653847e-01,5.000000000000000000e-01
5.821551009499150720e-01,-1.403913638828584443e-01,5.000000000000000000e-01
5.821257402957342730e-01,-1.404159081058752867e-01,5.000000000000000000e-01
5.820964084919864057e-01,-1.404391493469372976e-01,5.000000000000000000e-01
5.820670662399896056e-01,-1.404618581081121531e-01,5.000000000000000000e-01
5.820377198954460596e-01,-1.404840085516010362e-01,5.000000000000000000e-01
5.820084853435523176e-01,-1.405030953960412499e-01,5.000000000000000000e-01
5.819793405214629400e-01,-1.405190704106366872e-01,5.000000000000000000e-01
5.819502157534963693e-01,-1.405329912896580435e-01,5.000000000000000000e-01
5.819210714337974544e-01,-1.405455031503126395e-01,5.000000000000000000e-01
5.818918735366029882e-01,-1.405573099615526900e-01,5.000000000000000000e-01
5.818626502832544567e-01,-1.405676215702372500e-01,5.000000000000000000e-01
5.818333984849335394e-01,-1.405762655007830042e-01,5.000000000000000000e-01
5.818040861410721520e-01,-1.405838746854129462e-01,5.000000000000000000e-01
5.817747160271341533e-01,-1.405902045221643359e-01,5.000000000000000000e-01
5.817452865123082795e-01,-1.405950413892265993e-01,5.000000000000000000e-01
5.817157677966726670e-01,-1.405991171578374610e-01,5.000000000000000000e-01
5.816861403782697115e-01,-1.406031433038102685e-01,5.000000000000000000e-01
5.816564155679035952e-01,-1.406069238320292181e-01,5.000000000000000000e-01
5.816266162453060939e-01,-1.406095861003183733e-01,5.000000000000000000e-01
5.815967411050511071e-01,-1.406109036121226397e-01,5.000000000000000000e-01
5.815667682707915676e-01,-1.406116174789548978e-01,5.000000000000000000e-01
5.815366989871723069e-01,-1.406116358441118486e-01,5.000000000000000000e-01
5.815065300459472120e-01,-1.406111267138696053e-01,5.000000000000000000e-01
5.814762698206874525e-01,-1.406094089896674226e-01,5.000000000000000000e-01
5.814459220655472382e-01,-1.406053893061582349e-01,5.000000000000000000e-01
5.814154577656114320e-01,-1.405999065013210925e-01,5.000000000000000000e-01
5.813848614289225392e-01,-1.405934318791016435e-01,5.000000000000000000e-01
5.813541275759763760e-01,-1.405856263623054270e-01,5.000000000000000000e-01
5.813232446211756832e-01,-1.405765407894571106e-01,5.000000000000000000e-01
5.812922006550440557e-01,-1.405664896138184017e-01,5.000000000000000000e-01
5.812609884636963375e-01,-1.405558821103682909e-01,5.000000000000000000e-01
5.812296049605920611e-01,-1.405447659448912090e-01,5.000000000000000000e-01
5.811980497512012622e-01,-1.405334396800048680e-01,5.000000000000000000e-01
5.811663293209223813e-01,-1.405226886513866180e-01,5.000000000000000000e-01
5.811344503176936183e-01,-1.405119039914669576e-01,5.000000000000000000e-01
5.811024144338564623e-01,-1.405008020381167677e-01,5.000000000000000000e-01
5.810702269909688855e-01,-1.404897275168108250e-01,5.000000000000000000e-01
5.810378955367602183e-01,-1.404788182394471896e-01,5.000000000000000000e-01
5.810054197586289604e-01,-1.404675812104227428e-01,5.000000000000000000e-01
5.809727841977502250e-01,-1.404550657594586804e-01,5.000000000000000000e-01
5.809399746065941894e-01,-1.404410915009917937e-01,5.000000000000000000e-01
5.809069862098650283e-01,-1.404260881535674410e-01,5.000000000000000000e-01
5.808738012996453870e-01,-1.404096888773823659e-01,5.000000000000000000e-01
5.808404156500017734e-01,-1.403922799272094291e-01,5.000000000000000000e-01
5.808068675119969493e-01,-1.403756335953530165e-01,5.000000000000000000e-01
5.807731850264863382e-01,-1.403602746435279602e-01,5.000000000000000000e-01
5.807393554712734218e-01,-1.403451231462722326e-01,5.000000000000000000e-01
5.807053922377500843e-01,-1.403303554266462916e-01,5.000000000000000000e-01
5.806713114457843217e-01,-1.403161714398157012e-01,5.000000000000000000e-01
5.806371068552552694e-01,-1.403020358579606663e-01,5.000000000000000000e-01
5.806027776003016561e-01,-1.402877752978234360e-01,5.000000000000000000e-01
5.805683068430886884e-01,-1.402728657104578835e-01,5.000000000000000000e-01
5.805336920961576830e-01,-1.402573241499480428e-01,5.000000000000000000e-01
5.804989161035540857e-01,-1.402408323982012039e-01,5.000000000000000000e-01
5.804639537707702024e-01,-1.402230122764460130e-01,5.000000000000000000e-01
5.804287973656339084e-01,-1.402039914978815971e-01,5.000000000000000000e-01
5.803934144381384108e-01,-1.401833799423890525e-01,5.000000000000000000e-01
5.803578095603540987e-01,-1.401616344197131603e-01,5.000000000000000000e-01
5.803220376640817468e-01,-1.401400703229617184e-01,5.000000000000000000e-01
5.802861180724392387e-01,-1.401189792425848735e-01,5.000000000000000000e-01
5.802500592492899623e-01,-1.400983841927940787e-01,5.000000000000000000e-01
5.802139161952944990e-01,-1.400790862084350386e-01,5.000000000000000000e-01
5.801776804747049709e-01,-1.400606411151548436e-01,5.000000000000000000e-01
5.801412630003475179e-01,-1.400413774658221533e-01,5.000000000000000000e-01
5.801046634681756853e-01,-1.400214346504013996e-01,5.000000000000000000e-01
5.800679690447249071e-01,-1.400022540247826963e-01,5.000000000000000000e-01
5.800312358857551143e-01,-1.399845039163938598e-01,5.000000000000000000e-01
5.799944240794392414e-01,-1.399672876992378301e-01,5.000000000000000000e-01
5.799575342155548485e-01,-1.399504765120838656e-01,5.000000000000000000e-01
5.799205996370859761e-01,-1.399344140832469718e-01,5.000000000000000000e-01
5.798835983270209660e-01,-1.399186325957428312e-01,5.000000000000000000e-01
5.798464326219752163e-01,-1.399017511645965495e-01,5.000000000000000000e-01
5.798091717431970160e-01,-1.398848163390069288e-01,5.000000000000000000e-01
5.797718450612558971e-01,-1.398681958464484398e-01,5.000000000000000000e-01
5.797343495082560860e-01,-1.398505336744580718e-01,5.000000000000000000e-01
5.796966688682263502e-01,-1.398317976445067889e-01,5.000000000000000000e-01
5.796587551754650569e-01,-1.398115987374995706e-01,5.000000000000000000e-01
5.796205929003934720e-01,-1.397900069885357754e-01,5.000000000000000000e-01
5.795822545094289069e-01,-1.397680998222046167e-01,5.000000000000000000e-01
5.795437977826538578e-01,-1.397466105510204726e-01,5.000000000000000000e-01
5.795051631522331048e-01,-1.397248671103439588e-01,5.000000000000000000e-01
5.794662113168747020e-01,-1.397014611834850872e-01,5.000000000000000000e-01
5.794270682672759687e-01,-1.396780192572505963e-01,5.000000000000000000e-01
5.793878979504879512e-01,-1.396563168657010967e-01,5.000000000000000000e-01
5.793485720509718995e-01,-1.396348508798875010e-01,5.000000000000000000e-01
5.793090371612149569e-01,-1.396131093154641678e-01,5.000000000000000000e-01
5.792692639122294374e-01,-1.395909117272169375e-01,5.000000000000000000e-01
5.792292451471763304e-01,-1.395683185644827073e-01,5.000000000000000000e-01
5.791890214034252082e-01,-1.395458499788635731e-01,5.000000000000000000e-01
5.791485868704024931e-01,-1.395235119208225183e-01,5.000000000000000000e-01
5.791079274781764097e-01,-1.395012429591832581e-01,5.000000000000000000e-01
5.790670618899855793e-01,-1.394792846518057849e-01,5.000000000000000000e-01
5.790260488241295578e-01,-1.394582069825059389e-01,5.000000000000000000e-01
5.789848834112043541e-01,-1.394379343766517509e-01,5.000000000000000000e-01
5.789436385894402015e-01,-1.394190693142684789e-01,5.000000000000000000e-01
5.789022417832975220e-01,-1.394008967194818871e-01,5.000000000000000000e-01
5.788605095559776759e-01,-1.393818626084666890e-01,5.000000000000000000e-01
5.788183511421736149e-01,-1.393614212624643134e-01,5.000000000000000000e-01
5.787757399586939133e-01,-1.393396364726753045e-01,5.000000000000000000e-01
5.787327731083435900e-01,-1.393175788692491701e-01,5.000000000000000000e-01
5.786895438197818820e-01,-1.392961447909795980e-01,5.000000000000000000e-01
5.786461099971984545e-01,-1.392758355738795140e-01,5.000000000000000000e-01
5.786025305744659786e-01,-1.392570847881924867e-01,5.000000000000000000e-01
5.785587311003355104e-01,-1.392392586163885837e-01,5.000000000000000000e-01
5.785147685409973706e-01,-1.392227745776971337e-01,5.000000000000000000e-01
5.784707535091937469e-01,-1.392084086452137492e-01,5.000000000000000000e-01
5.784264401893941532e-01,-1.391942070948254395e-01,5.000000000000000000e-01
5.783817519594544043e-01,-1.391797018253475571e-01,5.000000000000000000e-01
5.783367798559804207e-01,-1.391656939772291657e-01,5.000000000000000000e-01
5.782915080930499663e-01,-1.391521334257991571e-01,5.000000000000000000e-01
5.782458964259211687e-01,-1.391388054743224190e-01,5.000000000000000000e-01
5.781998797141012503e-01,-1.391253673649270051e-01,5.000000000000000000e-01
5.781535026214659201e-01,-1.391122647310630012e-01,5.000000000000000000e-01
5.781067952136917931e-01,-1.390998100143316929e-01,5.000000000000000000e-01
5.780597276950695251e-01,-1.390878651336684424e-01,5.000000000000000000e-01
5.780124697527437849e-01,-1.390776346379335449e-01,5.000000000000000000e-01
5.779649433370113165e-01,-1.390685555801784712e-01,5.000000000000000000e-01
5.779169653548894559e-01,-1.390594615364852960e-01,5.000000000000000000e-01
5.778685220619452778e-01,-1.390504198430138616e-01,5.000000000000000000e-01
5.778197882299025423e-01,-1.390426821780342270e-01,5.000000000000000000e-01
5.777707919438304085e-01,-1.390364351870889137e-01,5.000000000000000000e-01
5.777214395704245442e-01,-1.390310854967498067e-01,5.000000000000000000e-01
5.776717239263569059e-01,-1.390266492786941810e-01,5.000000000000000000e-01
5.776217099457305881e-01,-1.390235731019508758e-01,5.000000000000000000e-01
5.775713765595900107e-01,-1.390217428552790735e-01,5.000000000000000000e-01
5.775208354479560713e-01,-1.390218268742273167e-01,5.000000000000000000e-01
5.774701878876713490e-01,-1.390243610900168680e-01,5.000000000000000000e-01
5.774192168881543408e-01,-1.390279523219172808e-01,5.000000000000000000e-01
5.773680498506446046e-01,-1.390333554465684740e-01,5.000000000000000000e-01
5.773167547724477044e-01,-1.390408985893096527e-01,5.000000000000000000e-01
5.772652165226597187e-01,-1.390498225195866133e-01,5.000000000000000000e-01
5.772135249246574951e-01,-1.390606060032565650e-01,5.000000000000000000e-01
5.771618094783648178e-01,-1.390738806730897614e-01,5.000000000000000000e-01
5.771100663369423955e-01,-1.390894596020604557e-01,5.000000000000000000e-01
5.770581482190313416e-01,-1.391063906704286535e-01,5.000000000000000000e-01
5.770060106506310627e-01,-1.391243895633700600e-01,5.000000000000000000e-01
5.769537697211430949e-01,-1.391440665828891365e-01,5.000000000000000000e-01
5.769015019289065460e-01,-1.391657418160829329e-01,5.000000000000000000e-01
5.768490514075408360e-01,-1.391884721722156382e-01,5.000000000000000000e-01
5.767963470330916831e-01,-1.392118669008617360e-01,5.000000000000000000e-01
5.767434836000181475e-01,-1.392364555652965408e-01,5.000000000000000000e-01
5.766904872822317119e-01,-1.392623439661911655e-01,5.000000000000000000e-01
5.766374138105792024e-01,-1.392897771526192263e-01,5.000000000000000000e-01
5.765842445969999730e-01,-1.393185901597102094e-01,5.000000000000000000e-01
5.765309632849948684e-01,-1.393486478734176637e-01,5.000000000000000000e-01
5.764774640974534847e-01,-1.393793922833422294e-01,5.000000000000000000e-01
5.764236963553919235e-01,-1.394106089201122556e-01,5.000000000000000000e-01
5.763698470973784849e-01,-1.394432854331956184e-01,5.000000000000000000e-01
5.763159309771319627e-01,-1.394774470274272871e-01,5.000000000000000000e-01
5.762617825815302686e-01,-1.395122411896468073e-01,5.000000000000000000e-01
5.762074101313825469e-01,-1.395477656186047966e-01,5.000000000000000000e-01
5.761528621246145843e-01,-1.395843077087788320e-01,5.000000000000000000e-01
5.760981649200846988e-01,-1.396220128477968780e-01,5.000000000000000000e-01
5.760432704962923367e-01,-1.396606676996164365e-01,5.000000000000000000e-01
5.759883179570730594e-01,-1.397009505865710599e-01,5.000000000000000000e-01
5.759334867300971439e-01,-1.397436457382376651e-01,5.000000000000000000e-01
5.758786170537463223e-01,-1.397878537190740400e-01,5.000000000000000000e-01
5.758235900856429890e-01,-1.398329840802251534e-01,5.000000000000000000e-01
5.757684377747913640e-01,-1.398792103623882621e-01,5.000000000000000000e-01
5.757132449766306781e-01,-1.399269281965021261e-01,5.000000000000000000e-01
5.756579860900510326e-01,-1.399759803354463095e-01,5.000000000000000000e-01
5.756025517502493249e-01,-1.400258639818497963e-01,5.000000000000000000e-01
5.755468435121177118e-01,-1.400761991004958462e-01,5.000000000000000000e-01
5.754908947001909914e-01,-1.401272532538352378e-01,5.000000000000000000e-01
5.754348196182359487e-01,-1.401796166005399580e-01,5.000000000000000000e-01
5.753785049025499365e-01,-1.402328251277979165e-01,5.000000000000000000e-01
5.753219750568190349e-01,-1.402870667296675922e-01,5.000000000000000000e-01
5.752653725623806391e-01,-1.403430327235146990e-01,5.000000000000000000e-01
5.752085594822036185e-01,-1.404001113270664791e-01,5.000000000000000000e-01
5.751515489714134066e-01,-1.404584310956829007e-01,5.000000000000000000e-01
5.750943044935517001e-01,-1.405179013611123906e-01,5.000000000000000000e-01
5.750368329195145733e-01,-1.405786327709172001e-01,5.000000000000000000e-01
5.749791637015341239e-01,-1.406408243195936270e-01,5.000000000000000000e-01
5.749213028104191991e-01,-1.407045514197001190e-01,5.000000000000000000e-01
5.748632927703103412e-01,-1.407700328744734553e-01,5.000000000000000000e-01
5.748050957537325090e-01,-1.408371313606768815e-01,5.000000000000000000e-01
5.747467036011126851e-01,-1.409058513667253987e-01,5.000000000000000000e-01
5.746881233999139305e-01,-1.409762672413042983e-01,5.000000000000000000e-01
5.746293320381481440e-01,-1.410483218522051996e-01,5.000000000000000000e-01
5.745703103208655849e-01,-1.411219931968333563e-01,5.000000000000000000e-01
5.745108981729152298e-01,-1.411967220789219490e-01,5.000000000000000000e-01
5.744510782642673341e-01,-1.412726143892333863e-01,5.000000000000000000e-01
5.743910704028223346e-01,-1.413506971112775679e-01,5.000000000000000000e-01
5.743310276113025026e-01,-1.414315636283882405e-01,5.000000000000000000e-01
5.742708976376731389e-01,-1.415149094694439225e-01,5.000000000000000000e-01
5.742106322297115817e-01,-1.416004837737014910e-01,5.000000000000000000e-01
5.741503083561317888e-01,-1.416885492858553364e-01,5.000000000000000000e-01
5.740897810446949912e-01,-1.417784872250676398e-01,5.000000000000000000e-01
5.740288801122048756e-01,-1.418696954901866869e-01,5.000000000000000000e-01
5.739677614701297337e-01,-1.419629071353990246e-01,5.000000000000000000e-01
5.739064833936233789e-01,-1.420583729541546880e-01,5.000000000000000000e-01
5.738449626495198963e-01,-1.421557724083867824e-01,5.000000000000000000e-01
5.737833208059948120e-01,-1.422555920480965685e-01,5.000000000000000000e-01
5.737215341800272483e-01,-1.423577045346057224e-01,5.000000000000000000e-01
5.736595604548471172e-01,-1.424619243379419142e-01,5.000000000000000000e-01
5.735974437795983150e-01,-1.425684217882288995e-01,5.000000000000000000e-01
5.735351806908230987e-01,-1.426771514202899160e-01,5.000000000000000000e-01
5.734728847140841967e-01,-1.427884855670658037e-01,5.000000000000000000e-01
5.734105026123279547e-01,-1.429021255796550927e-01,5.000000000000000000e-01
5.733480795624950055e-01,-1.430181540937160156e-01,5.000000000000000000e-01
5.732857538894806648e-01,-1.431369478395393968e-01,5.000000000000000000e-01
5.732234556243397394e-01,-1.432580578609142785e-01,5.000000000000000000e-01
5.731610916034249881e-01,-1.433810344526910141e-01,5.000000000000000000e-01
5.730986270210980393e-01,-1.435057182803388398e-01,5.000000000000000000e-01
5.730359658243523446e-01,-1.436317894670163520e-01,5.000000000000000000e-01
5.729730191725794786e-01,-1.437590384517615227e-01,5.000000000000000000e-01
5.729099597944595779e-01,-1.438881896489557222e-01,5.000000000000000000e-01
5.728468265788646541e-01,-1.440193735774854822e-01,5.000000000000000000e-01
5.727835451539547984e-01,-1.441523050635769576e-01,5.000000000000000000e-01
5.727201987043195608e-01,-1.442872880913899647e-01,5.000000000000000000e-01
5.726567976250673819e-01,-1.444243106984107183e-01,5.000000000000000000e-01
5.725933464792948291e-01,-1.445633361532550898e-01,5.000000000000000000e-01
5.725298650152393920e-01,-1.447043762716423432e-01,5.000000000000000000e-01
5.724663544010495375e-01,-1.448473711677210896e-01,5.000000000000000000e-01
5.724027892726094580e-01,-1.449921851764960634e-01,5.000000000000000000e-01
5.723391362108309899e-01,-1.451386915588532556e-01,5.000000000000000000e-01
5.722753202100661074e-01,-1.452866809371964330e-01,5.000000000000000000e-01
5.722114325390996736e-01,-1.454365103665183900e-01,5.000000000000000000e-01
5.721475853250290733e-01,-1.455885078834103785e-01,5.000000000000000000e-01
5.720837853808706797e-01,-1.457425572527510926e-01,5.000000000000000000e-01
5.720199674548482882e-01,-1.458983538999102936e-01,5.000000000000000000e-01
5.719559400452853826e-01,-1.460553082072384434e-01,5.000000000000000000e-01
5.718917213132219679e-01,-1.462136529934787155e-01,5.000000000000000000e-01
5.718273995153801970e-01,-1.463737857813986465e-01,5.000000000000000000e-01
5.717629768058154482e-01,-1.465357449398731471e-01,5.000000000000000000e-01
5.716984276197811798e-01,-1.466994871532482925e-01,5.000000000000000000e-01
5.716337122168173579e-01,-1.468649619325075040e-01,5.000000000000000000e-01
5.715688323476887378e-01,-1.470322694869574953e-01,5.000000000000000000e-01
5.715038227888453726e-01,-1.472015875482806935e-01,5.000000000000000000e-01
5.714386191797178327e-01,-1.473727843582317010e-01,5.000000000000000000e-01
5.713731966543265095e-01,-1.475459012683581206e-01,5.000000000000000000e-01
5.713075724110745490e-01,-1.477211138988356876e-01,5.000000000000000000e-01
5.712416682285872405e-01,-1.478983203059097973e-01,5.000000000000000000e-01
5.711754554107548731e-01,-1.480776311955972202e-01,5.000000000000000000e-01
5.711089929409536303e-01,-1.482593805283484445e-01,5.000000000000000000e-01
5.710423347112887349e-01,-1.484437752114370068e-01,5.000000000000000000e-01
5.709754983069841305e-01,-1.486308437471085542e-01,5.000000000000000000e-01
5.709084848123582301e-01,-1.488205487942336480e-01,5.000000000000000000e-01
5.708412590941194242e-01,-1.490127777806917186e-01,5.000000000000000000e-01
5.707737961789833836e-01,-1.492074923848285273e-01,5.000000000000000000e-01
5.707060946198132534e-01,-1.494047412513216100e-01,5.000000000000000000e-01
5.706381546293259888e-01,-1.496045630332295262e-01,5.000000000000000000e-01
5.705699611606017685e-01,-1.498069622685708480e-01,5.000000000000000000e-01
5.705014843728386520e-01,-1.500119274027685856e-01,5.000000000000000000e-01
5.704327434481625270e-01,-1.502195756727308373e-01,5.000000000000000000e-01
5.703637265854900606e-01,-1.504299221893043714e-01,5.000000000000000000e-01
5.702944207674059962e-01,-1.506429839773056889e-01,5.000000000000000000e-01
5.702248465798834820e-01,-1.508588466499063419e-01,5.000000000000000000e-01
5.701550650938739251e-01,-1.510775935666598402e-01,5.000000000000000000e-01
5.700850966168271583e-01,-1.512991444691162424e-01,5.000000000000000000e-01
5.700148651345045003e-01,-1.515232672509363165e-01,5.000000000000000000e-01
5.699443548021955186e-01,-1.517499789682588140e-01,5.000000000000000000e-01
5.698736417524866704e-01,-1.519794164083849708e-01,5.000000000000000000e-01
5.698027720811661423e-01,-1.522115221343519342e-01,5.000000000000000000e-01
5.697316904101934476e-01,-1.524460716859540044e-01,5.000000000000000000e-01
5.696603766707941663e-01,-1.526830242565904716e-01,5.000000000000000000e-01
5.695888398051699442e-01,-1.529224153842534684e-01,5.000000000000000000e-01
5.695170530656865626e-01,-1.531642268161313714e-01,5.000000000000000000e-01
5.694450380093225572e-01,-1.534085111084156627e-01,5.000000000000000000e-01
5.693728132820303767e-01,-1.536552639892858063e-01,5.000000000000000000e-01
5.693003868603349060e-01,-1.539044242357262560e-01,5.000000000000000000e-01
5.692277688674960423e-01,-1.541559416100921343e-01,5.000000000000000000e-01
5.691549654523367918e-01,-1.544097454155488047e-01,5.000000000000000000e-01
5.690819700071010345e-01,-1.546657935706680087e-01,5.000000000000000000e-01
5.690087786714080886e-01,-1.549240537537619755e-01,5.000000000000000000e-01
5.689354311751424476e-01,-1.551844888393186794e-01,5.000000000000000000e-01
5.688619329240298672e-01,-1.554469980158479092e-01,5.000000000000000000e-01
5.687882704456020955e-01,-1.557115340650922219e-01,5.000000000000000000e-01
5.687144293553032526e-01,-1.559781063592666772e-01,5.000000000000000000e-01
5.686403801924293511e-01,-1.562467950924647520e-01,5.000000000000000000e-01
5.685660986702019137e-01,-1.565177020805556818e-01,5.000000000000000000e-01
5.684915937481895831e-01,-1.567908610301206873e-01,5.000000000000000000e-01
5.684168588952156487e-01,-1.570662916098080619e-01,5.000000000000000000e-01
5.683418705339909893e-01,-1.573440716144804408e-01,5.000000000000000000e-01
5.682666292977323064e-01,-1.576241988076060863e-01,5.000000000000000000e-01
5.681911641477357389e-01,-1.579065290571428082e-01,5.000000000000000000e-01
5.681154892823322422e-01,-1.581909748152081630e-01,5.000000000000000000e-01
5.680396096958817420e-01,-1.584774877277844440e-01,5.000000000000000000e-01
5.679635404545078092e-01,-1.587659586587317762e-01,5.000000000000000000e-01
5.678872828846595056e-01,-1.590563997638477223e-01,5.000000000000000000e-01
5.678108247053070823e-01,-1.593488861544405388e-01,5.000000000000000000e-01
5.677341540536898767e-01,-1.596434515237604157e-01,5.000000000000000000e-01
5.676572580897660814e-01,-1.599401509997372961e-01,5.000000000000000000e-01
5.675801296716928013e-01,-1.602389442166660127e-01,5.000000000000000000e-01
5.675027669194644409e-01,-1.605398175166500019e-01,5.000000000000000000e-01
5.674251691788645413e-01,-1.608427345174320011e-01,5.000000000000000000e-01
5.673473429282709368e-01,-1.611475512272960431e-01,5.000000000000000000e-01
5.672692964748362598e-01,-1.614543414465500482e-01,5.000000000000000000e-01
5.671910237468996696e-01,-1.617631666210012920e-01,5.000000000000000000e-01
5.671125138085936213e-01,-1.620740467549021124e-01,5.000000000000000000e-01
5.670337571767134488e-01,-1.623869845434873505e-01,5.000000000000000000e-01
5.669547475216222265e-01,-1.627018572606911406e-01,5.000000000000000000e-01
5.668754899381975854e-01,-1.630187605503405357e-01,5.000000000000000000e-01
5.667959760540739467e-01,-1.633377682132702291e-01,5.000000000000000000e-01
5.667161906438157315e-01,-1.636585970932366851e-01,5.000000000000000000e-01
5.666361503499757202e-01,-1.639812076783817296e-01,5.000000000000000000e-01
5.665558714098344328e-01,-1.643059274332901998e-01,5.000000000000000000e-01
5.664753296111462166e-01,-1.646329316738217308e-01,5.000000000000000000e-01
5.663944899304591551e-01,-1.649622550244577157e-01,5.000000000000000000e-01
5.663133239591279233e-01,-1.652938677070932283e-01,5.000000000000000000e-01
5.662318162160672186e-01,-1.656278140063003335e-01,5.000000000000000000e-01
5.661499516445460678e-01,-1.659641502949225078e-01,5.000000000000000000e-01
5.660677070797848209e-01,-1.663027160105292057e-01,5.000000000000000000e-01
5.659850849515460913e-01,-1.666435578417054253e-01,5.000000000000000000e-01
5.659020869862747549e-01,-1.669868506915415107e-01,5.000000000000000000e-01
5.658186895952286299e-01,-1.673325549068118701e-01,5.000000000000000000e-01
5.657348809252567001e-01,-1.676806946113285901e-01,5.000000000000000000e-01
5.656506492298196687e-01,-1.680312965763053057e-01,5.000000000000000000e-01
5.655659884574800733e-01,-1.683845211575533685e-01,5.000000000000000000e-01
5.654808859989350900e-01,-1.687406422531787242e-01,5.000000000000000000e-01
5.653952995218424205e-01,-1.690996938070091771e-01,5.000000000000000000e-01
5.653091729094501527e-01,-1.694612701020512813e-01,5.000000000000000000e-01
5.652224875940565774e-01,-1.698248372677352291e-01,5.000000000000000000e-01
5.651352851790458764e-01,-1.701902020219562273e-01,5.000000000000000000e-01
5.650476342930279561e-01,-1.705576679786613148e-01,5.000000000000000000e-01
5.649595637405363524e-01,-1.709275764137490883e-01,5.000000000000000000e-01
5.648710550344786530e-01,-1.713000284793603778e-01,5.000000000000000000e-01
5.647820741885221096e-01,-1.716749154008416489e-01,5.000000000000000000e-01
5.646926040784590040e-01,-1.720521794613102395e-01,5.000000000000000000e-01
5.646026367109544530e-01,-1.724317946405768964e-01,5.000000000000000000e-01
5.645121580518595028e-01,-1.728136028603057261e-01,5.000000000000000000e-01
5.644211738759163932e-01,-1.731975684150668382e-01,5.000000000000000000e-01
5.643296892783880025e-01,-1.735836566919834456e-01,5.000000000000000000e-01
5.642377070243651538e-01,-1.739718047602730189e-01,5.000000000000000000e-01
5.641452271573984545e-01,-1.743618717280668862e-01,5.000000000000000000e-01
5.640522747887111166e-01,-1.747540261239036719e-01,5.000000000000000000e-01
5.639588731581517411e-01,-1.751487143932549118e-01,5.000000000000000000e-01
5.638649528906716224e-01,-1.755454198259406018e-01,5.000000000000000000e-01
5.637705042931923094e-01,-1.759438746709228452e-01,5.000000000000000000e-01
5.636755858360423810e-01,-1.763446214310281368e-01,5.000000000000000000e-01
5.635801944746916536e-01,-1.767480296405485041e-01,5.000000000000000000e-01
5.634843038423908990e-01,-1.771544855203532054e-01,5.000000000000000000e-01
5.633878133837337820e-01,-1.775634663290534543e-01,5.000000000000000000e-01
5.632906603249381305e-01,-1.779742091899086942e-01,5.000000000000000000e-01
5.631928930126945954e-01,-1.783868139419819143e-01,5.000000000000000000e-01
5.630945429294176297e-01,-1.788013789125353081e-01,5.000000000000000000e-01
5.629956180707258451e-01,-1.792178657270819542e-01,5.000000000000000000e-01
5.628961461777903796e-01,-1.796365869943153670e-01,5.000000000000000000e-01
5.627961047398977179e-01,-1.800574406579611431e-01,5.000000000000000000e-01
5.626954612449872606e-01,-1.804799992891192029e-01,5.000000000000000000e-01
5.625942573556670379e-01,-1.809046110107808414e-01,5.000000000000000000e-01
5.624924920017688734e-01,-1.813313843824128635e-01,5.000000000000000000e-01
5.623901183019031080e-01,-1.817597818927590425e-01,5.000000000000000000e-01
5.622871648031170233e-01,-1.821899014786265147e-01,5.000000000000000000e-01
5.621836456569617724e-01,-1.826218073006928289e-01,5.000000000000000000e-01
5.620795556141917615e-01,-1.830553671615212097e-01,5.000000000000000000e-01
5.619749121235254607e-01,-1.834907450594782663e-01,5.000000000000000000e-01
5.618697127703866645e-01,-1.839280007909318004e-01,5.000000000000000000e-01
5.617639425228241334e-01,-1.843670595970507420e-01,5.000000000000000000e-01
5.616575906534950757e-01,-1.848078116330242326e-01,5.000000000000000000e-01
5.615506288538276713e-01,-1.852496526621945361e-01,5.000000000000000000e-01
5.614431139088390532e-01,-1.856929462234355455e-01,5.000000000000000000e-01
5.613350876459431982e-01,-1.861383920510265577e-01,5.000000000000000000e-01
5.612264627946230711e-01,-1.865850439903997682e-01,5.000000000000000000e-01
5.611172697244610763e-01,-1.870330493635510016e-01,5.000000000000000000e-01
5.610075571139998551e-01,-1.874832306260162396e-01,5.000000000000000000e-01
5.608972462641211854e-01,-1.879348993977368321e-01,5.000000000000000000e-01
5.607863264770378553e-01,-1.883877424501644859e-01,5.000000000000000000e-01
5.606748166761645891e-01,-1.888416684268002244e-01,5.000000000000000000e-01
5.605627371055247332e-01,-1.892966318799645664e-01,5.000000000000000000e-01
5.604501342965190203e-01,-1.897532930091632708e-01,5.000000000000000000e-01
5.603369929433438257e-01,-1.902119550167895856e-01,5.000000000000000000e-01
5.602232490269374310e-01,-1.906720983118402324e-01,5.000000000000000000e-01
5.601088783868573007e-01,-1.911332298985047862e-01,5.000000000000000000e-01
5.599938988912300797e-01,-1.915951361624002591e-01,5.000000000000000000e-01
5.598783422732922510e-01,-1.920577763023076645e-01,5.000000000000000000e-01
5.597622351689237608e-01,-1.925210619486212582e-01,5.000000000000000000e-01
5.596456130508968840e-01,-1.929852386859527980e-01,5.000000000000000000e-01
5.595285099079766455e-01,-1.934511850812046518e-01,5.000000000000000000e-01
5.594108797226149399e-01,-1.939190396515312331e-01,5.000000000000000000e-01
5.592926584871549256e-01,-1.943884380158032166e-01,5.000000000000000000e-01
5.591738208296050949e-01,-1.948593437353105806e-01,5.000000000000000000e-01
5.590543544952376598e-01,-1.953320564525360403e-01,5.000000000000000000e-01
5.589342262223673252e-01,-1.958066848481806455e-01,5.000000000000000000e-01
5.588134027910567347e-01,-1.962835071167398082e-01,5.000000000000000000e-01
5.586918298891694334e-01,-1.967623145752291358e-01,5.000000000000000000e-01
5.585694589695634482e-01,-1.972423410488339524e-01,5.000000000000000000e-01
5.584463114585633825e-01,-1.977237974944796861e-01,5.000000000000000000e-01
5.583223958109921892e-01,-1.982070744105112192e-01,5.000000000000000000e-01
5.581976897514794311e-01,-1.986921954457619988e-01,5.000000000000000000e-01
5.580721601404892152e-01,-1.991783686243045470e-01,5.000000000000000000e-01
5.579458246988502346e-01,-1.996649698809595253e-01,5.000000000000000000e-01
5.578187435748526157e-01,-2.001521382606250010e-01,5.000000000000000000e-01
5.576909625651320646e-01,-2.006403999615581080e-01,5.000000000000000000e-01
5.575624921670800926e-01,-2.011305984655445966e-01,5.000000000000000000e-01
5.574332880860295436e-01,-2.016231466359680036e-01,5.000000000000000000e-01
5.573032808287677886e-01,-2.021172557057383246e-01,5.000000000000000000e-01
5.571724531171637906e-01,-2.026120515369792541e-01,5.000000000000000000e-01
5.570408435937732605e-01,-2.031083895920253735e-01,5.000000000000000000e-01
5.569084369144466917e-01,-2.036063414107239233e-01,5.000000000000000000e-01
5.567752111264963055e-01,-2.041058143247645729e-01,5.000000000000000000e-01
5.566411515237459362e-01,-2.046076315504209986e-01,5.000000000000000000e-01
5.565061993295958853e-01,-2.051117271141327525e-01,5.000000000000000000e-01
5.563703063223482959e-01,-2.056180501570013808e-01,5.000000000000000000e-01
5.562334370321715404e-01,-2.061260445911161365e-01,5.000000000000000000e-01
5.560955873221774537e-01,-2.066355209580942875e-01,5.000000000000000000e-01
5.559567612205986720e-01,-2.071466424967475795e-01,5.000000000000000000e-01
5.558169705389294224e-01,-2.076581593234912981e-01,5.000000000000000000e-01
5.556762838131463766e-01,-2.081695673097020416e-01,5.000000000000000000e-01
5.555347757059607705e-01,-2.086813000004645868e-01,5.000000000000000000e-01
5.553924920460390213e-01,-2.091933342703944931e-01,5.000000000000000000e-01
5.552494758857264845e-01,-2.097055302478534611e-01,5.000000000000000000e-01
5.551057569665114322e-01,-2.102183220663909335e-01,5.000000000000000000e-01
5.549613323320653491e-01,-2.107323190878066521e-01,5.000000000000000000e-01
5.548161973389399426e-01,-2.112467365902048477e-01,5.000000000000000000e-01
5.546703635896339524e-01,-2.117617656404515714e-01,5.000000000000000000e-01
5.545238161979320068e-01,-2.122780839057695212e-01,5.000000000000000000e-01
5.543765202219266275e-01,-2.127957292193587424e-01,5.000000000000000000e-01
5.542284634832822521e-01,-2.133141041786155434e-01,5.000000000000000000e-01
5.540796616093391913e-01,-2.138327600590643196e-01,5.000000000000000000e-01
5.539301270969554380e-01,-2.143519921917326765e-01,5.000000000000000000e-01
5.537798958268411731e-01,-2.148709852293829436e-01,5.000000000000000000e-01
5.536290531113861046e-01,-2.153887123089064659e-01,5.000000000000000000e-01
5.534776779467953656e-01,-2.159054078115781317e-01,5.000000000000000000e-01
5.533257803057864965e-01,-2.164223106435642918e-01,5.000000000000000000e-01
5.531733618068310765e-01,-2.169392661061665395e-01,5.000000000000000000e-01
5.530204342452611499e-01,-2.174559985125122941e-01,5.000000000000000000e-01
5.528669756779190925e-01,-2.179731976846383534e-01,5.000000000000000000e-01
5.527129633880296655e-01,-2.184908138389576315e-01,5.000000000000000000e-01
5.525584058855677050e-01,-2.190083097475877816e-01,5.000000000000000000e-01
5.524033171802069653e-01,-2.195255412366889369e-01,5.000000000000000000e-01
5.522476894943735282e-01,-2.200428548017858144e-01,5.000000000000000000e-01
5.520914788095527825e-01,-2.205608386453293268e-01,5.000000000000000000e-01
5.519346492483697686e-01,-2.210794988641113790e-01,5.000000000000000000e-01
5.517772281047765848e-01,-2.215978779278104382e-01,5.000000000000000000e-01
5.516191983750200478e-01,-2.221164604943650089e-01,5.000000000000000000e-01
5.514605323644121704e-01,-2.226355141041482522e-01,5.000000000000000000e-01
5.513012480859431630e-01,-2.231544582567886459e-01,5.000000000000000000e-01
5.511414224001105477e-01,-2.236723406434536487e-01,5.000000000000000000e-01
5.509810641536889708e-01,-2.241897022079491486e-01,5.000000000000000000e-01
5.508200777115839220e-01,-2.247080465663284787e-01,5.000000000000000000e-01
5.506584134906440386e-01,-2.252272970145918762e-01,5.000000000000000000e-01
5.504960349307898015e-01,-2.257473293344486320e-01,5.000000000000000000e-01
5.503329612166707463e-01,-2.262674863069061848e-01,5.000000000000000000e-01
5.501692192786639124e-01,-2.267874261378594325e-01,5.000000000000000000e-01
5.500047666103788924e-01,-2.273077982754052040e-01,5.000000000000000000e-01
5.498395556353368185e-01,-2.278289356717109748e-01,5.000000000000000000e-01
5.496735428140667734e-01,-2.283509639011647718e-01,5.000000000000000000e-01
5.495067544557381556e-01,-2.288732436949182381e-01,5.000000000000000000e-01
5.493392000607764114e-01,-2.293956475622733193e-01,5.000000000000000000e-01
5.491708371142445255e-01,-2.299186584905976993e-01,5.000000000000000000e-01
5.490016780535089680e-01,-2.304419660350451871e-01,5.000000000000000000e-01
5.488317410949020703e-01,-2.309653678118757103e-01,5.000000000000000000e-01
5.486610577911761322e-01,-2.314886234258001219e-01,5.000000000000000000e-01
5.484896655306267244e-01,-2.320115370544937883e-01,5.000000000000000000e-01
5.483176242107565823e-01,-2.325337708054812658e-01,5.000000000000000000e-01
5.481448575140183133e-01,-2.330563108141513462e-01,5.000000000000000000e-01
5.479714053826361120e-01,-2.335787106999945850e-01,5.000000000000000000e-01
5.477973572763070731e-01,-2.341002463315551285e-01,5.000000000000000000e-01
5.476224919277100645e-01,-2.346231038577239192e-01,5.000000000000000000e-01
5.474467428434142136e-01,-2.351473268560279051e-01,5.000000000000000000e-01
5.472701761879712468e-01,-2.356718957005861648e-01,5.000000000000000000e-01
5.470927937205032343e-01,-2.361967325314320298e-01,5.000000000000000000e-01
5.469146040797556729e-01,-2.367217361214934146e-01,5.000000000000000000e-01
5.467356692576587074e-01,-2.372464372207891969e-01,5.000000000000000000e-01
5.465560835242173621e-01,-2.377702741732026781e-01,5.000000000000000000e-01
5.463758273387375741e-01,-2.382937002512846014e-01,5.000000000000000000e-01
5.461948312541766715e-01,-2.388173510934110677e-01,5.000000000000000000e-01
5.460132081513816571e-01,-2.393403396384873316e-01,5.000000000000000000e-01
5.458310154800050107e-01,-2.398624360777021347e-01,5.000000000000000000e-01
5.456480915143405719e-01,-2.403849920137201002e-01,5.000000000000000000e-01
5.454642661856871078e-01,-2.409089748092123062e-01,5.000000000000000000e-01
5.452795680304747261e-01,-2.414337578210423163e-01,5.000000000000000000e-01
5.450942058432552972e-01,-2.419577341602027754e-01,5.000000000000000000e-01
5.449081050979146523e-01,-2.424816192034262574e-01,5.000000000000000000e-01
5.447212074322884678e-01,-2.430058107934314759e-01,5.000000000000000000e-01
5.445335266969069110e-01,-2.435301267731897479e-01,5.000000000000000000e-01
5.443449979816022966e-01,-2.440549363938242511e-01,5.000000000000000000e-01
5.441556271536889255e-01,-2.445800775715528119e-01,5.000000000000000000e-01
5.439654956233417327e-01,-2.451049882313617867e-01,5.000000000000000000e-01
5.437748397399123634e-01,-2.456283347313981680e-01,5.000000000000000000e-01
5.435837560933585166e-01,-2.461499192185752083e-01,5.000000000000000000e-01
5.433920886484073787e-01,-2.466710154656688858e-01,5.000000000000000000e-01
5.431998221328531162e-01,-2.471917528134228992e-01,5.000000000000000000e-01
5.430070759915763823e-01,-2.477114605619736287e-01,5.000000000000000000e-01
5.428139164436910358e-01,-2.482299159784909781e-01,5.000000000000000000e-01
5.426203955800911194e-01,-2.487470066615051767e-01,5.000000000000000000e-01
5.424263745603479236e-01,-2.492636503266950632e-01,5.000000000000000000e-01
5.422318154880092500e-01,-2.497800145129090432e-01,5.000000000000000000e-01
5.420369272341759581e-01,-2.502949274403206692e-01,5.000000000000000000e-01
5.418417082848212551e-01,-2.508085608410728362e-01,5.000000000000000000e-01
5.416462709226022021e-01,-2.513204562759064897e-01,5.000000000000000000e-01
5.414504610992059153e-01,-2.518315674025956019e-01,5.000000000000000000e-01
5.412540704281691983e-01,-2.523429241066694750e-01,5.000000000000000000e-01
5.410572727910616386e-01,-2.528534525545609313e-01,5.000000000000000000e-01
5.408600523907529656e-01,-2.533632358945550056e-01,5.000000000000000000e-01
5.406625206307869025e-01,-2.538717283746695919e-01,5.000000000000000000e-01
5.404647394889783296e-01,-2.543787189835683971e-01,5.000000000000000000e-01
5.402664827774269485e-01,-2.548853809086625288e-01,5.000000000000000000e-01
5.400677116017806867e-01,-2.553917965035065185e-01,5.000000000000000000e-01
5.398684928674881700e-01,-2.558975478207216048e-01,5.000000000000000000e-01
5.396686125804303069e-01,-2.564035796017432034e-01,5.000000000000000000e-01
5.394681326335670768e-01,-2.569094393123787512e-01,5.000000000000000000e-01
5.392672917739507188e-01,-2.574139804203748882e-01,5.000000000000000000e-01
5.390659690697661155e-01,-2.579178364143250857e-01,5.000000000000000000e-01
5.388639590971107118e-01,-2.584218963268172797e-01,5.000000000000000000e-01
5.386614556099043050e-01,-2.589251915942799576e-01,5.000000000000000000e-01
5.384586859888009780e-01,-2.594267772846334807e-01,5.000000000000000000e-01
5.382556290584934455e-01,-2.599269031411491904e-01,5.000000000000000000e-01
5.380521675806609894e-01,-2.604261627126800982e-01,5.000000000000000000e-01
5.378482891211300299e-01,-2.609246190754732075e-01,5.000000000000000000e-01
5.376439174897418294e-01,-2.614225790020841544e-01,5.000000000000000000e-01
5.374388507033693863e-01,-2.619208132753537144e-01,5.000000000000000000e-01
5.372331721709664443e-01,-2.624188461642402159e-01,5.000000000000000000e-01
5.370271835448686693e-01,-2.629154259954546435e-01,5.000000000000000000e-01
5.368209125769567436e-01,-2.634105519215546032e-01,5.000000000000000000e-01
5.366143238331066989e-01,-2.639044638146373911e-01,5.000000000000000000e-01
5.364076383511746648e-01,-2.643963741901931286e-01,5.000000000000000000e-01
5.362009108676641933e-01,-2.648862283334492140e-01,5.000000000000000000e-01
5.359942322062207776e-01,-2.653738293811703786e-01,5.000000000000000000e-01
5.357875272010949042e-01,-2.658596063566814882e-01,5.000000000000000000e-01
5.355805195723535306e-01,-2.663446581255430878e-01,5.000000000000000000e-01
5.353730914644541095e-01,-2.668293562350199100e-01,5.000000000000000000e-01
5.351653928767723389e-01,-2.673130634494864100e-01,5.000000000000000000e-01
5.349576818959501656e-01,-2.677948444198039457e-01,5.000000000000000000e-01
5.347500160780647160e-01,-2.682745909602147205e-01,5.000000000000000000e-01
5.345422242781260325e-01,-2.687530024226617575e-01,5.000000000000000000e-01
5.343342297647111216e-01,-2.692303575337925414e-01,5.000000000000000000e-01
5.341261697346659787e-01,-2.697061625996954870e-01,5.000000000000000000e-01
5.339182667549908778e-01,-2.701796924475451389e-01,5.000000000000000000e-01
5.337105760160485435e-01,-2.706508679319682420e-01,5.000000000000000000e-01
5.335029778751880780e-01,-2.711201974137096848e-01,5.000000000000000000e-01
5.332953537461694316e-01,-2.715881178798323914e-01,5.000000000000000000e-01
5.330875734373217156e-01,-2.720550529605558765e-01,5.000000000000000000e-01
5.328795389221911982e-01,-2.725212750352967728e-01,5.000000000000000000e-01
5.326711584403533983e-01,-2.729870123551432215e-01,5.000000000000000000e-01
5.324624808266202880e-01,-2.734520242246629151e-01,5.000000000000000000e-01
5.322535418937368590e-01,-2.739161449908082968e-01,5.000000000000000000e-01
5.320442531024023314e-01,-2.743796262997404978e-01,5.000000000000000000e-01
5.318345459219138149e-01,-2.748426356283208416e-01,5.000000000000000000e-01
5.316245790736428001e-01,-2.753046232892112921e-01,5.000000000000000000e-01
5.314144211883942148e-01,-2.757653771964441725e-01,5.000000000000000000e-01
5.312038293764911323e-01,-2.762256625953221634e-01,5.000000000000000000e-01
5.309929005126496904e-01,-2.766851397476577379e-01,5.000000000000000000e-01
5.307819394019632764e-01,-2.771428793136073709e-01,5.000000000000000000e-01
5.305710237608698421e-01,-2.775987210888537504e-01,5.000000000000000000e-01
5.303600961284570259e-01,-2.780529151589512526e-01,5.000000000000000000e-01
5.301491510173117483e-01,-2.785055299445092225e-01,5.000000000000000000e-01
5.299382843149784694e-01,-2.789563273297523960e-01,5.000000000000000000e-01
5.297273002210520776e-01,-2.794059311187512828e-01,5.000000000000000000e-01
5.295161336827547416e-01,-2.798545323480354785e-01,5.000000000000000000e-01
5.293050726257930716e-01,-2.803012973072903646e-01,5.000000000000000000e-01
5.290939939054720709e-01,-2.807466289062474640e-01,5.000000000000000000e-01
5.288827584653956748e-01,-2.811909384605247308e-01,5.000000000000000000e-01
5.286713133671687714e-01,-2.816343599283713806e-01,5.000000000000000000e-01
5.284594528825286019e-01,-2.820774423815186616e-01,5.000000000000000000e-01
5.282471486599598087e-01,-2.825202054873922064e-01,5.000000000000000000e-01
5.280349499781612499e-01,-2.829610995626790082e-01,5.000000000000000000e-01
5.278228822847840229e-01,-2.834001181534310243e-01,5.000000000000000000e-01
5.276104623401991489e-01,-2.838386234446830247e-01,5.000000000000000000e-01
5.273979559554966556e-01,-2.842758659607327321e-01,5.000000000000000000e-01
5.271853482479411657e-01,-2.847119012248304770e-01,5.000000000000000000e-01
5.269728022577025994e-01,-2.851463139276891878e-01,5.000000000000000000e-01
5.267606433904971075e-01,-2.855782928397904152e-01,5.000000000000000000e-01
5.265488486262880352e-01,-2.860079886171462138e-01,5.000000000000000000e-01
5.263372723305688172e-01,-2.864358488803204761e-01,5.000000000000000000e-01
5.261257445731408744e-01,-2.868623462449577666e-01,5.000000000000000000e-01
5.259144229360014355e-01,-2.872870841875121428e-01,5.000000000000000000e-01
5.257035360590086581e-01,-2.877095137763563404e-01,5.000000000000000000e-01
5.254931978160405359e-01,-2.881294097363935602e-01,5.000000000000000000e-01
5.252833037457381726e-01,-2.885471009840065992e-01,5.000000000000000000e-01
5.250736725483463596e-01,-2.889630799097483438e-01,5.000000000000000000e-01
5.248646614070051619e-01,-2.893764781217103010e-01,5.000000000000000000e-01
5.246565124471960218e-01,-2.897867622763011797e-01,5.000000000000000000e-01
5.244490232388901996e-01,-2.901945100356686513e-01,5.000000000000000000e-01
5.242420520473485279e-01,-2.906001084718733418e-01,5.000000000000000000e-01
5.240352665693990275e-01,-2.910043748049120360e-01,5.000000000000000000e-01
5.238289433629177427e-01,-2.914066237559081451e-01,5.000000000000000000e-01
5.236236287501848663e-01,-2.918055723821506575e-01,5.000000000000000000e-01
5.234191766098472698e-01,-2.922016467447692278e-01,5.000000000000000000e-01
5.232156594324853804e-01,-2.925947298646219275e-01,5.000000000000000000e-01
5.230132933100395398e-01,-2.929843714902524709e-01,5.000000000000000000e-01
5.228118658780026573e-01,-2.933711355597453663e-01,5.000000000000000000e-01
5.226111622657718669e-01,-2.937555549514844211e-01,5.000000000000000000e-01
5.224113480861931613e-01,-2.941372591173547768e-01,5.000000000000000000e-01
5.222124721996532770e-01,-2.945161628059952408e-01,5.000000000000000000e-01
5.220143477683851785e-01,-2.948927187896965840e-01,5.000000000000000000e-01
5.218170331589586652e-01,-2.952668018886323575e-01,5.000000000000000000e-01
5.216205232253656732e-01,-2.956384361362044411e-01,5.000000000000000000e-01
5.214248196889075260e-01,-2.960076296466334633e-01,5.000000000000000000e-01
5.212298895041427294e-01,-2.963744670615687804e-01,5.000000000000000000e-01
5.210356881316954292e-01,-2.967390551109588825e-01,5.000000000000000000e-01
5.208421745848288431e-01,-2.971014877205570004e-01,5.000000000000000000e-01
5.206493026939356117e-01,-2.974618673842908123e-01,5.000000000000000000e-01
5.204574197190243723e-01,-2.978194395120713489e-01,5.000000000000000000e-01
5.202666516871922164e-01,-2.981739638477871601e-01,5.000000000000000000e-01
5.200767776714070312e-01,-2.985259554883171740e-01,5.000000000000000000e-01
5.198878809617095698e-01,-2.988752540260922186e-01,5.000000000000000000e-01
5.197000804310214495e-01,-2.992216300425532549e-01,5.000000000000000000e-01
5.195131461553884611e-01,-2.995656015957478546e-01,5.000000000000000000e-01
5.193269515320226848e-01,-2.999074455682457230e-01,5.000000000000000000e-01
5.191417895461012399e-01,-3.002465488156786932e-01,5.000000000000000000e-01
5.189577031705518984e-01,-3.005828463009745932e-01,5.000000000000000000e-01
5.187748275589579849e-01,-3.009160849435584817e-01,5.000000000000000000e-01
5.185932340029056897e-01,-3.012461516697171326e-01,5.000000000000000000e-01
5.184125211792735000e-01,-3.015739082875804611e-01,5.000000000000000000e-01
5.182327092023376602e-01,-3.018993181469991072e-01,5.000000000000000000e-01
5.180538447913248801e-01,-3.022222929327759156e-01,5.000000000000000000e-01
5.178762649717326694e-01,-3.025421609206122575e-01,5.000000000000000000e-01
5.176999811420694986e-01,-3.028589325523878273e-01,5.000000000000000000e-01
5.175248660242117715e-01,-3.031728958501699323e-01,5.000000000000000000e-01
5.173512288104048507e-01,-3.034834533075781993e-01,5.000000000000000000e-01
5.171789970727274088e-01,-3.037907883867244641e-01,5.000000000000000000e-01
5.170081199976517272e-01,-3.040950330573612415e-01,5.000000000000000000e-01
5.168386062125133185e-01,-3.043961956229546129e-01,5.000000000000000000e-01
5.166703082018733184e-01,-3.046945900324182221e-01,5.000000000000000000e-01
5.165030098656644419e-01,-3.049906530392162973e-01,5.000000000000000000e-01
5.163366470688528498e-01,-3.052845108535184870e-01,5.000000000000000000e-01
5.161712427627509481e-01,-3.055761177825825348e-01,5.000000000000000000e-01
5.160072476146457809e-01,-3.058646048935732553e-01,5.000000000000000000e-01
5.158448199752503349e-01,-3.061496944926499486e-01,5.000000000000000000e-01
5.156837347815124151e-01,-3.064318527837845973e-01,5.000000000000000000e-01
5.155240532611669035e-01,-3.067109822101496963e-01,5.000000000000000000e-01
5.153655663808835996e-01,-3.069875023292225058e-01,5.000000000000000000e-01
5.152081788340964197e-01,-3.072616038971464070e-01,5.000000000000000000e-01
5.150517564163390460e-01,-3.075335459978251196e-01,5.000000000000000000e-01
5.148961899459425506e-01,-3.078035341931922853e-01,5.000000000000000000e-01
5.147415245077362478e-01,-3.080714805415972757e-01,5.000000000000000000e-01
5.145882237196206521e-01,-3.083365201215992890e-01,5.000000000000000000e-01
5.144366760930139115e-01,-3.085979528009898942e-01,5.000000000000000000e-01
5.142866642242649444e-01,-3.088562201444299271e-01,5.000000000000000000e-01
5.141379962833636519e-01,-3.091117023830970423e-01,5.000000000000000000e-01
5.139906833442180467e-01,-3.093643950397270137e-01,5.000000000000000000e-01
5.138446907119926799e-01,-3.096143774151466355e-01,5.000000000000000000e-01
5.136999737671086308e-01,-3.098617448817969633e-01,5.000000000000000000e-01
5.135567229055405525e-01,-3.101061622203169499e-01,5.000000000000000000e-01
5.134149471132705145e-01,-3.103476318229581032e-01,5.000000000000000000e-01
5.132746302976803898e-01,-3.105862011185867577e-01,5.000000000000000000e-01
5.131359388233285301e-01,-3.108215865140451784e-01,5.000000000000000000e-01
5.129988859029556147e-01,-3.110537860189910297e-01,5.000000000000000000e-01
5.128633482621884898e-01,-3.112830413844521749e-01,5.000000000000000000e-01
5.127291349606677429e-01,-3.115097091994795120e-01,5.000000000000000000e-01
5.125962889692622371e-01,-3.117337212349715614e-01,5.000000000000000000e-01
5.124648323446385767e-01,-3.119550481660019470e-01,5.000000000000000000e-01
5.123347901503141344e-01,-3.121736563277673904e-01,5.000000000000000000e-01
5.122061562195883155e-01,-3.123895679137252968e-01,5.000000000000000000e-01
5.120788146095394122e-01,-3.126029981628639653e-01,5.000000000000000000e-01
5.119529604573220816e-01,-3.128136119880614574e-01,5.000000000000000000e-01
5.118286223071129015e-01,-3.130213727379612121e-01,5.000000000000000000e-01
5.117056754980182642e-01,-3.132265119010249621e-01,5.000000000000000000e-01
5.115841233962257206e-01,-3.134290334241166542e-01,5.000000000000000000e-01
5.114639362059826277e-01,-3.136289989478318052e-01,5.000000000000000000e-01
5.113451655213668845e-01,-3.138263281834142715e-01,5.000000000000000000e-01
5.112278225444775170e-01,-3.140210121892540451e-01,5.000000000000000000e-01
5.111119251420868093e-01,-3.142130307524311217e-01,5.000000000000000000e-01
5.109975252613130348e-01,-3.144023054280584151e-01,5.000000000000000000e-01
5.108847388340209683e-01,-3.145886493767408032e-01,5.000000000000000000e-01
5.107735239742343669e-01,-3.147721482530392301e-01,5.000000000000000000e-01
5.106637434522499630e-01,-3.149530485787952472e-01,5.000000000000000000e-01
5.105553629336609944e-01,-3.151314176990636651e-01,5.000000000000000000e-01
5.104484538607823030e-01,-3.153071425611713163e-01,5.000000000000000000e-01
5.103431367619406522e-01,-3.154800287202850217e-01,5.000000000000000000e-01
5.102393462779395428e-01,-3.156501984847279174e-01,5.000000000000000000e-01
5.101370593707805767e-01,-3.158177008105599315e-01,5.000000000000000000e-01
5.100363982780005134e-01,-3.159823395584389072e-01,5.000000000000000000e-01
5.099373916009113383e-01,-3.161440781589262006e-01,5.000000000000000000e-01
5.098399118238698957e-01,-3.163031416076584335e-01,5.000000000000000000e-01
5.097439909723876506e-01,-3.164594851293279776e-01,5.000000000000000000e-01
5.096496804717647322e-01,-3.166130320556878597e-01,5.000000000000000000e-01
5.095570548238974595e-01,-3.167636681270847854e-01,5.000000000000000000e-01
5.094661173318263403e-01,-3.169113983912636989e-01,5.000000000000000000e-01
5.093768300241308111e-01,-3.170562959411896697e-01,5.000000000000000000e-01
5.092892106510888972e-01,-3.171983405277531975e-01,5.000000000000000000e-01
5.092033063556442585e-01,-3.173374633890269081e-01,5.000000000000000000e-01
5.091191372324475051e-01,-3.174736407858294029e-01,5.000000000000000000e-01
5.090366874437148859e-01,-3.176069080794489130e-01,5.000000000000000000e-01
5.089560175208427406e-01,-3.177371745143464654e-01,5.000000000000000000e-01
5.088770864315605991e-01,-3.178645164887615726e-01,5.000000000000000000e-01
5.087999452085568697e-01,-3.179888586641174131e-01,5.000000000000000000e-01
5.087246713389287356e-01,-3.181100828843282935e-01,5.000000000000000000e-01
5.086512543408765463e-01,-3.182282152683920118e-01,5.000000000000000000e-01
5.085796662954242819e-01,-3.183433097444443582e-01,5.000000000000000000e-01
5.085099292489609901e-01,-3.184553381788312598e-01,5.000000000000000000e-01
5.084420589975782168e-01,-3.185642825322783644e-01,5.000000000000000000e-01
5.083760277612126011e-01,-3.186701953246841024e-01,5.000000000000000000e-01
5.083118424447055084e-01,-3.187730722204318301e-01,5.000000000000000000e-01
5.082494782988939974e-01,-3.188729599056949748e-01,5.000000000000000000e-01
5.081889884766550569e-01,-3.189697786522286416e-01,5.000000000000000000e-01
5.081304400291566381e-01,-3.190634266192818869e-01,5.000000000000000000e-01
5.080737601129583503e-01,-3.191540279044315365e-01,5.000000000000000000e-01
5.080189348673521677e-01,-3.192416105932245340e-01,5.000000000000000000e-01
5.079659723679581518e-01,-3.193261671229286058e-01,5.000000000000000000e-01
5.079149112392333798e-01,-3.194076407142076857e-01,5.000000000000000000e-01
5.078658196710702510e-01,-3.194859272395528249e-01,5.000000000000000000e-01
5.078187026622200673e-01,-3.195610242090543007e-01,5.000000000000000000e-01
5.077735014516144840e-01,-3.196330310199643199e-01,5.000000000000000000e-01
5.077301931391315915e-01,-3.197019889603319731e-01,5.000000000000000000e-01
5.076887785656589713e-01,-3.197679009673841666e-01,5.000000000000000000e-01
5.076491964765714737e-01,-3.198308690260365239e-01,5.000000000000000000e-01
5.076114641728752819e-01,-3.198908691203291577e-01,5.000000000000000000e-01
5.075755874886656027e-01,-3.199478954916695206e-01,5.000000000000000000e-01
5.075415286869955356e-01,-3.200020117331414671e-01,5.000000000000000000e-01
5.075093080144896796e-01,-3.200531886906718970e-01,5.000000000000000000e-01
5.074789326294837366e-01,-3.201014180123056274e-01,5.000000000000000000e-01
5.074503786412819517e-01,-3.201467406350657630e-01,5.000000000000000000e-01
5.074236428199183635e-01,-3.201891643689467326e-01,5.000000000000000000e-01
5.073987241643210799e-01,-3.202286933167323157e-01,5.000000000000000000e-01
5.073756176797221684e-01,-3.202653377701790705e-01,5.000000000000000000e-01
5.073543156977184942e-01,-3.202991120939684966e-01,5.000000000000000000e-01
5.073348085928007789e-01,-3.203300335792030884e-01,5.000000000000000000e-01
5.073170899567065462e-01,-3.203581142283368766e-01,5.000000000000000000e-01
5.073011624373660045e-01,-3.203833515066937254e-01,5.000000000000000000e-01
5.072870197356139643e-01,-3.204057569193015098e-01,5.000000000000000000e-01
5.072746460228497734e-01,-3.204253569074065333e-01,5.000000000000000000e-01
5.072640471517970706e-01,-3.204421433580408873e-01,5.000000000000000000e-01
5.072552274678892026e-01,-3.204561103995903770e-01,5.000000000000000000e-01
5.072481838643019270e-01,-3.204672638122449402e-01,5.000000000000000000e-01
5.072429035073678927e-01,-3.204756246175478607e-01,5.000000000000000000e-01
5.072393509138954926e-01,-3.204812495427769026e-01,5.000000000000000000e-01
5.072375399615697278e-01,-3.204841169409591850e-01,5.000000000000000000e-01
5.072374992548296380e-01,-3.204841816865813264e-01,5.000000000000000000e-01
5.072391913490281734e-01,-3.204815031256649238e-01,5.000000000000000000e-01
5.072426288443341313e-01,-3.204760611567740169e-01,5.000000000000000000e-01
5.072478241187009518e-01,-3.204678358633479274e-01,5.000000000000000000e-01
5.072547895682972818e-01,-3.204568071253366401e-01,5.000000000000000000e-01
5.072635497179198705e-01,-3.204429354164378685e-01,5.000000000000000000e-01
5.072739843615867716e-01,-3.204264104433957039e-01,5.000000000000000000e-01
5.072860360469744201e-01,-3.204073223844737250e-01,5.000000000000000000e-01
5.072998042130774099e-01,-3.203855125061016995e-01,5.000000000000000000e-01
5.073153473746419007e-01,-3.203608866975851122e-01,5.000000000000000000e-01
5.073326578071217785e-01,-3.203334557055748100e-01,5.000000000000000000e-01
5.073517416983062134e-01,-3.203032080243090052e-01,5.000000000000000000e-01
5.073726198284396194e-01,-3.202701087769814770e-01,5.000000000000000000e-01
5.073951960303073605e-01,-3.202343087180031245e-01,5.000000000000000000e-01
5.074194067747537229e-01,-3.201959067833238803e-01,5.000000000000000000e-01
5.074453686288429299e-01,-3.201547153981879612e-01,5.000000000000000000e-01
5.074730812106548195e-01,-3.201107326524660346e-01,5.000000000000000000e-01
5.075024642817687059e-01,-3.200640836693986468e-01,5.000000000000000000e-01
5.075334507489204228e-01,-3.200148727095990520e-01,5.000000000000000000e-01
5.075660884282476859e-01,-3.199630208213898319e-01,5.000000000000000000e-01
5.076004985121126412e-01,-3.199083315994086796e-01,5.000000000000000000e-01
5.076366207614249060e-01,-3.198508978468260766e-01,5.000000000000000000e-01
5.076744746226944383e-01,-3.197906850379632626e-01,5.000000000000000000e-01
5.077139971178143973e-01,-3.197277902744357636e-01,5.000000000000000000e-01
5.077551673931357534e-01,-3.196622433022436316e-01,5.000000000000000000e-01
5.077979251946344030e-01,-3.195941369260871801e-01,5.000000000000000000e-01
5.078421786689107931e-01,-3.195236147666181692e-01,5.000000000000000000e-01
5.078880337931732658e-01,-3.194505029591375167e-01,5.000000000000000000e-01
5.079354923553415224e-01,-3.193747945065903981e-01,5.000000000000000000e-01
5.079846648224035643e-01,-3.192963073490969750e-01,5.000000000000000000e-01
5.080356456408230414e-01,-3.192148845507190025e-01,5.000000000000000000e-01
5.080882502775163623e-01,-3.191308184862096109e-01,5.000000000000000000e-01
5.081424222907671151e-01,-3.190441954822084702e-01,5.000000000000000000e-01
5.081982728053051623e-01,-3.189548310524059072e-01,5.000000000000000000e-01
5.082556967099276513e-01,-3.188628900053443460e-01,5.000000000000000000e-01
5.083148301221777077e-01,-3.187681465767103761e-01,5.000000000000000000e-01
5.083756814032174276e-01,-3.186705814145960325e-01,5.000000000000000000e-01
5.084381014159505829e-01,-3.185704309252357924e-01,5.000000000000000000e-01
5.085021968029537209e-01,-3.184675159309426351e-01,5.000000000000000000e-01
5.085679427715440459e-01,-3.183618706581609059e-01,5.000000000000000000e-01
5.086353296851084949e-01,-3.182535046077369367e-01,5.000000000000000000e-01
5.087044881179235700e-01,-3.181421979609627693e-01,5.000000000000000000e-01
5.087751618573603807e-01,-3.180283631358269969e-01,5.000000000000000000e-01
5.088472055900317148e-01,-3.179122320868008611e-01,5.000000000000000000e-01
5.089208759277007443e-01,-3.177933773584156740e-01,5.000000000000000000e-01
5.089961918524852358e-01,-3.176717606828964868e-01,5.000000000000000000e-01
5.090728423492525412e-01,-3.175478872570711708e-01,5.000000000000000000e-01
5.091509892611740806e-01,-3.174214835612531593e-01,5.000000000000000000e-01
5.092308739202753287e-01,-3.172921434329742940e-01,5.000000000000000000e-01
5.093125028979544888e-01,-3.171598480511159668e-01,5.000000000000000000e-01
5.093960692326806594e-01,-3.170242689122793056e-01,5.000000000000000000e-01
5.094813766204395744e-01,-3.168857234037098514e-01,5.000000000000000000e-01
5.095682251333444324e-01,-3.167445360156232459e-01,5.000000000000000000e-01
5.096567828578222326e-01,-3.166004180427445802e-01,5.000000000000000000e-01
5.097470668855792475e-01,-3.164533320047350218e-01,5.000000000000000000e-01
5.098389761063820691e-01,-3.163034382686615853e-01,5.000000000000000000e-01
5.099324530199560446e-01,-3.161508243369187676e-01,5.000000000000000000e-01
5.100273829312510498e-01,-3.159956741565705940e-01,5.000000000000000000e-01
5.101239580114348415e-01,-3.158376546669393048e-01,5.000000000000000000e-01
5.102220825404442106e-01,-3.156769179309285578e-01,5.000000000000000000e-01
5.103216219244572915e-01,-3.155136824275798224e-01,5.000000000000000000e-01
5.104224904080151282e-01,-3.153480841428795700e-01,5.000000000000000000e-01
5.105248639845832992e-01,-3.151798142397406743e-01,5.000000000000000000e-01
5.106290927210181962e-01,-3.150082655181301594e-01,5.000000000000000000e-01
5.107348853842299530e-01,-3.148339251775146841e-01,5.000000000000000000e-01
5.108423274090597710e-01,-3.146566363519519571e-01,5.000000000000000000e-01
5.109516115595764685e-01,-3.144760569818605411e-01,5.000000000000000000e-01
5.110626734156200612e-01,-3.142922866716882924e-01,5.000000000000000000e-01
5.111755052021929036e-01,-3.141053273642484545e-01,5.000000000000000000e-01
5.112901115710242195e-01,-3.139151591756861315e-01,5.000000000000000000e-01
5.114065641289124997e-01,-3.137216457705930273e-01,5.000000000000000000e-01
5.115249829237977774e-01,-3.135245656541768566e-01,5.000000000000000000e-01
5.116451036153645271e-01,-3.133243673724961376e-01,5.000000000000000000e-01
5.117669019751560633e-01,-3.131210804153213845e-01,5.000000000000000000e-01
5.118906073665571155e-01,-3.129142886752693253e-01,5.000000000000000000e-01
5.120158111086905439e-01,-3.127046979512382308e-01,5.000000000000000000e-01
5.121424881007450303e-01,-3.124923388534641133e-01,5.000000000000000000e-01
5.122710911971763981e-01,-3.122763948068759121e-01,5.000000000000000000e-01
5.124014111673562688e-01,-3.120572232137874824e-01,5.000000000000000000e-01
5.125331391872638420e-01,-3.118353597738956484e-01,5.000000000000000000e-01
5.126661518791006955e-01,-3.116110097967205728e-01,5.000000000000000000e-01
5.128005314864307884e-01,-3.113840101978034847e-01,5.000000000000000000e-01
5.129362255869485132e-01,-3.111544396186042283e-01,5.000000000000000000e-01
5.130732600589322789e-01,-3.109222357487055888e-01,5.000000000000000000e-01
5.132114894681782946e-01,-3.106876459748142971e-01,5.000000000000000000e-01
5.133506979415929372e-01,-3.104510465633730787e-01,5.000000000000000000e-01
5.134910430546559823e-01,-3.102121335209206410e-01,5.000000000000000000e-01
5.136324631955893061e-01,-3.099710035263619767e-01,5.000000000000000000e-01
5.137751546433082517e-01,-3.097272805141932372e-01,5.000000000000000000e-01
5.139191842044642522e-01,-3.094808262076860217e-01,5.000000000000000000e-01
5.140644848913558107e-01,-3.092317497020801165e-01,5.000000000000000000e-01
5.142112916483565499e-01,-3.089796003439225780e-01,5.000000000000000000e-01
5.143597136442024098e-01,-3.087241609575234746e-01,5.000000000000000000e-01
5.145097163609850810e-01,-3.084654822236074789e-01,5.000000000000000000e-01
5.146610785566583246e-01,-3.082039642777203992e-01,5.000000000000000000e-01
5.148134511386033285e-01,-3.079402477093141077e-01,5.000000000000000000e-01
5.149667341020447431e-01,-3.076745031068768288e-01,5.000000000000000000e-01
5.151209623982315744e-01,-3.074066454019484529e-01,5.000000000000000000e-01
5.152762280585843069e-01,-3.071364814460590398e-01,5.000000000000000000e-01
5.154326014358713293e-01,-3.068638596473614033e-01,5.000000000000000000e-01
5.155902135682085552e-01,-3.065885126704621655e-01,5.000000000000000000e-01
5.157492532187016865e-01,-3.063100620493909854e-01,5.000000000000000000e-01
5.159099106716527050e-01,-3.060281268146632927e-01,5.000000000000000000e-01
5.160720427717264691e-01,-3.057429719100945853e-01,5.000000000000000000e-01
5.162352199289270693e-01,-3.054554197907350943e-01,5.000000000000000000e-01
5.163994713967507977e-01,-3.051653940661948616e-01,5.000000000000000000e-01
5.165645900508887278e-01,-3.048732823597141151e-01,5.000000000000000000e-01
5.167306303271028689e-01,-3.045789567341677939e-01,5.000000000000000000e-01
5.168978727362405490e-01,-3.042818414851993780e-01,5.000000000000000000e-01
5.170658720766643235e-01,-3.039828055112949734e-01,5.000000000000000000e-01
5.172347108132568927e-01,-3.036816627780188904e-01,5.000000000000000000e-01
5.174047166956423638e-01,-3.033777350747617341e-01,5.000000000000000000e-01
5.175758447303431264e-01,-3.030710982118011154e-01,5.000000000000000000e-01
5.177479768098280921e-01,-3.027619747787684279e-01,5.000000000000000000e-01
5.179208804579789049e-01,-3.024508196219543588e-01,5.000000000000000000e-01
5.180947156682529364e-01,-3.021372844414461634e-01,5.000000000000000000e-01
5.182695703318749292e-01,-3.018211705663044198e-01,5.000000000000000000e-01
5.184455236841891690e-01,-3.015022981985822081e-01,5.000000000000000000e-01
5.186226955482614587e-01,-3.011804041457689651e-01,5.000000000000000000e-01
5.188013226452314886e-01,-3.008549830546377590e-01,5.000000000000000000e-01
5.189812992425597571e-01,-3.005262460802674562e-01,5.000000000000000000e-01
5.191624236308869378e-01,-3.001946045346551850e-01,5.000000000000000000e-01
5.193448098828314929e-01,-2.998597996411802580e-01,5.000000000000000000e-01
5.195282187751519842e-01,-2.995223225434084924e-01,5.000000000000000000e-01
5.197125098990881265e-01,-2.991824508755855372e-01,5.000000000000000000e-01
5.198980387180314189e-01,-2.988393981055984527e-01,5.000000000000000000e-01
5.200847813879908577e-01,-2.984931985766020035e-01,5.000000000000000000e-01
5.202723377859688192e-01,-2.981447009557027794e-01,5.000000000000000000e-01
5.204605652193763365e-01,-2.977941870883127895e-01,5.000000000000000000e-01
5.206496730008549623e-01,-2.974411678591111219e-01,5.000000000000000000e-01
5.208394804641218734e-01,-2.970860146833366189e-01,5.000000000000000000e-01
5.210299123028878654e-01,-2.967288658139661806e-01,5.000000000000000000e-01
5.212214782646029665e-01,-2.963685573418535224e-01,5.000000000000000000e-01
5.214139693467861880e-01,-2.960055423627702131e-01,5.000000000000000000e-01
5.216074517008688627e-01,-2.956396522589205822e-01,5.000000000000000000e-01
5.218021393294050014e-01,-2.952703841993282730e-01,5.000000000000000000e-01
5.219978751146551188e-01,-2.948980835500992215e-01,5.000000000000000000e-01
5.221944992266895902e-01,-2.945230965992935435e-01,5.000000000000000000e-01
5.223917631219312518e-01,-2.941459694274145553e-01,5.000000000000000000e-01
5.225895775927955622e-01,-2.937668740046521787e-01,5.000000000000000000e-01
5.227883209594248459e-01,-2.933848953419425643e-01,5.000000000000000000e-01
5.229880820004653152e-01,-2.929998054134662633e-01,5.000000000000000000e-01
5.231884934583571622e-01,-2.926124527707751888e-01,5.000000000000000000e-01
5.233896226235003057e-01,-2.922226460756624511e-01,5.000000000000000000e-01
5.235913279674410115e-01,-2.918306933352183830e-01,5.000000000000000000e-01
5.237933843660285138e-01,-2.914371002247492237e-01,5.000000000000000000e-01
5.239957468045282063e-01,-2.910419318702928138e-01,5.000000000000000000e-01
5.241986988147728788e-01,-2.906444596199155850e-01,5.000000000000000000e-01
5.244025532256838540e-01,-2.902438947991847762e-01,5.000000000000000000e-01
5.246073660243157910e-01,-2.898400932110869466e-01,5.000000000000000000e-01
5.248131737014621878e-01,-2.894329583754285951e-01,5.000000000000000000e-01
5.250197740289346271e-01,-2.890229874516517250e-01,5.000000000000000000e-01
5.252270508011973593e-01,-2.886104518603976876e-01,5.000000000000000000e-01
5.254348887570450266e-01,-2.881956150700011321e-01,5.000000000000000000e-01
5.256430935497333756e-01,-2.877789362481606439e-01,5.000000000000000000e-01
5.258513139061145036e-01,-2.873612672990598638e-01,5.000000000000000000e-01
5.260592995546933270e-01,-2.869431873543463185e-01,5.000000000000000000e-01
5.262671562595439001e-01,-2.865243478575714153e-01,5.000000000000000000e-01
5.264747830493333725e-01,-2.861049502369618081e-01,5.000000000000000000e-01
5.266819610896045223e-01,-2.856855073371579179e-01,5.000000000000000000e-01
5.268886009561596362e-01,-2.852661836578813115e-01,5.000000000000000000e-01
5.270947913214627523e-01,-2.848466756043763759e-01,5.000000000000000000e-01
5.273010130395936468e-01,-2.844256449967197398e-01,5.000000000000000000e-01
5.275075259741262013e-01,-2.840023857702469456e-01,5.000000000000000000e-01
5.277141770718588587e-01,-2.835773288753989374e-01,5.000000000000000000e-01
5.279207608412400665e-01,-2.831510365453862033e-01,5.000000000000000000e-01
5.281274942284110985e-01,-2.827228963149919228e-01,5.000000000000000000e-01
5.283346289962700393e-01,-2.822922150772003702e-01,5.000000000000000000e-01
5.285418842540619000e-01,-2.818598012456896562e-01,5.000000000000000000e-01
5.287487838414793861e-01,-2.814269863185036025e-01,5.000000000000000000e-01
5.289553304660691291e-01,-2.809937115488941872e-01,5.000000000000000000e-01
5.291620239400779413e-01,-2.805585083329889540e-01,5.000000000000000000e-01
5.293688389979696041e-01,-2.801214593299066191e-01,5.000000000000000000e-01
5.295755437856595194e-01,-2.796832437483307565e-01,5.000000000000000000e-01
5.297824467624383526e-01,-2.792429442522452732e-01,5.000000000000000000e-01
5.299894687629154166e-01,-2.788008080737688354e-01,5.000000000000000000e-01
5.301965865929846311e-01,-2.783569107710131552e-01,5.000000000000000000e-01
5.304039266584883450e-01,-2.779108736507314714e-01,5.000000000000000000e-01
5.306114024109209737e-01,-2.774629718483247465e-01,5.000000000000000000e-01
5.308190550906815020e-01,-2.770130792005858211e-01,5.000000000000000000e-01
5.310268890793459207e-01,-2.765611862597060489e-01,5.000000000000000000e-01
5.312350837364041567e-01,-2.761067432140400513e-01,5.000000000000000000e-01
5.314437845234197821e-01,-2.756493232668259519e-01,5.000000000000000000e-01
5.316528752516365142e-01,-2.751893269427967414e-01,5.000000000000000000e-01
5.318620071650735914e-01,-2.747278659002689860e-01,5.000000000000000000e-01
5.320710899759863999e-01,-2.742651833325756572e-01,5.000000000000000000e-01
5.322804203223612252e-01,-2.738002742841434412e-01,5.000000000000000000e-01
5.324900225445372559e-01,-2.733330552745222297e-01,5.000000000000000000e-01
5.326996053439438938e-01,-2.728644754271298267e-01,5.000000000000000000e-01
5.329091808569985655e-01,-2.723944426662646134e-01,5.000000000000000000e-01
5.331189222357597401e-01,-2.719223368599205104e-01,5.000000000000000000e-01
5.333287208494175147e-01,-2.714485093084986200e-01,5.000000000000000000e-01
5.335384896488253315e-01,-2.709732243378423222e-01,5.000000000000000000e-01
5.337481209142003191e-01,-2.704968001406330980e-01,5.000000000000000000e-01
5.339572163834428453e-01,-2.700205423720812847e-01,5.000000000000000000e-01
5.341658015123971204e-01,-2.695442286223103667e-01,5.000000000000000000e-01
5.343741130186818733e-01,-2.690669189077713463e-01,5.000000000000000000e-01
5.345819233170414631e-01,-2.685893714646453989e-01,5.000000000000000000e-01
5.347888666837434801e-01,-2.681128031386151300e-01,5.000000000000000000e-01
5.349952198190780495e-01,-2.676360660403501179e-01,5.000000000000000000e-01
5.352013441503160607e-01,-2.671577820880103871e-01,5.000000000000000000e-01
5.354072055597167701e-01,-2.666781132520195663e-01,5.000000000000000000e-01
5.356128286472248146e-01,-2.661969926462525171e-01,5.000000000000000000e-01
5.358181088276339210e-01,-2.657148352388697399e-01,5.000000000000000000e-01
5.360229072040647580e-01,-2.652321597299422407e-01,5.000000000000000000e-01
5.362272360395540227e-01,-2.647488767513356822e-01,5.000000000000000000e-01
5.364310114457744305e-01,-2.642652758914312838e-01,5.000000000000000000e-01
5.366343713541603666e-01,-2.637807763456434529e-01,5.000000000000000000e-01
5.368372015489233373e-01,-2.632958201704648782e-01,5.000000000000000000e-01
5.370391389250908087e-01,-2.628118130168596855e-01,5.000000000000000000e-01
5.372403504414801079e-01,-2.623279469413480891e-01,5.000000000000000000e-01
5.374410808776104442e-01,-2.618431746416217676e-01,5.000000000000000000e-01
5.376412421488098170e-01,-2.613578881012226240e-01,5.000000000000000000e-01
5.378405177431675455e-01,-2.608733911360096580e-01,5.000000000000000000e-01
5.380390142890651983e-01,-2.603891332999830333e-01,5.000000000000000000e-01
5.382370447670397073e-01,-2.599037503188886267e-01,5.000000000000000000e-01
5.384346115010227862e-01,-2.594173146628737658e-01,5.000000000000000000e-01
5.386315723102544917e-01,-2.589305072742908442e-01,5.000000000000000000e-01
5.388279704564684636e-01,-2.584431447606266308e-01,5.000000000000000000e-01
5.390239620599043269e-01,-2.579545633752709510e-01,5.000000000000000000e-01
5.392194235596143859e-01,-2.574653927898281625e-01,5.000000000000000000e-01
5.394144524665063223e-01,-2.569752184116347316e-01,5.000000000000000000e-01
5.396094284281325315e-01,-2.564823777880083644e-01,5.000000000000000000e-01
5.398043924485189660e-01,-2.559869076135602439e-01,5.000000000000000000e-01
5.399992623446847606e-01,-2.554893880768826508e-01,5.000000000000000000e-01
5.401939354277129901e-01,-2.549904123061096928e-01,5.000000000000000000e-01
5.403884292463336791e-01,-2.544899331790825836e-01,5.000000000000000000e-01
5.405828561635566132e-01,-2.539874415460331436e-01,5.000000000000000000e-01
5.407770426821142395e-01,-2.534838588128935921e-01,5.000000000000000000e-01
5.409710018131543841e-01,-2.529790902989189072e-01,5.000000000000000000e-01
5.411647732085007600e-01,-2.524729038430127415e-01,5.000000000000000000e-01
5.413582231825667668e-01,-2.519659770301951873e-01,5.000000000000000000e-01
5.415514151775404628e-01,-2.514578961431740978e-01,5.000000000000000000e-01
5.417442894618794691e-01,-2.509489369058661157e-01,5.000000000000000000e-01
5.419367778898462884e-01,-2.504393897752952292e-01,5.000000000000000000e-01
5.421287715042120148e-01,-2.499297256750583895e-01,5.000000000000000000e-01
5.423200352858046358e-01,-2.494210441959921476e-01,5.000000000000000000e-01
5.425105412525792481e-01,-2.489132007268837210e-01,5.000000000000000000e-01
5.427002520337230740e-01,-2.484061434547982505e-01,5.000000000000000000e-01
5.428891500908372691e-01,-2.478997612341736212e-01,5.000000000000000000e-01
5.430774558752777814e-01,-2.473926330911720428e-01,5.000000000000000000e-01
5.432652616281110625e-01,-2.468842968173897978e-01,5.000000000000000000e-01
5.434525688778355512e-01,-2.463748826906590472e-01,5.000000000000000000e-01
5.436393599964023382e-01,-2.458646017281396201e-01,5.000000000000000000e-01
5.438255443894055574e-01,-2.453540566003347689e-01,5.000000000000000000e-01
5.440111159562766030e-01,-2.448432471723059056e-01,5.000000000000000000e-01
5.441962083538864903e-01,-2.443313165401150289e-01,5.000000000000000000e-01
5.443809203777065786e-01,-2.438177706954009483e-01,5.000000000000000000e-01
5.445651873146450939e-01,-2.433032135548740260e-01,5.000000000000000000e-01
5.447489115004388038e-01,-2.427883460016747597e-01,5.000000000000000000e-01
5.449321411502843215e-01,-2.422727843367147305e-01,5.000000000000000000e-01
5.451149517088956786e-01,-2.417560413574582068e-01,5.000000000000000000e-01
5.452972823853263762e-01,-2.412386255197330187e-01,5.000000000000000000e-01
5.454789406369291438e-01,-2.407218439484944683e-01,5.000000000000000000e-01
5.456599653721203591e-01,-2.402051581998078111e-01,5.000000000000000000e-01
5.458405408851820795e-01,-2.396871316847435374e-01,5.000000000000000000e-01
5.460206413064494502e-01,-2.391681371949481716e-01,5.000000000000000000e-01
5.462001971029979419e-01,-2.386487800026693418e-01,5.000000000000000000e-01
5.463791599746027350e-01,-2.381293584560888466e-01,5.000000000000000000e-01
5.465575008110508115e-01,-2.376099797688363546e-01,5.000000000000000000e-01
5.467352626671992954e-01,-2.370901812895304661e-01,5.000000000000000000e-01
5.469123947291054666e-01,-2.365703546138689939e-01,5.000000000000000000e-01
5.470888394013686540e-01,-2.360508627818381222e-01,5.000000000000000000e-01
5.472645944024172593e-01,-2.355315455017297221e-01,5.000000000000000000e-01
5.474396509350571982e-01,-2.350123605205728661e-01,5.000000000000000000e-01
5.476139189398518958e-01,-2.344939699386251464e-01,5.000000000000000000e-01
5.477873410105009722e-01,-2.339766140236542724e-01,5.000000000000000000e-01
5.479599488717379341e-01,-2.334597202806161231e-01,5.000000000000000000e-01
5.481318344653092201e-01,-2.329423977769174425e-01,5.000000000000000000e-01
5.483030250146969653e-01,-2.324245920851157887e-01,5.000000000000000000e-01
5.484734886064913661e-01,-2.319068192485591318e-01,5.000000000000000000e-01
5.486432246739285645e-01,-2.313891081975599506e-01,5.000000000000000000e-01
5.488121462576711629e-01,-2.308723160324009926e-01,5.000000000000000000e-01
5.489802254672411230e-01,-2.303564617836772466e-01,5.000000000000000000e-01
5.491475231106766053e-01,-2.298407062243991439e-01,5.000000000000000000e-01
5.493141508416630181e-01,-2.293240211912355164e-01,5.000000000000000000e-01
5.494801910784172794e-01,-2.288060277696032374e-01,5.000000000000000000e-01
5.496456628452275339e-01,-2.282871186387798734e-01,5.000000000000000000e-01
5.498104790958084909e-01,-2.277686074073874689e-01,5.000000000000000000e-01
5.499745773361882639e-01,-2.272510261780352758e-01,5.000000000000000000e-01
5.501380283170674845e-01,-2.267331750927475964e-01,5.000000000000000000e-01
5.503008635596766673e-01,-2.262148564255190841e-01,5.000000000000000000e-01
5.504631340317889254e-01,-2.256957258222851426e-01,5.000000000000000000e-01
5.506249142306365307e-01,-2.251752572182504353e-01,5.000000000000000000e-01
5.507862059792212328e-01,-2.246540277808238839e-01,5.000000000000000000e-01
5.509469955422179321e-01,-2.241324867575893443e-01,5.000000000000000000e-01
5.511072876532070453e-01,-2.236105736206252526e-01,5.000000000000000000e-01
5.512671056841853545e-01,-2.230880145778915136e-01,5.000000000000000000e-01
5.514264837640812100e-01,-2.225645078323079118e-01,5.000000000000000000e-01
5.515853902191589775e-01,-2.220408312708754828e-01,5.000000000000000000e-01
5.517437919663793489e-01,-2.215173339911582218e-01,5.000000000000000000e-01
5.519017091591680302e-01,-2.209933481826344415e-01,5.000000000000000000e-01
5.520591725655623616e-01,-2.204684916960546748e-01,5.000000000000000000e-01
5.522161342689850816e-01,-2.199438584456218093e-01,5.000000000000000000e-01
5.523725204770171260e-01,-2.194202790845964646e-01,5.000000000000000000e-01
5.525283318783326125e-01,-2.188967525933901148e-01,5.000000000000000000e-01
5.526835479972231902e-01,-2.183734812126059133e-01,5.000000000000000000e-01
5.528381080105611023e-01,-2.178513353802293273e-01,5.000000000000000000e-01
5.529919608896258776e-01,-2.173303590891444426e-01,5.000000000000000000e-01
5.531450680076065440e-01,-2.168104527421571004e-01,5.000000000000000000e-01
5.532973872686204331e-01,-2.162918089214536099e-01,5.000000000000000000e-01
5.534488694108605777e-01,-2.157747338193989894e-01,5.000000000000000000e-01
5.535994997239547244e-01,-2.152586323716347561e-01,5.000000000000000000e-01
5.537492764142024626e-01,-2.147433041383702279e-01,5.000000000000000000e-01
5.538981804595890512e-01,-2.142293050648430563e-01,5.000000000000000000e-01
5.540462003923244394e-01,-2.137164171293958193e-01,5.000000000000000000e-01
5.541933325055061754e-01,-2.132045689275163525e-01,5.000000000000000000e-01
5.543395656378971026e-01,-2.126940719458418894e-01,5.000000000000000000e-01
5.544848931690991023e-01,-2.121847797314662665e-01,5.000000000000000000e-01
5.546293347735208323e-01,-2.116760340445964506e-01,5.000000000000000000e-01
5.547729229508061577e-01,-2.111677604137066622e-01,5.000000000000000000e-01
5.549156823922689608e-01,-2.106602298247646221e-01,5.000000000000000000e-01
5.550576382465414182e-01,-2.101531478020963184e-01,5.000000000000000000e-01
5.551988285596146655e-01,-2.096461937280385546e-01,5.000000000000000000e-01
5.553392892542307058e-01,-2.091396233556454543e-01,5.000000000000000000e-01
5.554790352629420669e-01,-2.086339090235214966e-01,5.000000000000000000e-01
5.556180661513139274e-01,-2.081290886345905089e-01,5.000000000000000000e-01
5.557563919695591714e-01,-2.076246371961283088e-01,5.000000000000000000e-01
5.558940456637613270e-01,-2.071201731053037287e-01,5.000000000000000000e-01
5.560310569278668069e-01,-2.066164276924813969e-01,5.000000000000000000e-01
5.561674212105345294e-01,-2.061138504639627722e-01,5.000000000000000000e-01
5.563031193228278326e-01,-2.056122265517163483e-01,5.000000000000000000e-01
5.564381466947534438e-01,-2.051114581084663713e-01,5.000000000000000000e-01
5.565724937955454088e-01,-2.046123050481949424e-01,5.000000000000000000e-01
5.567061224930605068e-01,-2.041150880268997603e-01,5.000000000000000000e-01
5.568389872630215010e-01,-2.036192638586327985e-01,5.000000000000000000e-01
5.569710778262293438e-01,-2.031249233967513668e-01,5.000000000000000000e-01
5.571023809550081918e-01,-2.026321188902324988e-01,5.000000000000000000e-01
5.572328818677588780e-01,-2.021416309603883410e-01,5.000000000000000000e-01
5.573625322120325798e-01,-2.016533887090893318e-01,5.000000000000000000e-01
5.574912948112784594e-01,-2.011667280431170546e-01,5.000000000000000000e-01
5.576191781491950383e-01,-2.006812733193326648e-01,5.000000000000000000e-01
5.577462109038805460e-01,-2.001968315467113069e-01,5.000000000000000000e-01
5.578724323196231349e-01,-1.997134755656464478e-01,5.000000000000000000e-01
5.579978735949049362e-01,-1.992320489362407188e-01,5.000000000000000000e-01
5.581225191793559581e-01,-1.987531159735319020e-01,5.000000000000000000e-01
5.582463158589981989e-01,-1.982760670150494620e-01,5.000000000000000000e-01
5.583692582838042373e-01,-1.978005352973520037e-01,5.000000000000000000e-01
5.584913659615593495e-01,-1.973264737933854152e-01,5.000000000000000000e-01
5.586126623324938478e-01,-1.968538383821765436e-01,5.000000000000000000e-01
5.587331695309559754e-01,-1.963826334998557133e-01,5.000000000000000000e-01
5.588529184842871977e-01,-1.959137200549654900e-01,5.000000000000000000e-01
5.589718800740973714e-01,-1.954472875818275834e-01,5.000000000000000000e-01
5.590900093398680770e-01,-1.949827639036150750e-01,5.000000000000000000e-01
5.592073073935075467e-01,-1.945197866003898213e-01,5.000000000000000000e-01
5.593238071398767275e-01,-1.940585850076244345e-01,5.000000000000000000e-01
5.594395293192098162e-01,-1.935996388522808476e-01,5.000000000000000000e-01
5.595544634180289467e-01,-1.931434295860203487e-01,5.000000000000000000e-01
5.596685638454761413e-01,-1.926897554630679910e-01,5.000000000000000000e-01
5.597817985241978489e-01,-1.922381020639732929e-01,5.000000000000000000e-01
5.598941877601969486e-01,-1.917885398383751550e-01,5.000000000000000000e-01
5.600057477460791411e-01,-1.913412628163362328e-01,5.000000000000000000e-01
5.601164834830136829e-01,-1.908964877224128553e-01,5.000000000000000000e-01
5.602263749994627062e-01,-1.904538235107183231e-01,5.000000000000000000e-01
5.603354334339039067e-01,-1.900129708636563441e-01,5.000000000000000000e-01
5.604437069347747435e-01,-1.895744200399808455e-01,5.000000000000000000e-01
5.605511932047779755e-01,-1.891380027789741070e-01,5.000000000000000000e-01
5.606578906478395519e-01,-1.887031589242094687e-01,5.000000000000000000e-01
5.607638583834100299e-01,-1.882701945386511533e-01,5.000000000000000000e-01
5.608691200549933420e-01,-1.878391215949654358e-01,5.000000000000000000e-01
5.609736938332945400e-01,-1.874099631951990919e-01,5.000000000000000000e-01
5.610775963406007261e-01,-1.869827228494038152e-01,5.000000000000000000e-01
5.611808343756174988e-01,-1.865571636021085833e-01,5.000000000000000000e-01
5.612834426231618767e-01,-1.861334850543774067e-01,5.000000000000000000e-01
5.613854428854048173e-01,-1.857121656064055493e-01,5.000000000000000000e-01
5.614868184782531024e-01,-1.852935617125243406e-01,5.000000000000000000e-01
5.615875200138603640e-01,-1.848775561819082369e-01,5.000000000000000000e-01
5.616875111236444562e-01,-1.844637324169827453e-01,5.000000000000000000e-01
5.617867990123586175e-01,-1.840518818039992843e-01,5.000000000000000000e-01
5.618854226258105378e-01,-1.836424242232960191e-01,5.000000000000000000e-01
5.619833713315651735e-01,-1.832351835546569552e-01,5.000000000000000000e-01
5.620806386984251724e-01,-1.828295830152327772e-01,5.000000000000000000e-01
5.621772850832882362e-01,-1.824258369218071385e-01,5.000000000000000000e-01
5.622733456466613156e-01,-1.820242378468785727e-01,5.000000000000000000e-01
5.623688149379779677e-01,-1.816245672991788351e-01,5.000000000000000000e-01
5.624637117833926059e-01,-1.812269121666552629e-01,5.000000000000000000e-01
5.625580520135995410e-01,-1.808315242177200299e-01,5.000000000000000000e-01
5.626518140760472519e-01,-1.804380019591616535e-01,5.000000000000000000e-01
5.627450217356906315e-01,-1.800463122474199318e-01,5.000000000000000000e-01
5.628377016055465809e-01,-1.796564840043174405e-01,5.000000000000000000e-01
5.629298683846223339e-01,-1.792684625561062617e-01,5.000000000000000000e-01
5.630215496664334740e-01,-1.788827489834053930e-01,5.000000000000000000e-01
5.631127165595444239e-01,-1.784992175427015382e-01,5.000000000000000000e-01
5.632033509680387517e-01,-1.781173498360249519e-01,5.000000000000000000e-01
5.632934946818455302e-01,-1.777370194788625568e-01,5.000000000000000000e-01
5.633831913528091206e-01,-1.773580863606705194e-01,5.000000000000000000e-01
5.634724883849731025e-01,-1.769805690446061841e-01,5.000000000000000000e-01
5.635614210913837407e-01,-1.766046554896758825e-01,5.000000000000000000e-01
5.636499977501234770e-01,-1.762303970210947479e-01,5.000000000000000000e-01
5.637382189786137587e-01,-1.758578909939101098e-01,5.000000000000000000e-01
5.638260787075308755e-01,-1.754871617503473979e-01,5.000000000000000000e-01
5.639135704812978656e-01,-1.751180282026365553e-01,5.000000000000000000e-01
5.640007086248062240e-01,-1.747505807529109445e-01,5.000000000000000000e-01
5.640874956524251083e-01,-1.743849378483024459e-01,5.000000000000000000e-01
5.641739256981681550e-01,-1.740209216522871638e-01,5.000000000000000000e-01
5.642600158637129937e-01,-1.736583240920782645e-01,5.000000000000000000e-01
5.643457986882520760e-01,-1.732971765030645317e-01,5.000000000000000000e-01
5.644312923386305414e-01,-1.729375789859189383e-01,5.000000000000000000e-01
5.645165043321154208e-01,-1.725794470511899659e-01,5.000000000000000000e-01
5.646014410259361238e-01,-1.722229206553294589e-01,5.000000000000000000e-01
5.646860896608451030e-01,-1.718682453000281718e-01,5.000000000000000000e-01
5.647704138881020075e-01,-1.715155646335859707e-01,5.000000000000000000e-01
5.648543834096156901e-01,-1.711649117371003004e-01,5.000000000000000000e-01
5.649379815049579978e-01,-1.708161981794902584e-01,5.000000000000000000e-01
5.650211996676783865e-01,-1.704695796161889709e-01,5.000000000000000000e-01
5.651040156132132175e-01,-1.701251742060727046e-01,5.000000000000000000e-01
5.651864127824022255e-01,-1.697829684794217586e-01,5.000000000000000000e-01
5.652683888205138896e-01,-1.694429183872157851e-01,5.000000000000000000e-01
5.653499423040058147e-01,-1.691050904574512570e-01,5.000000000000000000e-01
5.654310825145419939e-01,-1.687694007125377094e-01,5.000000000000000000e-01
5.655118390789501959e-01,-1.684356871755724461e-01,5.000000000000000000e-01
5.655922506602033550e-01,-1.681038625283717280e-01,5.000000000000000000e-01
5.656723567377640594e-01,-1.677738206104557872e-01,5.000000000000000000e-01
5.657521800426656977e-01,-1.674455583440302708e-01,5.000000000000000000e-01
5.658317426071350909e-01,-1.671190356936516908e-01,5.000000000000000000e-01
5.659110929264312695e-01,-1.667940815428709811e-01,5.000000000000000000e-01
5.659902742245059848e-01,-1.664705877679811818e-01,5.000000000000000000e-01
5.660693009978557955e-01,-1.661485477477979977e-01,5.000000000000000000e-01
5.661481686517483292e-01,-1.658279951663687857e-01,5.000000000000000000e-01
5.662268756786235091e-01,-1.655089546966491409e-01,5.000000000000000000e-01
5.663054380137753085e-01,-1.651914073522291471e-01,5.000000000000000000e-01
5.663838276131949456e-01,-1.648754067684102820e-01,5.000000000000000000e-01
5.664620121391754637e-01,-1.645610557833532273e-01,5.000000000000000000e-01
5.665399715586665330e-01,-1.642484422121019416e-01,5.000000000000000000e-01
5.666176840354192334e-01,-1.639376509603420184e-01,5.000000000000000000e-01
5.666951416456644797e-01,-1.636287487165821175e-01,5.000000000000000000e-01
5.667723288490104094e-01,-1.633217915723285951e-01,5.000000000000000000e-01
5.668492671688587503e-01,-1.630168180532828581e-01,5.000000000000000000e-01
5.669259866692047956e-01,-1.627138112266892089e-01,5.000000000000000000e-01
5.670025117921914104e-01,-1.624127237501307719e-01,5.000000000000000000e-01
5.670788708407350498e-01,-1.621135040496675672e-01,5.000000000000000000e-01
5.671550542187953070e-01,-1.618160853489158668e-01,5.000000000000000000e-01
5.672310472930388592e-01,-1.615204557196246726e-01,5.000000000000000000e-01
5.673068973297327178e-01,-1.612266689366062822e-01,5.000000000000000000e-01
5.673826420310208452e-01,-1.609346900332685737e-01,5.000000000000000000e-01
5.674582914834831460e-01,-1.606444361413352784e-01,5.000000000000000000e-01
5.675338517735016852e-01,-1.603558530750085476e-01,5.000000000000000000e-01
5.676092850232058451e-01,-1.600688652792583433e-01,5.000000000000000000e-01
5.676846480140965712e-01,-1.597835863227133890e-01,5.000000000000000000e-01
5.677600162207334655e-01,-1.595000535838320688e-01,5.000000000000000000e-01
5.678353392011978862e-01,-1.592180426038958818e-01,5.000000000000000000e-01
5.679105891891713664e-01,-1.589375073157396623e-01,5.000000000000000000e-01
5.679857825528278337e-01,-1.586585229861227075e-01,5.000000000000000000e-01
5.680609190851353407e-01,-1.583811032250554973e-01,5.000000000000000000e-01
5.681360252207019457e-01,-1.581053078952159574e-01,5.000000000000000000e-01
5.682111264378386650e-01,-1.578311598985838449e-01,5.000000000000000000e-01
5.682862038419671524e-01,-1.575585748707125922e-01,5.000000000000000000e-01
5.683611929168106425e-01,-1.572874340968458962e-01,5.000000000000000000e-01
5.684360708119549077e-01,-1.570177957724871176e-01,5.000000000000000000e-01
5.685108260978943839e-01,-1.567497559550029840e-01,5.000000000000000000e-01
5.685853904858513275e-01,-1.564832762668638966e-01,5.000000000000000000e-01
5.686598394910382659e-01,-1.562186960079137155e-01,5.000000000000000000e-01
5.687341953337377021e-01,-1.559560955047441799e-01,5.000000000000000000e-01
5.688084111756748218e-01,-1.556953604462473217e-01,5.000000000000000000e-01
5.688825483397061955e-01,-1.554366944838720954e-01,5.000000000000000000e-01
5.689566138128092643e-01,-1.551800833241097632e-01,5.000000000000000000e-01
5.690305983613572760e-01,-1.549254728282573601e-01,5.000000000000000000e-01
5.691045342333094226e-01,-1.546729345330341565e-01,5.000000000000000000e-01
5.691783896370933293e-01,-1.544223466423073621e-01,5.000000000000000000e-01
5.692520327172343464e-01,-1.541733891310545501e-01,5.000000000000000000e-01
5.693253377019444894e-01,-1.539259153157424009e-01,5.000000000000000000e-01
5.693984197527321989e-01,-1.536805120349361842e-01,5.000000000000000000e-01
5.694714358070429583e-01,-1.534376876147007240e-01,5.000000000000000000e-01
5.695443368359400793e-01,-1.531972033625419727e-01,5.000000000000000000e-01
5.696170699366138734e-01,-1.529588865192618441e-01,5.000000000000000000e-01
5.696895487892786880e-01,-1.527225432347217304e-01,5.000000000000000000e-01
5.697617772154268678e-01,-1.524883073665569411e-01,5.000000000000000000e-01
5.698338375170814984e-01,-1.522565113521936186e-01,5.000000000000000000e-01
5.699057208883946402e-01,-1.520271211484669205e-01,5.000000000000000000e-01
5.699774626689059209e-01,-1.518002403840502668e-01,5.000000000000000000e-01
5.700490664607646973e-01,-1.515758449152527776e-01,5.000000000000000000e-01
5.701204884557130592e-01,-1.513537755570257826e-01,5.000000000000000000e-01
5.701916859691074091e-01,-1.511339240931110217e-01,5.000000000000000000e-01
5.702626214068902133e-01,-1.509162370197904834e-01,5.000000000000000000e-01
5.703333656034332844e-01,-1.507010055827694983e-01,5.000000000000000000e-01
5.704039015478212793e-01,-1.504881856927230421e-01,5.000000000000000000e-01
5.704742009719346862e-01,-1.502777029692710098e-01,5.000000000000000000e-01
5.705443803006216008e-01,-1.500699539720385389e-01,5.000000000000000000e-01
5.706144253832063917e-01,-1.498648205323875604e-01,5.000000000000000000e-01
5.706843437599086188e-01,-1.496622733211401546e-01,5.000000000000000000e-01
5.707540942816533569e-01,-1.494621341537533954e-01,5.000000000000000000e-01
5.708236133609234653e-01,-1.492641925157560390e-01,5.000000000000000000e-01
5.708929096447066254e-01,-1.490685219989426047e-01,5.000000000000000000e-01
5.709620672435506972e-01,-1.488754195588394558e-01,5.000000000000000000e-01
5.710310943135157302e-01,-1.486848710922847594e-01,5.000000000000000000e-01
5.710998534559539319e-01,-1.484963881992486801e-01,5.000000000000000000e-01
5.711683777633412840e-01,-1.483101463471655501e-01,5.000000000000000000e-01
5.712366933177495110e-01,-1.481262682991648372e-01,5.000000000000000000e-01
5.713048167893411966e-01,-1.479448141072162159e-01,5.000000000000000000e-01
5.713727392319360998e-01,-1.477657521749629332e-01,5.000000000000000000e-01
5.714403565069796631e-01,-1.475887350871417647e-01,5.000000000000000000e-01
5.715077655252343014e-01,-1.474141615538121786e-01,5.000000000000000000e-01
5.715749553223433699e-01,-1.472419934818483545e-01,5.000000000000000000e-01
5.716418240885345892e-01,-1.470718875746983012e-01,5.000000000000000000e-01
5.717083939612861432e-01,-1.469039928465372125e-01,5.000000000000000000e-01
5.717746795074248878e-01,-1.467384068963608346e-01,5.000000000000000000e-01
5.718407490554916484e-01,-1.465753928822990937e-01,5.000000000000000000e-01
5.719067307998665362e-01,-1.464153692337835655e-01,5.000000000000000000e-01
5.719724817737363853e-01,-1.462577371760392930e-01,5.000000000000000000e-01
5.720379142750795509e-01,-1.461021809554322592e-01,5.000000000000000000e-01
5.721032135275846420e-01,-1.459494009772657752e-01,5.000000000000000000e-01
5.721683201065892455e-01,-1.457991140516121109e-01,5.000000000000000000e-01
5.722331417316026680e-01,-1.456509599182074233e-01,5.000000000000000000e-01
5.722978362825295040e-01,-1.455055228171422965e-01,5.000000000000000000e-01
5.723623089363567562e-01,-1.453623953082980313e-01,5.000000000000000000e-01
5.724264520136760348e-01,-1.452211721366491182e-01,5.000000000000000000e-01
5.724904641409951367e-01,-1.450826228296897280e-01,5.000000000000000000e-01
5.725543280541787183e-01,-1.449466119566612810e-01,5.000000000000000000e-01
5.726179761881859953e-01,-1.448128351122984769e-01,5.000000000000000000e-01
5.726813878694994031e-01,-1.446812013601367075e-01,5.000000000000000000e-01
5.727446238131208567e-01,-1.445519282358839752e-01,5.000000000000000000e-01
5.728077442312715650e-01,-1.444251988516874197e-01,5.000000000000000000e-01
5.728707972104791768e-01,-1.443011177180075488e-01,5.000000000000000000e-01
5.729337689085090002e-01,-1.441795411208312283e-01,5.000000000000000000e-01
5.729966263418546646e-01,-1.440602629412835178e-01,5.000000000000000000e-01
5.730594709584888591e-01,-1.439436071260514483e-01,5.000000000000000000e-01
5.731223148773132436e-01,-1.438295125183389200e-01,5.000000000000000000e-01
5.731851758150914300e-01,-1.437179378731292811e-01,5.000000000000000000e-01
5.732478769440760846e-01,-1.436081056052093685e-01,5.000000000000000000e-01
5.733102875120714703e-01,-1.434994996534095790e-01,5.000000000000000000e-01
5.733726257076712240e-01,-1.433930214669400516e-01,5.000000000000000000e-01
5.734348655034047226e-01,-1.432885185702051367e-01,5.000000000000000000e-01
5.734970279354925093e-01,-1.431860319686278638e-01,5.000000000000000000e-01
5.735591361629577278e-01,-1.430856126965268371e-01,5.000000000000000000e-01
5.736210135634003393e-01,-1.429865127940053160e-01,5.000000000000000000e-01
5.736826509956558517e-01,-1.428887329703338316e-01,5.000000000000000000e-01
5.737440613833539871e-01,-1.427923657709415928e-01,5.000000000000000000e-01
5.738052456486179009e-01,-1.426974464214398330e-01,5.000000000000000000e-01
5.738662022787168748e-01,-1.426040004036691344e-01,5.000000000000000000e-01
5.739268708517639705e-01,-1.425118140276656065e-01,5.000000000000000000e-01
5.739872934240133340e-01,-1.424211119241785839e-01,5.000000000000000000e-01
5.740475553545809628e-01,-1.423322755121433913e-01,5.000000000000000000e-01
5.741076140442664677e-01,-1.422451232510346664e-01,5.000000000000000000e-01
5.741674998591039802e-01,-1.421597885632275571e-01,5.000000000000000000e-01
5.742273811303761910e-01,-1.420769624450561319e-01,5.000000000000000000e-01
5.742872322657914808e-01,-1.419964618420050395e-01,5.000000000000000000e-01
5.743469505819900345e-01,-1.419177909018848049e-01,5.000000000000000000e-01
5.744064867543341446e-01,-1.418407257558580992e-01,5.000000000000000000e-01
5.744657393375217636e-01,-1.417648404719371868e-01,5.000000000000000000e-01
5.745247228964942554e-01,-1.416902408791617385e-01,5.000000000000000000e-01
5.745833274931337886e-01,-1.416164980939257911e-01,5.000000000000000000e-01
5.746413732110655648e-01,-1.415429192358575172e-01,5.000000000000000000e-01
5.746990065637374023e-01,-1.414702845040521351e-01,5.000000000000000000e-01
5.747563206544865633e-01,-1.413990832204611858e-01,5.000000000000000000e-01
5.748133709677893943e-01,-1.413295925027061584e-01,5.000000000000000000e-01
5.748703695508126099e-01,-1.412627539389402775e-01,5.000000000000000000e-01
5.749273719657901349e-01,-1.411987367511753910e-01,5.000000000000000000e-01
5.749843967300344305e-01,-1.411375244418569541e-01,5.000000000000000000e-01
5.750414413674387326e-01,-1.410790042789704379e-01,5.000000000000000000e-01
5.750985071667495951e-01,-1.410230805757092254e-01,5.000000000000000000e-01
5.751556175921883618e-01,-1.409697623119425813e-01,5.000000000000000000e-01
5.752127030229999827e-01,-1.409186298006327165e-01,5.000000000000000000e-01
5.752696813426779743e-01,-1.408692342092153771e-01,5.000000000000000000e-01
5.753264574779273222e-01,-1.408210984227879492e-01,5.000000000000000000e-01
5.753830397660955054e-01,-1.407742549681724742e-01,5.000000000000000000e-01
5.754395579090371138e-01,-1.407292999020555990e-01,5.000000000000000000e-01
5.754960368300106044e-01,-1.406862975648313363e-01,5.000000000000000000e-01
5.755524830260871916e-01,-1.406452168524880697e-01,5.000000000000000000e-01
5.756088181477161392e-01,-1.406056295795323208e-01,5.000000000000000000e-01
5.756649064492946888e-01,-1.405668564271763399e-01,5.000000000000000000e-01
5.757207868689153685e-01,-1.405291048613896698e-01,5.000000000000000000e-01
5.757764904178526155e-01,-1.404925322757564488e-01,5.000000000000000000e-01
5.758320757202952667e-01,-1.404574196211024195e-01,5.000000000000000000e-01
5.758875032963539642e-01,-1.404235534888138293e-01,5.000000000000000000e-01
5.759426458429510731e-01,-1.403902961137573069e-01,5.000000000000000000e-01
5.759975190273245449e-01,-1.403577621800902731e-01,5.000000000000000000e-01
5.760521404197982420e-01,-1.403260714232013595e-01,5.000000000000000000e-01
5.761066051352404793e-01,-1.402957257904508537e-01,5.000000000000000000e-01
5.761608490500845781e-01,-1.402663965994716544e-01,5.000000000000000000e-01
5.762148120764327697e-01,-1.402377847961973067e-01,5.000000000000000000e-01
5.762686310007326673e-01,-1.402106313279488370e-01,5.000000000000000000e-01
5.763222470453571722e-01,-1.401846175548275009e-01,5.000000000000000000e-01
5.763756020969719174e-01,-1.401594449149537736e-01,5.000000000000000000e-01
5.764286622062261278e-01,-1.401349598024933252e-01,5.000000000000000000e-01
5.764814292530479056e-01,-1.401112057364026775e-01,5.000000000000000000e-01
5.765339002916909372e-01,-1.400882010745942707e-01,5.000000000000000000e-01
5.765861988361571377e-01,-1.400666392481338951e-01,5.000000000000000000e-01
5.766384599582075055e-01,-1.400472464761905456e-01,5.000000000000000000e-01
5.766905291149886370e-01,-1.400291216283409135e-01,5.000000000000000000e-01
5.767423813962689882e-01,-1.400121180617347749e-01,5.000000000000000000e-01
5.767941775885278011e-01,-1.399971311917827810e-01,5.000000000000000000e-01
5.768458895894337246e-01,-1.399839529048797493e-01,5.000000000000000000e-01
5.768975067912951449e-01,-1.399724754270826321e-01,5.000000000000000000e-01
5.769489690984608288e-01,-1.399623200478065099e-01,5.000000000000000000e-01
5.770003012735105408e-01,-1.399535997234133411e-01,5.000000000000000000e-01
5.770515991363671660e-01,-1.399468467856745946e-01,5.000000000000000000e-01
5.771027039044549500e-01,-1.399410675223402012e-01,5.000000000000000000e-01
5.771536804180616986e-01,-1.399366328550604444e-01,5.000000000000000000e-01
5.772044964803210165e-01,-1.399333245933365166e-01,5.000000000000000000e-01
5.772550939154177385e-01,-1.399307665199256145e-01,5.000000000000000000e-01
5.773056408564408715e-01,-1.399299808263680944e-01,5.000000000000000000e-01
5.773560525692715828e-01,-1.399303966868063187e-01,5.000000000000000000e-01
5.774061936203267464e-01,-1.399311425446085055e-01,5.000000000000000000e-01
5.774562253910040521e-01,-1.399332440677680811e-01,5.000000000000000000e-01
5.775061104530317957e-01,-1.399364357845939988e-01,5.000000000000000000e-01
5.775557139899512027e-01,-1.399398274006027620e-01,5.000000000000000000e-01
5.776051559128398960e-01,-1.399442151335370255e-01,5.000000000000000000e-01
5.776545130525048144e-01,-1.399500848526035734e-01,5.000000000000000000e-01
5.777035793538891628e-01,-1.399560398300144504e-01,5.000000000000000000e-01
5.777523104037867174e-01,-1.399617986754023991e-01,5.000000000000000000e-01
5.778009022845349563e-01,-1.399687297063292868e-01,5.000000000000000000e-01
5.778493181732428097e-01,-1.399765581213065213e-01,5.000000000000000000e-01
5.778975212860425481e-01,-1.399850184042206180e-01,5.000000000000000000e-01
5.779455003597685492e-01,-1.399940327321431977e-01,5.000000000000000000e-01
5.779932959871563192e-01,-1.400038902617549708e-01,5.000000000000000000e-01
5.780408782462794770e-01,-1.400143709449179485e-01,5.000000000000000000e-01
5.780882431209016792e-01,-1.400254406642212346e-01,5.000000000000000000e-01
5.781354919126713288e-01,-1.400378452253949746e-01,5.000000000000000000e-01
5.781824421842227668e-01,-1.400502024130536316e-01,5.000000000000000000e-01
5.782288494150098490e-01,-1.400606965278867189e-01,5.000000000000000000e-01
5.782748232517564979e-01,-1.400702668930593198e-01,5.000000000000000000e-01
5.783205189745934671e-01,-1.400801887727935735e-01,5.000000000000000000e-01
5.783659699802786713e-01,-1.400907418353510292e-01,5.000000000000000000e-01
5.784112647970280907e-01,-1.401026352704712319e-01,5.000000000000000000e-01
5.784563576913563931e-01,-1.401154825833874629e-01,5.000000000000000000e-01
5.785012142348873176e-01,-1.401289881026388517e-01,5.000000000000000000e-01
5.785459190774648874e-01,-1.401438500616299654e-01,5.000000000000000000e-01
5.785904261676905191e-01,-1.401596515294904199e-01,5.000000000000000000e-01
5.786346720627044693e-01,-1.401758324192963479e-01,5.000000000000000000e-01
5.786785676303805026e-01,-1.401916305824116304e-01,5.000000000000000000e-01
5.787220603091507432e-01,-1.402066148153926217e-01,5.000000000000000000e-01
5.787653046814971169e-01,-1.402222049546319183e-01,5.000000000000000000e-01
5.788082492216756192e-01,-1.402379405187142991e-01,5.000000000000000000e-01
5.788508015566565801e-01,-1.402529800201519072e-01,5.000000000000000000e-01
5.788931261900818193e-01,-1.402688982696099484e-01,5.000000000000000000e-01
5.789352932287569198e-01,-1.402863376796707473e-01,5.000000000000000000e-01
5.789772898463101392e-01,-1.403051228246099402e-01,5.000000000000000000e-01
5.790190184284590424e-01,-1.403242573749227950e-01,5.000000000000000000e-01
5.790604921841880914e-01,-1.403438495569818700e-01,5.000000000000000000e-01
5.791018077807580378e-01,-1.403648588362916838e-01,5.000000000000000000e-01
5.791428914627609892e-01,-1.403864625259749199e-01,5.000000000000000000e-01
5.791837379504043426e-01,-1.404085649298894567e-01,5.000000000000000000e-01
5.792243359613652443e-01,-1.404310151257005534e-01,5.000000000000000000e-01
5.792645352603713604e-01,-1.404521526899157879e-01,5.000000000000000000e-01
5.793043826689414644e-01,-1.404725223156026159e-01,5.000000000000000000e-01
5.793439879602557685e-01,-1.404933898870682207e-01,5.000000000000000000e-01
5.793833196129090091e-01,-1.405143526892089489e-01,5.000000000000000000e-01
5.794224052401462099e-01,-1.405357144603457120e-01,5.000000000000000000e-01
5.794612807072432314e-01,-1.405578671617492836e-01,5.000000000000000000e-01
5.794999587881113357e-01,-1.405809093287511136e-01,5.000000000000000000e-01
5.795384376579785224e-01,-1.406047476759146597e-01,5.000000000000000000e-01
5.795767265033817672e-01,-1.406294278367183626e-01,5.000000000000000000e-01
5.796148386977291178e-01,-1.406550431871172180e-01,5.000000000000000000e-01
5.796527190758823389e-01,-1.406807683702002432e-01,5.000000000000000000e-01
5.796903454547339685e-01,-1.407062294712124739e-01,5.000000000000000000e-01
5.797277328852907807e-01,-1.407316001550311391e-01,5.000000000000000000e-01
5.797648946916156287e-01,-1.407570086513783292e-01,5.000000000000000000e-01
5.798018293986743066e-01,-1.407823793173526294e-01,5.000000000000000000e-01
5.798385230655108691e-01,-1.408074265289100957e-01,5.000000000000000000e-01
5.798750377301955528e-01,-1.408330743740469626e-01,5.000000000000000000e-01
5.799113300818279360e-01,-1.408585307153489008e-01,5.000000000000000000e-01
5.799474058516540520e-01,-1.408838096436118292e-01,5.000000000000000000e-01
5.799833177373953097e-01,-1.409097554808247943e-01,5.000000000000000000e-01
5.800190526482195130e-01,-1.409360101805007814e-01,5.000000000000000000e-01
5.800546022878259045e-01,-1.409623167220478979e-01,5.000000000000000000e-01
5.800899448212022413e-01,-1.409881573313531422e-01,5.000000000000000000e-01
5.801251023242313121e-01,-1.410138819959401157e-01,5.000000000000000000e-01
5.801600944607776533e-01,-1.410397934248371066e-01,5.000000000000000000e-01
5.801948986367416738e-01,-1.410652882762615523e-01,5.000000000000000000e-01
5.802295045055150258e-01,-1.410900403397904179e-01,5.000000000000000000e-01
5.802638789182508194e-01,-1.411132243768371541e-01,5.000000000000000000e-01
5.802980440798883865e-01,-1.411353317371353278e-01,5.000000000000000000e-01
5.803320583688924561e-01,-1.411577946562116992e-01,5.000000000000000000e-01
5.803659277968198360e-01,-1.411806100869004432e-01,5.000000000000000000e-01
5.803996559060822236e-01,-1.412037153057472683e-01,5.000000000000000000e-01
5.804332088130212952e-01,-1.412259557357147255e-01,5.000000000000000000e-01
5.804665947148889282e-01,-1.412474655836069570e-01,5.000000000000000000e-01
5.804998579021221072e-01,-1.412695807376102008e-01,5.000000000000000000e-01
5.805330011143507996e-01,-1.412921483418820290e-01,5.000000000000000000e-01
5.805660023247064538e-01,-1.413140940006015756e-01,5.000000000000000000e-01
5.805988746200537731e-01,-1.413357296335950863e-01,5.000000000000000000e-01
5.806316373779332185e-01,-1.413576762906366691e-01,5.000000000000000000e-01
5.806642800220036538e-01,-1.413790892982576541e-01,5.000000000000000000e-01
5.806967971622418734e-01,-1.413994237363710160e-01,5.000000000000000000e-01
5.807291909578020661e-01,-1.414185747672714877e-01,5.000000000000000000e-01
5.807614648436199012e-01,-1.414365544581108747e-01,5.000000000000000000e-01
5.807936178365171731e-01,-1.414530607634042203e-01,5.000000000000000000e-01
5.808256520391700262e-01,-1.414680895092991497e-01,5.000000000000000000e-01
5.808575752335781717e-01,-1.414822147254785334e-01,5.000000000000000000e-01
5.808893928918881233e-01,-1.414957418847541115e-01,5.000000000000000000e-01
5.809211098782940397e-01,-1.415087711305283158e-01,5.000000000000000000e-01
5.809527304194361808e-01,-1.415213257896036914e-01,5.000000000000000000e-01
5.809842619000709085e-01,-1.415341558814706691e-01,5.000000000000000000e-01
5.810157094337013994e-01,-1.415465506280244035e-01,5.000000000000000000e-01
5.810470810752519366e-01,-1.415563457695998284e-01,5.000000000000000000e-01
5.810783741969547389e-01,-1.415643228380677188e-01,5.000000000000000000e-01
5.811095864308918335e-01,-1.415711211741715603e-01,5.000000000000000000e-01
5.811407215714178287e-01,-1.415765583571884090e-01,5.000000000000000000e-01
5.811717836353647026e-01,-1.415803251304610377e-01,5.000000000000000000e-01
5.812027697610875343e-01,-1.415828223864442625e-01,5.000000000000000000e-01
5.812336835154633397e-01,-1.415838116766828247e-01,5.000000000000000000e-01
5.812645383970944657e-01,-1.415823952151534781e-01,5.000000000000000000e-01
5.812953100498119419e-01,-1.415800162450991939e-01,5.000000000000000000e-01
5.813259900557485871e-01,-1.415772414453680128e-01,5.000000000000000000e-01
5.813565917933237737e-01,-1.415735654276762678e-01,5.000000000000000000e-01
5.813871116190296728e-01,-1.415692813228544567e-01,5.000000000000000000e-01
5.814175769274106953e-01,-1.415632888802511868e-01,5.000000000000000000e-01
5.814479940193162388e-01,-1.415553698484312561e-01,5.000000000000000000e-01
5.814783318055118944e-01,-1.415466692750945166e-01,5.000000000000000000e-01
5.815085878256043284e-01,-1.415373887654412799e-01,5.000000000000000000e-01
5.815387691158764305e-01,-1.415273930302151650e-01,5.000000000000000000e-01
5.815689010963815964e-01,-1.415159814669985638e-01,5.000000000000000000e-01
5.815989977623732265e-01,-1.415027553992888598e-01,5.000000000000000000e-01
5.816290603460723130e-01,-1.414876821572910448e-01,5.000000000000000000e-01
5.816590653199753547e-01,-1.414713903815210672e-01,5.000000000000000000e-01
5.816890180833802493e-01,-1.414537690415720583e-01,5.000000000000000000e-01
5.817189509499021138e-01,-1.414340140569637361e-01,5.000000000000000000e-01
5.817488543691263780e-01,-1.414123152222218349e-01,5.000000000000000000e-01
5.817786537020623872e-01,-1.413903753562768539e-01,5.000000000000000000e-01
5.818083300951975012e-01,-1.413687071762951275e-01,5.000000000000000000e-01
5.818378887944790634e-01,-1.413473473211142861e-01,5.000000000000000000e-01
5.818673334327524316e-01,-1.413263724069195870e-01,5.000000000000000000e-01
5.818967368734287993e-01,-1.413044752952251071e-01,5.000000000000000000e-01
5.819261541091103052e-01,-1.412806726948476199e-01,5.000000000000000000e-01
5.819555694038902605e-01,-1.412552865982515116e-01,5.000000000000000000e-01
5.819849460511015149e-01,-1.412290336952142233e-01,5.000000000000000000e-01
5.820142626019541021e-01,-1.412023814847742642e-01,5.000000000000000000e-01
5.820435222276867382e-01,-1.411753938220108862e-01,5.000000000000000000e-01
5.820728116486666437e-01,-1.411467233245506658e-01,5.000000000000000000e-01
5.821021786732292203e-01,-1.411156411940502065e-01,5.000000000000000000e-01
5.821315942955537226e-01,-1.410825993549320867e-01,5.000000000000000000e-01
5.821610432251931311e-01,-1.410478573937045121e-01,5.000000000000000000e-01
5.821904806113114006e-01,-1.410121190528567103e-01,5.000000000000000000e-01
5.822199341822864582e-01,-1.409750343638272729e-01,5.000000000000000000e-01
5.822493711737667388e-01,-1.409371297721224159e-01,5.000000000000000000e-01
5.822787654659465906e-01,-1.408988459183152520e-01,5.000000000000000000e-01
5.823081890955829065e-01,-1.408592851300420612e-01,5.000000000000000000e-01
5.823376093672978371e-01,-1.408189573985601240e-01,5.000000000000000000e-01
5.823669833946397700e-01,-1.407785172766163329e-01,5.000000000000000000e-01
5.823964155294762968e-01,-1.407367291434390988e-01,5.000000000000000000e-01
5.824259357194839781e-01,-1.406932845736152404e-01,5.000000000000000000e-01
5.824555357737151162e-01,-1.406483335227984022e-01,5.000000000000000000e-01
5.824852381695574399e-01,-1.406016623198488580e-01,5.000000000000000000e-01
5.825150344950638104e-01,-1.405534163241091705e-01,5.000000000000000000e-01
5.825448981491794243e-01,-1.405039672443405552e-01,5.000000000000000000e-01
5.825748209628780483e-01,-1.404534765687552034e-01,5.000000000000000000e-01
5.826048415851190487e-01,-1.404015872948224941e-01,5.000000000000000000e-01
5.826349880344714460e-01,-1.403480476134222887e-01,5.000000000000000000e-01
5.826653281369513770e-01,-1.402921644205194496e-01,5.000000000000000000e-01
5.826958760795465375e-01,-1.402338025974826929e-01,5.000000000000000000e-01
5.827265639602461356e-01,-1.401736979972676433e-01,5.000000000000000000e-01
5.827573258950506929e-01,-1.401125794428833005e-01,5.000000000000000000e-01
5.827882199287335308e-01,-1.400499180779787856e-01,5.000000000000000000e-01
5.828192132283478433e-01,-1.399861052293813191e-01,5.000000000000000000e-01
5.828503231402264451e-01,-1.399210316875728888e-01,5.000000000000000000e-01
5.828816709373798588e-01,-1.398535706163616665e-01,5.000000000000000000e-01
5.829132138707397992e-01,-1.397841599608026231e-01,5.000000000000000000e-01
5.829449524631125090e-01,-1.397128294429542672e-01,5.000000000000000000e-01
5.829769208174560013e-01,-1.396392948626670460e-01,5.000000000000000000e-01
5.830090395820718419e-01,-1.395643246973329310e-01,5.000000000000000000e-01
5.830412682529086954e-01,-1.394883488148802031e-01,5.000000000000000000e-01
5.830736508203043789e-01,-1.394110477073692844e-01,5.000000000000000000e-01
5.831062300478537797e-01,-1.393321081029752218e-01,5.000000000000000000e-01
5.831390405980767522e-01,-1.392512856326248438e-01,5.000000000000000000e-01
5.831721389645492248e-01,-1.391681379112367778e-01,5.000000000000000000e-01
5.832056597125387931e-01,-1.390815352031558316e-01,5.000000000000000000e-01
5.832396560865257262e-01,-1.389910083735008683e-01,5.000000000000000000e-01
5.832740094570764144e-01,-1.388975170862923048e-01,5.000000000000000000e-01
5.833086060469747647e-01,-1.388019975835723674e-01,5.000000000000000000e-01
5.833434123060899923e-01,-1.387047501898906465e-01,5.000000000000000000e-01
5.833783895194177838e-01,-1.386061279498747301e-01,5.000000000000000000e-01
5.834135363535996044e-01,-1.385061954214594493e-01,5.000000000000000000e-01
5.834489007500436308e-01,-1.384046308273350623e-01,5.000000000000000000e-01
5.834845518567990386e-01,-1.383009401320905440e-01,5.000000000000000000e-01
5.835205625303788723e-01,-1.381945892199372694e-01,5.000000000000000000e-01
5.835569820935870844e-01,-1.380852109642851377e-01,5.000000000000000000e-01
5.835937325778344231e-01,-1.379734046938659309e-01,5.000000000000000000e-01
5.836307366282175169e-01,-1.378597768602106421e-01,5.000000000000000000e-01
5.836680962798798111e-01,-1.377436038540725272e-01,5.000000000000000000e-01
5.837059071181642800e-01,-1.376241915156004580e-01,5.000000000000000000e-01
5.837440595627845230e-01,-1.375023414556084400e-01,5.000000000000000000e-01
5.837824935719366781e-01,-1.373785082097472576e-01,5.000000000000000000e-01
5.838213076234495258e-01,-1.372520157835197818e-01,5.000000000000000000e-01
5.838605470891835569e-01,-1.371225488653531888e-01,5.000000000000000000e-01
5.839002467138638686e-01,-1.369898583542766279e-01,5.000000000000000000e-01
5.839403579771296204e-01,-1.368542723230411484e-01,5.000000000000000000e-01
5.839808848435795730e-01,-1.367157553162675898e-01,5.000000000000000000e-01
5.840217945706281943e-01,-1.365745261591444493e-01,5.000000000000000000e-01
5.840630532251500640e-01,-1.364308123691414520e-01,5.000000000000000000e-01
5.841046971804552124e-01,-1.362843680702810201e-01,5.000000000000000000e-01
5.841468071010570418e-01,-1.361346331911709173e-01,5.000000000000000000e-01
5.841892969917106271e-01,-1.359821578940037523e-01,5.000000000000000000e-01
5.842320159279107417e-01,-1.358279327938370085e-01,5.000000000000000000e-01
5.842750584924214508e-01,-1.356713486827058057e-01,5.000000000000000000e-01
5.843183823427926527e-01,-1.355126840475833205e-01,5.000000000000000000e-01
5.843619970216324955e-01,-1.353518831696721159e-01,5.000000000000000000e-01
5.844059631633566898e-01,-1.351885580598866377e-01,5.000000000000000000e-01
5.844502696260071017e-01,-1.350227723211946951e-01,5.000000000000000000e-01
5.844948585982465694e-01,-1.348548921860207028e-01,5.000000000000000000e-01
5.845397278247543849e-01,-1.346849367076277670e-01,5.000000000000000000e-01
5.845850094619854387e-01,-1.345120709563659700e-01,5.000000000000000000e-01
5.846306128637963617e-01,-1.343368449227823058e-01,5.000000000000000000e-01
5.846763559261256571e-01,-1.341603959660567780e-01,5.000000000000000000e-01
5.847223283694754636e-01,-1.339821984079765382e-01,5.000000000000000000e-01
5.847687140391129024e-01,-1.338011287691116269e-01,5.000000000000000000e-01
5.848154505764490141e-01,-1.336175541697912361e-01,5.000000000000000000e-01
5.848624047454273889e-01,-1.334322834643345557e-01,5.000000000000000000e-01
5.849096163224382083e-01,-1.332450938843828259e-01,5.000000000000000000e-01
5.849571387264298483e-01,-1.330556741774982787e-01,5.000000000000000000e-01
5.850049969399435668e-01,-1.328638778918102004e-01,5.000000000000000000e-01
5.850532008041519072e-01,-1.326696436343567931e-01,5.000000000000000000e-01
5.851017391481209140e-01,-1.324730348373456823e-01,5.000000000000000000e-01
5.851505220368298232e-01,-1.322745863166485680e-01,5.000000000000000000e-01
5.851996038078557394e-01,-1.320739912268724114e-01,5.000000000000000000e-01
5.852489782450360778e-01,-1.318712970497448456e-01,5.000000000000000000e-01
5.852986444223666762e-01,-1.316665191610487118e-01,5.000000000000000000e-01
5.853487034591423610e-01,-1.314590793324663665e-01,5.000000000000000000e-01
5.853991231243875770e-01,-1.312491593887022967e-01,5.000000000000000000e-01
5.854498701111998660e-01,-1.310369532597963627e-01,5.000000000000000000e-01
5.855009481808945981e-01,-1.308224453759002648e-01,5.000000000000000000e-01
5.855524822961692966e-01,-1.306049202208540705e-01,5.000000000000000000e-01
5.856045217186811591e-01,-1.303840739561465956e-01,5.000000000000000000e-01
5.856569635938007057e-01,-1.301604586989035528e-01,5.000000000000000000e-01
5.857096754649939729e-01,-1.299348079712210335e-01,5.000000000000000000e-01
5.857625907468517745e-01,-1.297075021724191923e-01,5.000000000000000000e-01
5.858157816482187918e-01,-1.294781481470159701e-01,5.000000000000000000e-01
5.858693319456379500e-01,-1.292462778436395121e-01,5.000000000000000000e-01
5.859232289907709834e-01,-1.290119512216691411e-01,5.000000000000000000e-01
5.859775051549183100e-01,-1.287749738997969184e-01,5.000000000000000000e-01
5.860321894190974046e-01,-1.285351616649730300e-01,5.000000000000000000e-01
5.860871331830008746e-01,-1.282933122806255710e-01,5.000000000000000000e-01
5.861422176278768825e-01,-1.280500788824508462e-01,5.000000000000000000e-01
5.861974318050953148e-01,-1.278055392396875156e-01,5.000000000000000000e-01
5.862528144442017419e-01,-1.275595024168393044e-01,5.000000000000000000e-01
5.863085071153975036e-01,-1.273112081206078661e-01,5.000000000000000000e-01
5.863645007731784764e-01,-1.270607077158533715e-01,5.000000000000000000e-01
5.864207217721628673e-01,-1.268084101755131976e-01,5.000000000000000000e-01
5.864772666565811754e-01,-1.265538067762051744e-01,5.000000000000000000e-01
5.865341787011800756e-01,-1.262966702285068243e-01,5.000000000000000000e-01
5.865914249686162707e-01,-1.260371851853555880e-01,5.000000000000000000e-01
5.866490562350770155e-01,-1.257750892868026160e-01,5.000000000000000000e-01
5.867071628016000684e-01,-1.255099012633277833e-01,5.000000000000000000e-01
5.867658171303351544e-01,-1.252412238418147417e-01,5.000000000000000000e-01
5.868250615689651895e-01,-1.249688092517004800e-01,5.000000000000000000e-01
5.868848055832189825e-01,-1.246931182931345083e-01,5.000000000000000000e-01
5.869449334543509478e-01,-1.244147583696218196e-01,5.000000000000000000e-01
5.870055063793560013e-01,-1.241334030572342484e-01,5.000000000000000000e-01
5.870666155183297263e-01,-1.238485570397014346e-01,5.000000000000000000e-01
5.871282697994606448e-01,-1.235601511209875603e-01,5.000000000000000000e-01
5.871903881615649912e-01,-1.232685946435582297e-01,5.000000000000000000e-01
5.872529577459976169e-01,-1.229739413537550285e-01,5.000000000000000000e-01
5.873160291579090364e-01,-1.226759072879044510e-01,5.000000000000000000e-01
5.873795692272032465e-01,-1.223746465668833494e-01,5.000000000000000000e-01
5.874435537907100047e-01,-1.220702679475016983e-01,5.000000000000000000e-01
5.875080012397276841e-01,-1.217626549328899299e-01,5.000000000000000000e-01
5.875729307917780808e-01,-1.214516810572041222e-01,5.000000000000000000e-01
5.876382783982304625e-01,-1.211376570417592585e-01,5.000000000000000000e-01
5.877039463181756851e-01,-1.208210797608434833e-01,5.000000000000000000e-01
5.877699536247905643e-01,-1.205018388761274484e-01,5.000000000000000000e-01
5.878363625312357232e-01,-1.201795930692051151e-01,5.000000000000000000e-01
5.879031412124093858e-01,-1.198544925074154777e-01,5.000000000000000000e-01
5.879702713234726819e-01,-1.195266204185315151e-01,5.000000000000000000e-01
5.880377918473880250e-01,-1.191957601106150011e-01,5.000000000000000000e-01
5.881057324489911142e-01,-1.188617405667140026e-01,5.000000000000000000e-01
5.881741452020348149e-01,-1.185242680346032529e-01,5.000000000000000000e-01
5.882430267131522061e-01,-1.181833362397123333e-01,5.000000000000000000e-01
5.883123659011022522e-01,-1.178389786552156426e-01,5.000000000000000000e-01
5.883821840571360484e-01,-1.174910570246600061e-01,5.000000000000000000e-01
5.884524512044866373e-01,-1.171397013320383262e-01,5.000000000000000000e-01
5.885231451905528210e-01,-1.167850027781164868e-01,5.000000000000000000e-01
5.885942948926814466e-01,-1.164267824988705069e-01,5.000000000000000000e-01
5.886659102337796767e-01,-1.160649568792493092e-01,5.000000000000000000e-01
5.887379388410572956e-01,-1.156997704333595223e-01,5.000000000000000000e-01
5.888103422766871597e-01,-1.153313982648115493e-01,5.000000000000000000e-01
5.888831268343164282e-01,-1.149597802846634154e-01,5.000000000000000000e-01
5.889563059340956475e-01,-1.145848160890906575e-01,5.000000000000000000e-01
5.890298482062705787e-01,-1.142066419061771171e-01,5.000000000000000000e-01
5.891037516494344040e-01,-1.138252380254576451e-01,5.000000000000000000e-01
5.891780038613048109e-01,-1.134406388268741767e-01,5.000000000000000000e-01
5.892525424174799298e-01,-1.130531474139986059e-01,5.000000000000000000e-01
5.893273712189106561e-01,-1.126627162234128954e-01,5.000000000000000000e-01
5.894024965211561717e-01,-1.122692840544512183e-01,5.000000000000000000e-01
5.894779202327342649e-01,-1.118728111877468900e-01,5.000000000000000000e-01
5.895536443558265782e-01,-1.114732554885946025e-01,5.000000000000000000e-01
5.896296304834095503e-01,-1.110707921522537389e-01,5.000000000000000000e-01
5.897058572381930208e-01,-1.106655067765339728e-01,5.000000000000000000e-01
5.897823192188421659e-01,-1.102573991447811097e-01,5.000000000000000000e-01
5.898590079398003949e-01,-1.098464850426661421e-01,5.000000000000000000e-01
5.899359021390223612e-01,-1.094328501674480675e-01,5.000000000000000000e-01
5.900129910711674475e-01,-1.090165238174609641e-01,5.000000000000000000e-01
5.900902818046849241e-01,-1.085974365573131595e-01,5.000000000000000000e-01
5.901677354754868432e-01,-1.081757701538457184e-01,5.000000000000000000e-01
5.902453088766679290e-01,-1.077517336474646814e-01,5.000000000000000000e-01
5.903229992751909405e-01,-1.073253148570499915e-01,5.000000000000000000e-01
5.904008009287651237e-01,-1.068965176579699250e-01,5.000000000000000000e-01
5.904787011549028630e-01,-1.064653848353690341e-01,5.000000000000000000e-01
5.905567053168164771e-01,-1.060318583791898112e-01,5.000000000000000000e-01
5.906348137488450778e-01,-1.055959069408199669e-01,5.000000000000000000e-01
5.907130144926264759e-01,-1.051575680750289621e-01,5.000000000000000000e-01
5.907913088852669858e-01,-1.047168040867740429e-01,5.000000000000000000e-01
5.908696963785042833e-01,-1.042735872062255931e-01,5.000000000000000000e-01
5.909481856077134498e-01,-1.038278368735700286e-01,5.000000000000000000e-01
5.910267935796151839e-01,-1.033794219982623747e-01,5.000000000000000000e-01
5.911055142254427741e-01,-1.029283416609706181e-01,5.000000000000000000e-01
5.911843452182752312e-01,-1.024745734116351281e-01,5.000000000000000000e-01
5.912632828322451628e-01,-1.020181013671546677e-01,5.000000000000000000e-01
5.913423028182627217e-01,-1.015590285934296483e-01,5.000000000000000000e-01
5.914213862652235587e-01,-1.010974291534048192e-01,5.000000000000000000e-01
5.915005616839295044e-01,-1.006330995718969779e-01,5.000000000000000000e-01
5.915798658543218735e-01,-1.001657824677080477e-01,5.000000000000000000e-01
5.916592951655542665e-01,-9.969545394438138197e-02,5.000000000000000000e-01
5.917388316104513768e-01,-9.922217614403502917e-02,5.000000000000000000e-01
5.918184593051361020e-01,-9.874599910967189753e-02,5.000000000000000000e-01
5.918981806690305492e-01,-9.826686325261657640e-02,5.000000000000000000e-01
5.919780042203171000e-01,-9.778467031328486048e-02,5.000000000000000000e-01
5.920579362351536812e-01,-9.729933282718042364e-02,5.000000000000000000e-01
5.921380057434251221e-01,-9.681062197477542652e-02,5.000000000000000000e-01
5.922182248838990803e-01,-9.631840720139861478e-02,5.000000000000000000e-01
5.922985724861143941e-01,-9.582276079896531740e-02,5.000000000000000000e-01
5.923790314762972242e-01,-9.532373064970783849e-02,5.000000000000000000e-01
5.924595619354222631e-01,-9.482150844549806779e-02,5.000000000000000000e-01
5.925401021316123451e-01,-9.431642713755342133e-02,5.000000000000000000e-01
5.926206693124386193e-01,-9.380832510227038457e-02,5.000000000000000000e-01
5.927012749409380499e-01,-9.329707436686306143e-02,5.000000000000000000e-01
5.927818853524569054e-01,-9.278283376036181029e-02,5.000000000000000000e-01
5.928624798188936174e-01,-9.226568087653359840e-02,5.000000000000000000e-01
5.929430359066480971e-01,-9.174570597050767107e-02,5.000000000000000000e-01
5.930235697581507370e-01,-9.122274730227891704e-02,5.000000000000000000e-01
5.931041120667916999e-01,-9.069654323243263316e-02,5.000000000000000000e-01
5.931846255769475107e-01,-9.016727944399896555e-02,5.000000000000000000e-01
5.932650750705210640e-01,-8.963512989764371719e-02,5.000000000000000000e-01
5.933454520341892025e-01,-8.910009076383873516e-02,5.000000000000000000e-01
5.934257254159513995e-01,-8.856231292711751191e-02,5.000000000000000000e-01
5.935059112156068073e-01,-8.802162553670223044e-02,5.000000000000000000e-01
5.935860231476307591e-01,-8.747787081850114110e-02,5.000000000000000000e-01
5.936660947017249335e-01,-8.693074815289979218e-02,5.000000000000000000e-01
5.937461634197680471e-01,-8.637992056664103857e-02,5.000000000000000000e-01
5.938262340484623536e-01,-8.582527616061319531e-02,5.000000000000000000e-01
5.939062874001072023e-01,-8.526686924680387802e-02,5.000000000000000000e-01
5.939863024761455890e-01,-8.470476546615049451e-02,5.000000000000000000e-01
5.940662982909388212e-01,-8.413873579765543398e-02,5.000000000000000000e-01
5.941462415248284223e-01,-8.356893555065944557e-02,5.000000000000000000e-01
5.942260459544603801e-01,-8.299591699263768330e-02,5.000000000000000000e-01
5.943056731569671403e-01,-8.241987870908672187e-02,5.000000000000000000e-01
5.943850885583044086e-01,-8.184099723143789529e-02,5.000000000000000000e-01
5.944642547436191915e-01,-8.125947845151969273e-02,5.000000000000000000e-01
5.945431994074250603e-01,-8.067502462845205224e-02,5.000000000000000000e-01
5.946219287126788267e-01,-8.008750814552043074e-02,5.000000000000000000e-01
5.947004131116417902e-01,-7.949708426833645980e-02,5.000000000000000000e-01
5.947786083566022342e-01,-7.890402658179576645e-02,5.000000000000000000e-01
5.948564970714247391e-01,-7.830839195065383840e-02,5.000000000000000000e-01
5.949340887444251047e-01,-7.771001765701890385e-02,5.000000000000000000e-01
5.950113849442981717e-01,-7.710880851249754531e-02,5.000000000000000000e-01
5.950883766441453782e-01,-7.650475729836167527e-02,5.000000000000000000e-01
5.951650559016499198e-01,-7.589784540995683781e-02,5.000000000000000000e-01
5.952414170386033376e-01,-7.528803221181802618e-02,5.000000000000000000e-01
5.953174543746742042e-01,-7.467527572803150937e-02,5.000000000000000000e-01
5.953931685101703231e-01,-7.405947496696754784e-02,5.000000000000000000e-01
5.954685567392368206e-01,-7.344055690732018138e-02,5.000000000000000000e-01
5.955436253377968114e-01,-7.281836142822734059e-02,5.000000000000000000e-01
5.956183315995334793e-01,-7.219318533320605302e-02,5.000000000000000000e-01
5.956926226812215841e-01,-7.156541940024063742e-02,5.000000000000000000e-01
5.957665158560168095e-01,-7.093477495870753602e-02,5.000000000000000000e-01
5.958400145534965553e-01,-7.030110755256832600e-02,5.000000000000000000e-01
5.959131060729554452e-01,-6.966443573932801225e-02,5.000000000000000000e-01
5.959857623782000013e-01,-6.902492965070353148e-02,5.000000000000000000e-01
5.960579590891533774e-01,-6.838272079794636971e-02,5.000000000000000000e-01
5.961297000590746187e-01,-6.773764071321972113e-02,5.000000000000000000e-01
5.962009593038911648e-01,-6.708984960547487164e-02,5.000000000000000000e-01
5.962717365149398097e-01,-6.643922235236657259e-02,5.000000000000000000e-01
5.963419740926565460e-01,-6.578627917021948046e-02,5.000000000000000000e-01
5.964116072254816991e-01,-6.513162078852570425e-02,5.000000000000000000e-01
5.964806552664317918e-01,-6.447486399550808600e-02,5.000000000000000000e-01
5.965491539718059677e-01,-6.381546033730434164e-02,5.000000000000000000e-01
5.966171245634372955e-01,-6.315305155168469964e-02,5.000000000000000000e-01
5.966845389770596420e-01,-6.248789051752086376e-02,5.000000000000000000e-01
5.967514004816651951e-01,-6.181980489430857761e-02,5.000000000000000000e-01
5.968177080013759017e-01,-6.114867296366921501e-02,5.000000000000000000e-01
5.968834078128302245e-01,-6.047507922844672090e-02,5.000000000000000000e-01
5.969484645422612479e-01,-5.979932746512127417e-02,5.000000000000000000e-01
5.970128520144372120e-01,-5.912159391051940993e-02,5.000000000000000000e-01
5.970765594758035144e-01,-5.844184588768617378e-02,5.000000000000000000e-01
5.971396091285920971e-01,-5.775957652393230723e-02,5.000000000000000000e-01
5.972020190876040635e-01,-5.707437359210723593e-02,5.000000000000000000e-01
5.972637567583760632e-01,-5.638663916814555532e-02,5.000000000000000000e-01
5.973247846585079124e-01,-5.569681428975742365e-02,5.000000000000000000e-01
5.973850629209420671e-01,-5.500535110282305656e-02,5.000000000000000000e-01
5.974445397470966590e-01,-5.431291440032808004e-02,5.000000000000000000e-01
5.975031996135304890e-01,-5.361950065660660292e-02,5.000000000000000000e-01
5.975610159361238738e-01,-5.292537730707813637e-02,5.000000000000000000e-01
5.976179910482464219e-01,-5.223027690610541895e-02,5.000000000000000000e-01
5.976741597227201996e-01,-5.153332394447450449e-02,5.000000000000000000e-01
5.977295153625155066e-01,-5.083462721654470606e-02,5.000000000000000000e-01
5.977840631313571240e-01,-5.013398200592518450e-02,5.000000000000000000e-01
5.978378278386821121e-01,-4.943070411679859749e-02,5.000000000000000000e-01
5.978908049973111760e-01,-4.872487494873829761e-02,5.000000000000000000e-01
5.979429933949284015e-01,-4.801640588316320735e-02,5.000000000000000000e-01
5.979943647672670837e-01,-4.730589513366580123e-02,5.000000000000000000e-01
5.980448838256631205e-01,-4.659404174507331131e-02,5.000000000000000000e-01
5.980945482568527094e-01,-4.588039808389202806e-02,5.000000000000000000e-01
5.981433710904708878e-01,-4.516418696061814952e-02,5.000000000000000000e-01
5.981913536051204350e-01,-4.444520253449146807e-02,5.000000000000000000e-01
5.982384822248059120e-01,-4.372381546467293822e-02,5.000000000000000000e-01
5.982847464536313886e-01,-4.300004480783222588e-02,5.000000000000000000e-01
5.983301384775276954e-01,-4.227378103125888076e-02,5.000000000000000000e-01
5.983746537432081958e-01,-4.154473225592292263e-02,5.000000000000000000e-01
5.984182780955726866e-01,-4.081328232801705036e-02,5.000000000000000000e-01
5.984609983169733027e-01,-4.007948406133851615e-02,5.000000000000000000e-01
5.985027927763775235e-01,-3.934404116056343381e-02,5.000000000000000000e-01
5.985436380618822660e-01,-3.860749679624815578e-02,5.000000000000000000e-01
5.985835140572026702e-01,-3.786971164013221147e-02,5.000000000000000000e-01
5.986224078138095983e-01,-3.713030495389012253e-02,5.000000000000000000e-01
5.986603121293501140e-01,-3.638849338480541068e-02,5.000000000000000000e-01
5.986972256945648496e-01,-3.564440494843972712e-02,5.000000000000000000e-01
5.987331436600085155e-01,-3.489818726942410521e-02,5.000000000000000000e-01
5.987680579946681458e-01,-3.414991132979935257e-02,5.000000000000000000e-01
5.988019608305351626e-01,-3.339985131981900585e-02,5.000000000000000000e-01
5.988348411687712813e-01,-3.264818413010997511e-02,5.000000000000000000e-01
5.988666834287424967e-01,-3.189471457143171901e-02,5.000000000000000000e-01
5.988974724711889630e-01,-3.113905259457745364e-02,5.000000000000000000e-01
5.989272080137539866e-01,-3.038154146883590562e-02,5.000000000000000000e-01
5.989558849419351905e-01,-2.962246181271840570e-02,5.000000000000000000e-01
5.989834988968951723e-01,-2.886229204322453626e-02,5.000000000000000000e-01
5.990100435226977105e-01,-2.810150362353856096e-02,5.000000000000000000e-01
5.990354720978019465e-01,-2.733904425371461513e-02,5.000000000000000000e-01
5.990597638469640218e-01,-2.657428371913763201e-02,5.000000000000000000e-01
5.990829219577561426e-01,-2.580720947021823003e-02,5.000000000000000000e-01
5.991049527459048063e-01,-2.503802442373898388e-02,5.000000000000000000e-01
5.991258490669733039e-01,-2.426667568255758134e-02,5.000000000000000000e-01
5.991456084475714761e-01,-2.349327605729402413e-02,5.000000000000000000e-01
5.991642462775829125e-01,-2.271843090303546364e-02,5.000000000000000000e-01
5.991817343211297553e-01,-2.194188017822387704e-02,5.000000000000000000e-01
5.991980358147138697e-01,-2.116306158277881169e-02,5.000000000000000000e-01
5.992131572567656050e-01,-2.038218191498671755e-02,5.000000000000000000e-01
5.992270979868085101e-01,-1.959938035220291572e-02,5.000000000000000000e-01
5.992398231535098763e-01,-1.881419578239778428e-02,5.000000000000000000e-01
5.992513127726908362e-01,-1.802633284893704127e-02,5.000000000000000000e-01
5.992615270679905182e-01,-1.723511994498683544e-02,5.000000000000000000e-01
5.992704332655393040e-01,-1.643992370209196655e-02,5.000000000000000000e-01
5.992780803563080294e-01,-1.564138247637402585e-02,5.000000000000000000e-01
5.992844814850615265e-01,-1.483980513319290394e-02,5.000000000000000000e-01
5.992896294092255882e-01,-1.403531778769398150e-02,5.000000000000000000e-01
5.992935281389568658e-01,-1.322821571696155066e-02,5.000000000000000000e-01
5.992961643018623885e-01,-1.241862287195182393e-02,5.000000000000000000e-01
5.992975523657655401e-01,-1.160701601479216701e-02,5.000000000000000000e-01
5.992976034274996033e-01,-1.079261211802710028e-02,5.000000000000000000e-01
5.992963179746992886e-01,-9.975563019672738924e-03,5.000000000000000000e-01
5.992937243190521457e-01,-9.156365899898988303e-03,5.000000000000000000e-01
5.992897348765958698e-01,-8.334274421990538889e-03,5.000000000000000000e-01
5.992843862554615431e-01,-7.509787513858718136e-03,5.000000000000000000e-01
5.992777418582839744e-01,-6.683786513452806902e-03,5.000000000000000000e-01
5.992697872851749930e-01,-5.856466742469729203e-03,5.000000000000000000e-01
5.992604166305885993e-01,-5.027046061340899666e-03,5.000000000000000000e-01
5.992495386381222477e-01,-4.194724744408843964e-03,5.000000000000000000e-01
5.992371660678412759e-01,-3.359580862820137417e-03,5.000000000000000000e-01
5.992233651956446749e-01,-2.522265392114928298e-03,5.000000000000000000e-01
5.992081378174448636e-01,-1.682945569138047381e-03,5.000000000000000000e-01
5.991914398136307662e-01,-8.414082842769961268e-04,5.000000000000000000e-01
5.991732618986536085e-01,2.319167580533409989e-06,5.000000000000000000e-01
5.991536701043365110e-01,8.475412766606252313e-04,5.000000000000000000e-01
5.991327155993113607e-01,1.693614127933763813e-03,5.000000000000000000e-01
5.991102388554239155e-01,2.541542361640340003e-03,5.000000000000000000e-01
5.990863667538067761e-01,3.390237925626392312e-03,5.000000000000000000e-01
5.990611287451362843e-01,4.239239137581327088e-03,5.000000000000000000e-01
5.990343514237143063e-01,5.089599916763382428e-03,5.000000000000000000e-01
5.990059607001010367e-01,5.941847244773297218e-03,5.000000000000000000e-01
5.989759931429987638e-01,6.795756204191866559e-03,5.000000000000000000e-01
5.989445146091521011e-01,7.650846579046657187e-03,5.000000000000000000e-01
5.989115340852071423e-01,8.506948691771832813e-03,5.000000000000000000e-01
5.988770430436067826e-01,9.364014706235599880e-03,5.000000000000000000e-01
5.988408529170423655e-01,1.022322132119771708e-02,5.000000000000000000e-01
5.988029443598879009e-01,1.108479058944253186e-02,5.000000000000000000e-01
5.987635100503754249e-01,1.194755889133772980e-02,5.000000000000000000e-01
5.987226570055321773e-01,1.281071777804816507e-02,5.000000000000000000e-01
5.986803914053839826e-01,1.367399688354310923e-02,5.000000000000000000e-01
5.986368454842945219e-01,1.453635681786801664e-02,5.000000000000000000e-01
5.985920357161027550e-01,1.539738004512976148e-02,5.000000000000000000e-01
5.985458255777940106e-01,1.625757409520701968e-02,5.000000000000000000e-01
5.984981770363975162e-01,1.711702052640882987e-02,5.000000000000000000e-01
5.984489821963974165e-01,1.797625586709020867e-02,5.000000000000000000e-01
5.983981098702730872e-01,1.883604510423409623e-02,5.000000000000000000e-01
5.983456018624289108e-01,1.969628557431547800e-02,5.000000000000000000e-01
5.982914833129560073e-01,2.055692995926158145e-02,5.000000000000000000e-01
5.982359075197970499e-01,2.141719755534470665e-02,5.000000000000000000e-01
5.981788701144379328e-01,2.227705300128832167e-02,5.000000000000000000e-01
5.981201016324313446e-01,2.313784214376331944e-02,5.000000000000000000e-01
5.980596579919981171e-01,2.399943250484529167e-02,5.000000000000000000e-01
5.979975495061281565e-01,2.486186734303794457e-02,5.000000000000000000e-01
5.979339162009449371e-01,2.572451511006065838e-02,5.000000000000000000e-01
5.978689087095681032e-01,2.658659724915912737e-02,5.000000000000000000e-01
5.978025312495884869e-01,2.744794854440616577e-02,5.000000000000000000e-01
5.977346388917712527e-01,2.830913881953565914e-02,5.000000000000000000e-01
5.976650520310664572e-01,2.917099962943683900e-02,5.000000000000000000e-01
5.975939064483029028e-01,3.003300510424404893e-02,5.000000000000000000e-01
5.975213066966347242e-01,3.089468398112307085e-02,5.000000000000000000e-01
5.974471340494029725e-01,3.175651368166749339e-02,5.000000000000000000e-01
5.973714311265514443e-01,3.261831969528129760e-02,5.000000000000000000e-01
5.972943632409899450e-01,3.347936545324384228e-02,5.000000000000000000e-01
5.972157892560536752e-01,3.434016037391685039e-02,5.000000000000000000e-01
5.971357035421419601e-01,3.520071346647239696e-02,5.000000000000000000e-01
5.970543767982363637e-01,3.605987190907459367e-02,5.000000000000000000e-01
5.969716617871598796e-01,3.691809891845031222e-02,5.000000000000000000e-01
5.968874681791697112e-01,3.777570892766834304e-02,5.000000000000000000e-01
5.968018508083361429e-01,3.863249373688668747e-02,5.000000000000000000e-01
5.967145383067345987e-01,3.948953454625924592e-02,5.000000000000000000e-01
5.966258039150926784e-01,4.034587033445722476e-02,5.000000000000000000e-01
5.965359610166074411e-01,4.120024703395573640e-02,5.000000000000000000e-01
5.964448381802001098e-01,4.205314361452471006e-02,5.000000000000000000e-01
5.963523181244958504e-01,4.290494549498194421e-02,5.000000000000000000e-01
5.962584066330975929e-01,4.375563630498721657e-02,5.000000000000000000e-01
5.961630309288533658e-01,4.460550718023389288e-02,5.000000000000000000e-01
5.960659389092952676e-01,4.545555299188068499e-02,5.000000000000000000e-01
5.959672897514278755e-01,4.630536493604643644e-02,5.000000000000000000e-01
5.958673663488919248e-01,4.715399659171094771e-02,5.000000000000000000e-01
5.957660267118886077e-01,4.800190106510483778e-02,5.000000000000000000e-01
5.956632627658663415e-01,4.884911884321443964e-02,5.000000000000000000e-01
5.955592868818000429e-01,4.969492448014203867e-02,5.000000000000000000e-01
5.954539743790502326e-01,5.053967761734334818e-02,5.000000000000000000e-01
5.953472321778504606e-01,5.138369381410808068e-02,5.000000000000000000e-01
5.952393738681374113e-01,5.222593716342725095e-02,5.000000000000000000e-01
5.951304466457983944e-01,5.306615108257801972e-02,5.000000000000000000e-01
5.950201973969788671e-01,5.390507498490807597e-02,5.000000000000000000e-01
5.949085561934328581e-01,5.474297243251982636e-02,5.000000000000000000e-01
5.947955752282372277e-01,5.557973130071949125e-02,5.000000000000000000e-01
5.946814420747029706e-01,5.641477983127481804e-02,5.000000000000000000e-01
5.945661722447707076e-01,5.724802386382197433e-02,5.000000000000000000e-01
5.944495732868340099e-01,5.808004483127131995e-02,5.000000000000000000e-01
5.943316349430891599e-01,5.891092701381182850e-02,5.000000000000000000e-01
5.942125995393086058e-01,5.973997220863559027e-02,5.000000000000000000e-01
5.940922567580895208e-01,6.056779565027289869e-02,5.000000000000000000e-01
5.939705911403592165e-01,6.139449735709721218e-02,5.000000000000000000e-01
5.938478549105219439e-01,6.221937134850288875e-02,5.000000000000000000e-01
5.937235282495263444e-01,6.304396004948870091e-02,5.000000000000000000e-01
5.935973087751473809e-01,6.386934846495323503e-02,5.000000000000000000e-01
5.934697381332401100e-01,6.469421413446387048e-02,5.000000000000000000e-01
5.933410703936465858e-01,6.551784661623795414e-02,5.000000000000000000e-01
5.932113060113664016e-01,6.634017602821599968e-02,5.000000000000000000e-01
5.930802282657952063e-01,6.716177717979857076e-02,5.000000000000000000e-01
5.929475603777467629e-01,6.798348469530264560e-02,5.000000000000000000e-01
5.928135191546646254e-01,6.880482213825622750e-02,5.000000000000000000e-01
5.926783704247244877e-01,6.962508474284813398e-02,5.000000000000000000e-01
5.925419659435466890e-01,7.044462817448829406e-02,5.000000000000000000e-01
5.924040636253786740e-01,7.126413172456941281e-02,5.000000000000000000e-01
5.922648037701410129e-01,7.208330223611805754e-02,5.000000000000000000e-01
5.921243656750276863e-01,7.290168654569306739e-02,5.000000000000000000e-01
5.919825480776499393e-01,7.371979625164568062e-02,5.000000000000000000e-01
5.918394350375317803e-01,7.453744592471781005e-02,5.000000000000000000e-01
5.916950101184408339e-01,7.535469391673395301e-02,5.000000000000000000e-01
5.915492661963825949e-01,7.617156901298932636e-02,5.000000000000000000e-01
5.914023181926013617e-01,7.698778959174522318e-02,5.000000000000000000e-01
5.912539024593166381e-01,7.780401946641977984e-02,5.000000000000000000e-01
5.911041563541830079e-01,7.861997220530689279e-02,5.000000000000000000e-01
5.909531146272216651e-01,7.943558009811568787e-02,5.000000000000000000e-01
5.908007574418572272e-01,8.025089112129861479e-02,5.000000000000000000e-01
5.906470855295744560e-01,8.106591900914558724e-02,5.000000000000000000e-01
5.904920704246547913e-01,8.188073899240430609e-02,5.000000000000000000e-01
5.903360013523751837e-01,8.269464788750278961e-02,5.000000000000000000e-01
5.901786489247095036e-01,8.350813394909627208e-02,5.000000000000000000e-01
5.900200012924087245e-01,8.432122796052697600e-02,5.000000000000000000e-01
5.898603260427166539e-01,8.513328819037531414e-02,5.000000000000000000e-01
5.896996316739906430e-01,8.594421220808105832e-02,5.000000000000000000e-01
5.895379611965858579e-01,8.675382335828889235e-02,5.000000000000000000e-01
5.893750847209159316e-01,8.756260105590449316e-02,5.000000000000000000e-01
5.892109822711913969e-01,8.837060309245309275e-02,5.000000000000000000e-01
5.890459533653079616e-01,8.917714672540649756e-02,5.000000000000000000e-01
5.888797586218605939e-01,8.998272145956456858e-02,5.000000000000000000e-01
5.887123743301585499e-01,9.078739482919857828e-02,5.000000000000000000e-01
5.885441031595133321e-01,9.159049383630051000e-02,5.000000000000000000e-01
5.883747061314545945e-01,9.239249991715856036e-02,5.000000000000000000e-01
5.882040455205943541e-01,9.319374454778056593e-02,5.000000000000000000e-01
5.880324119944069228e-01,9.399363387987411111e-02,5.000000000000000000e-01
5.878599840941749477e-01,9.479173245007185833e-02,5.000000000000000000e-01
5.876865299020860300e-01,9.558848269252456786e-02,5.000000000000000000e-01
5.875116458458611302e-01,9.638479367682999122e-02,5.000000000000000000e-01
5.873355662809707223e-01,9.718028498476931343e-02,5.000000000000000000e-01
5.871586891413338449e-01,9.797413629593178241e-02,5.000000000000000000e-01
5.869810449918879680e-01,9.876620384460051139e-02,5.000000000000000000e-01
5.868024681432261191e-01,9.955677796239459365e-02,5.000000000000000000e-01
5.866226851493041572e-01,1.003464453074109086e-01,5.000000000000000000e-01
5.864418654451115653e-01,1.011349252991990272e-01,5.000000000000000000e-01
5.862603223606503988e-01,1.019215767623525698e-01,5.000000000000000000e-01
5.860780890474559524e-01,1.027062584210009094e-01,5.000000000000000000e-01
5.858954310364711260e-01,1.034883377778706842e-01,5.000000000000000000e-01
5.857124249934738680e-01,1.042675205823445639e-01,5.000000000000000000e-01
5.855285763258238907e-01,1.050447059310923165e-01,5.000000000000000000e-01
5.853438532750570023e-01,1.058199982930673744e-01,5.000000000000000000e-01
5.851585561053128659e-01,1.065928343596133920e-01,5.000000000000000000e-01
5.849724256220126817e-01,1.073637140558831443e-01,5.000000000000000000e-01
5.847854331757931234e-01,1.081327474778375347e-01,5.000000000000000000e-01
5.845978925047231600e-01,1.088993638669800978e-01,5.000000000000000000e-01
5.844095583033246388e-01,1.096640313220579865e-01,5.000000000000000000e-01
5.842200623795801295e-01,1.104275466314185300e-01,5.000000000000000000e-01
5.840293643034175641e-01,1.111901599744636315e-01,5.000000000000000000e-01
5.838375034414606812e-01,1.119519606636311115e-01,5.000000000000000000e-01
5.836446479410781762e-01,1.127127515988714385e-01,5.000000000000000000e-01
5.834508763074617299e-01,1.134724537926368876e-01,5.000000000000000000e-01
5.832561170903978187e-01,1.142312493615638413e-01,5.000000000000000000e-01
5.830605382388298619e-01,1.149888717357091805e-01,5.000000000000000000e-01
5.828643267139083095e-01,1.157449629380305350e-01,5.000000000000000000e-01
5.826675267803498315e-01,1.164993889312967434e-01,5.000000000000000000e-01
5.824700008867408352e-01,1.172523628863142015e-01,5.000000000000000000e-01
5.822717724498301939e-01,1.180038373538257745e-01,5.000000000000000000e-01
5.820730259508486437e-01,1.187534574280748462e-01,5.000000000000000000e-01
5.818736269969363439e-01,1.195014262686351775e-01,5.000000000000000000e-01
5.816735088097200190e-01,1.202478657495551634e-01,5.000000000000000000e-01
5.814726650180924716e-01,1.209928143618167334e-01,5.000000000000000000e-01
5.812714164136799644e-01,1.217356913344865288e-01,5.000000000000000000e-01
5.810699680258344380e-01,1.224760524800107553e-01,5.000000000000000000e-01
5.808679158680871701e-01,1.232145311449841796e-01,5.000000000000000000e-01
5.806653440333235938e-01,1.239509978503605253e-01,5.000000000000000000e-01
5.804623987428078058e-01,1.246851900540709712e-01,5.000000000000000000e-01
5.802587768699362103e-01,1.254176345998187503e-01,5.000000000000000000e-01
5.800541421086886640e-01,1.261490152654730357e-01,5.000000000000000000e-01
5.798484437836977090e-01,1.268795938937555823e-01,5.000000000000000000e-01
5.796418086565371386e-01,1.276093058456742035e-01,5.000000000000000000e-01
5.794345581486505248e-01,1.283376792945586098e-01,5.000000000000000000e-01
5.792268190970059072e-01,1.290644885499718508e-01,5.000000000000000000e-01
5.790184947483728584e-01,1.297898730405749879e-01,5.000000000000000000e-01
5.788096031874523373e-01,1.305138033233166073e-01,5.000000000000000000e-01
5.786002703249268908e-01,1.312360568618637646e-01,5.000000000000000000e-01
5.783903148525761928e-01,1.319569263566137685e-01,5.000000000000000000e-01
5.781797259946208634e-01,1.326764578107623160e-01,5.000000000000000000e-01
5.779688226640895543e-01,1.333941261354488483e-01,5.000000000000000000e-01
5.777576407641521472e-01,1.341098060187658203e-01,5.000000000000000000e-01
5.775462122687285982e-01,1.348233814483461579e-01,5.000000000000000000e-01
5.773345834293024392e-01,1.355347169916287509e-01,5.000000000000000000e-01
5.771227739333250062e-01,1.362437232016410205e-01,5.000000000000000000e-01
5.769108066991768258e-01,1.369503141883906538e-01,5.000000000000000000e-01
5.766986906732164408e-01,1.376544352244014058e-01,5.000000000000000000e-01
5.764862127136516357e-01,1.383564275092289964e-01,5.000000000000000000e-01
5.762733661235972527e-01,1.390563472490888297e-01,5.000000000000000000e-01
5.760603501536991633e-01,1.397539076420521997e-01,5.000000000000000000e-01
5.758469342104191036e-01,1.404494941232793670e-01,5.000000000000000000e-01
5.756331625098352056e-01,1.411430976697988782e-01,5.000000000000000000e-01
5.754190890890096277e-01,1.418346844927954042e-01,5.000000000000000000e-01
5.752047071961710056e-01,1.425242970813538623e-01,5.000000000000000000e-01
5.749901158515997590e-01,1.432118105749451697e-01,5.000000000000000000e-01
5.747750738311940832e-01,1.438976404720271607e-01,5.000000000000000000e-01
5.745596447628036341e-01,1.445817665271732777e-01,5.000000000000000000e-01
5.743440967293714783e-01,1.452638009794140761e-01,5.000000000000000000e-01
5.741283014651268335e-01,1.459439354250091636e-01,5.000000000000000000e-01
5.739122097736299999e-01,1.466222722594126004e-01,5.000000000000000000e-01
5.736960091614986545e-01,1.472985429237586852e-01,5.000000000000000000e-01
5.734795399907592905e-01,1.479729967307752414e-01,5.000000000000000000e-01
5.732628515514461842e-01,1.486455900030202448e-01,5.000000000000000000e-01
5.730461632848689035e-01,1.493159861604927141e-01,5.000000000000000000e-01
5.728295195784545157e-01,1.499840677561244673e-01,5.000000000000000000e-01
5.726129954707250835e-01,1.506496673446584833e-01,5.000000000000000000e-01
5.723963400873062213e-01,1.513131499249439627e-01,5.000000000000000000e-01
5.721794177523086278e-01,1.519747799230189433e-01,5.000000000000000000e-01
5.719622357706548588e-01,1.526346390338954584e-01,5.000000000000000000e-01
5.717447929100067938e-01,1.532928037890496087e-01,5.000000000000000000e-01
5.715270794852583824e-01,1.539493669127754150e-01,5.000000000000000000e-01
5.713090882455404973e-01,1.546044038580963176e-01,5.000000000000000000e-01
5.710911294071623345e-01,1.552574707169679380e-01,5.000000000000000000e-01
5.708731148797789867e-01,1.559086694651874994e-01,5.000000000000000000e-01
5.706550374823911032e-01,1.565580061512323318e-01,5.000000000000000000e-01
5.704371193952035846e-01,1.572051255138664505e-01,5.000000000000000000e-01
5.702194107146103530e-01,1.578498822378548716e-01,5.000000000000000000e-01
5.700019546535974868e-01,1.584921444636339105e-01,5.000000000000000000e-01
5.697847963550328743e-01,1.591317820714661657e-01,5.000000000000000000e-01
5.695677951804913874e-01,1.597689761021238164e-01,5.000000000000000000e-01
5.693509395588370881e-01,1.604037576206304161e-01,5.000000000000000000e-01
5.691344316388966540e-01,1.610358230412557157e-01,5.000000000000000000e-01
5.689181403641958568e-01,1.616653490451323560e-01,5.000000000000000000e-01
5.687020518937592195e-01,1.622923778296021247e-01,5.000000000000000000e-01
5.684862939448378505e-01,1.629167355245154103e-01,5.000000000000000000e-01
5.682707691811119677e-01,1.635385727614802609e-01,5.000000000000000000e-01
5.680554983597541074e-01,1.641578909957139010e-01,5.000000000000000000e-01
5.678403954364483752e-01,1.647748680282278000e-01,5.000000000000000000e-01
5.676254612826747703e-01,1.653895632862381060e-01,5.000000000000000000e-01
5.674107689472464022e-01,1.660019209148080876e-01,5.000000000000000000e-01
5.671962233531426811e-01,1.666121252328811586e-01,5.000000000000000000e-01
5.669818022571576632e-01,1.672202825425403994e-01,5.000000000000000000e-01
5.667675804092595637e-01,1.678263329110486479e-01,5.000000000000000000e-01
5.665536624071859650e-01,1.684301357804496857e-01,5.000000000000000000e-01
5.663399321347752924e-01,1.690318795381201000e-01,5.000000000000000000e-01
5.661263431741035967e-01,1.696316902331021503e-01,5.000000000000000000e-01
5.659129040731945004e-01,1.702296176178211273e-01,5.000000000000000000e-01
5.656995746593213026e-01,1.708257830301149749e-01,5.000000000000000000e-01
5.654864525290329569e-01,1.714200788723251878e-01,5.000000000000000000e-01
5.652736948304263320e-01,1.720122498068286099e-01,5.000000000000000000e-01
5.650613431825080024e-01,1.726021780701016972e-01,5.000000000000000000e-01
5.648494029637358693e-01,1.731898145400400657e-01,5.000000000000000000e-01
5.646379136669339438e-01,1.737750676938022154e-01,5.000000000000000000e-01
5.644269493817546390e-01,1.743577866457725611e-01,5.000000000000000000e-01
5.642164899371207021e-01,1.749379743049329639e-01,5.000000000000000000e-01
5.640065618235100553e-01,1.755155777311876164e-01,5.000000000000000000e-01
5.637971331427791277e-01,1.760906582247237784e-01,5.000000000000000000e-01
5.635881956760717681e-01,1.766632518370165605e-01,5.000000000000000000e-01
5.633798859403469361e-01,1.772331426081836525e-01,5.000000000000000000e-01
5.631722527301030734e-01,1.778002148231200286e-01,5.000000000000000000e-01
5.629652352786198577e-01,1.783645629704298796e-01,5.000000000000000000e-01
5.627587363970594225e-01,1.789263983228214228e-01,5.000000000000000000e-01
5.625528240234234367e-01,1.794856624075894802e-01,5.000000000000000000e-01
5.623476021506472744e-01,1.800421822753378587e-01,5.000000000000000000e-01
5.621430563727694008e-01,1.805959746587857406e-01,5.000000000000000000e-01
5.619391892458546200e-01,1.811470461921121933e-01,5.000000000000000000e-01
5.617359951809126617e-01,1.816954360698356252e-01,5.000000000000000000e-01
5.615334692464992727e-01,1.822411829158485097e-01,5.000000000000000000e-01
5.613316860485384474e-01,1.827841635626856198e-01,5.000000000000000000e-01
5.611306286987089997e-01,1.833244225315508735e-01,5.000000000000000000e-01
5.609302713408343966e-01,1.838620433985445890e-01,5.000000000000000000e-01
5.607306557269182701e-01,1.843969714328468068e-01,5.000000000000000000e-01
5.605317720203641940e-01,1.849292561345892427e-01,5.000000000000000000e-01
5.603336203572276686e-01,1.854589251550548545e-01,5.000000000000000000e-01
5.601362393936357709e-01,1.859859148363917081e-01,5.000000000000000000e-01
5.599396227241810742e-01,1.865102678085212573e-01,5.000000000000000000e-01
5.597437516957253223e-01,1.870320690693090537e-01,5.000000000000000000e-01
5.595486042708973651e-01,1.875514186751328916e-01,5.000000000000000000e-01
5.593541676569790955e-01,1.880683833269824468e-01,5.000000000000000000e-01
5.591604430244370150e-01,1.885829854142807571e-01,5.000000000000000000e-01
5.589674325279166966e-01,1.890952487671422044e-01,5.000000000000000000e-01
5.587751442531465607e-01,1.896051695192398356e-01,5.000000000000000000e-01
5.585836195677700289e-01,1.901125902998863915e-01,5.000000000000000000e-01
5.583929289327980161e-01,1.906173292773544470e-01,5.000000000000000000e-01
5.582031287223099270e-01,1.911193040639665996e-01,5.000000000000000000e-01
5.580142433342896169e-01,1.916185350280198985e-01,5.000000000000000000e-01
5.578262673844360808e-01,1.921150859695499868e-01,5.000000000000000000e-01
5.576391889029970184e-01,1.926089630340596659e-01,5.000000000000000000e-01
5.574530225608469447e-01,1.931001657108463720e-01,5.000000000000000000e-01
5.572677842184365904e-01,1.935887733475606665e-01,5.000000000000000000e-01
5.570834546631748818e-01,1.940749511825393125e-01,5.000000000000000000e-01
5.568999716998056515e-01,1.945588641743442038e-01,5.000000000000000000e-01
5.567172665481996408e-01,1.950405780490510332e-01,5.000000000000000000e-01
5.565353445986682690e-01,1.955200969368887376e-01,5.000000000000000000e-01
5.563542435889530235e-01,1.959974698185425745e-01,5.000000000000000000e-01
5.561739276228634399e-01,1.964727804683502888e-01,5.000000000000000000e-01
5.559943571085841363e-01,1.969460636394211872e-01,5.000000000000000000e-01
5.558155561249593646e-01,1.974173257828610306e-01,5.000000000000000000e-01
5.556375011244044648e-01,1.978865710007141065e-01,5.000000000000000000e-01
5.554602025486796713e-01,1.983537683602475399e-01,5.000000000000000000e-01
5.552837404495817308e-01,1.988188970388148902e-01,5.000000000000000000e-01
5.551080527434930634e-01,1.992819922736744354e-01,5.000000000000000000e-01
5.549331349287082160e-01,1.997430147959698421e-01,5.000000000000000000e-01
5.547590056692970339e-01,2.002018892682818629e-01,5.000000000000000000e-01
5.545857009703361040e-01,2.006585221475493674e-01,5.000000000000000000e-01
5.544133421181551835e-01,2.011128190750565425e-01,5.000000000000000000e-01
5.542418627510771190e-01,2.015647734746100761e-01,5.000000000000000000e-01
5.540711826858293332e-01,2.020142963793894464e-01,5.000000000000000000e-01
5.539014572903468991e-01,2.024611505105134157e-01,5.000000000000000000e-01
5.537328215646222240e-01,2.029051673696833924e-01,5.000000000000000000e-01
5.535653281365273681e-01,2.033462560677800623e-01,5.000000000000000000e-01
5.533990076191979135e-01,2.037843432922608333e-01,5.000000000000000000e-01
5.532339515038736666e-01,2.042193416358583369e-01,5.000000000000000000e-01
5.530702704571615058e-01,2.046512065806599667e-01,5.000000000000000000e-01
5.529080195134108422e-01,2.050799799903534337e-01,5.000000000000000000e-01
5.527471798217358234e-01,2.055057749054025051e-01,5.000000000000000000e-01
5.525877341213718541e-01,2.059287146625801146e-01,5.000000000000000000e-01
5.524295154848789524e-01,2.063489843736329155e-01,5.000000000000000000e-01
5.522723374485560832e-01,2.067667038219705433e-01,5.000000000000000000e-01
5.521161498077902241e-01,2.071818402582133456e-01,5.000000000000000000e-01
5.519610145138145185e-01,2.075942751710221912e-01,5.000000000000000000e-01
5.518071792646321860e-01,2.080038235011859027e-01,5.000000000000000000e-01
5.516547771536042255e-01,2.084104515506500777e-01,5.000000000000000000e-01
5.515038213046127291e-01,2.088142449080839236e-01,5.000000000000000000e-01
5.513543173930754993e-01,2.092153122988683611e-01,5.000000000000000000e-01
5.512061837383372964e-01,2.096138229746424275e-01,5.000000000000000000e-01
5.510591991129129008e-01,2.100099966336655966e-01,5.000000000000000000e-01
5.509132277526438415e-01,2.104039388126316967e-01,5.000000000000000000e-01
5.507684591528180240e-01,2.107955422462879369e-01,5.000000000000000000e-01
5.506251633591715544e-01,2.111847251356056276e-01,5.000000000000000000e-01
5.504830364144510657e-01,2.115718039065704048e-01,5.000000000000000000e-01
5.503417748537795529e-01,2.119570144018936009e-01,5.000000000000000000e-01
5.502015799574355714e-01,2.123402203075948624e-01,5.000000000000000000e-01
5.500624552714665771e-01,2.127214530873237641e-01,5.000000000000000000e-01
5.499241819620358518e-01,2.131008679129717254e-01,5.000000000000000000e-01
5.497865591038775257e-01,2.134785446400828124e-01,5.000000000000000000e-01
5.496496834114901198e-01,2.138543240887343100e-01,5.000000000000000000e-01
5.495136805617083509e-01,2.142280412492333086e-01,5.000000000000000000e-01
5.493786222715387746e-01,2.145995832179256879e-01,5.000000000000000000e-01
5.492447117627922148e-01,2.149687695430402834e-01,5.000000000000000000e-01
5.491118761300510798e-01,2.153356249858547344e-01,5.000000000000000000e-01
5.489802041008237099e-01,2.157000602744417184e-01,5.000000000000000000e-01
5.488500034081493784e-01,2.160618655137809818e-01,5.000000000000000000e-01
5.487211503032952686e-01,2.164211688026073666e-01,5.000000000000000000e-01
5.485937140262165945e-01,2.167779541034571267e-01,5.000000000000000000e-01
5.484676092627494004e-01,2.171323175134294015e-01,5.000000000000000000e-01
5.483427580883707408e-01,2.174843365379245663e-01,5.000000000000000000e-01
5.482191567928043074e-01,2.178340238835199949e-01,5.000000000000000000e-01
5.480968489151634149e-01,2.181813635163019904e-01,5.000000000000000000e-01
5.479757605652553210e-01,2.185264199190943557e-01,5.000000000000000000e-01
5.478555548266256237e-01,2.188694139659456417e-01,5.000000000000000000e-01
5.477365147731043660e-01,2.192100975527699891e-01,5.000000000000000000e-01
5.476186615144829073e-01,2.195484367988889129e-01,5.000000000000000000e-01
5.475018305485539472e-01,2.198845251190988392e-01,5.000000000000000000e-01
5.473863653339217095e-01,2.202180859199614205e-01,5.000000000000000000e-01
5.472725735905046296e-01,2.205489250675932988e-01,5.000000000000000000e-01
5.471599727193496854e-01,2.208774250781774529e-01,5.000000000000000000e-01
5.470483693516705603e-01,2.212037031428756018e-01,5.000000000000000000e-01
5.469383217274906839e-01,2.215273299350137282e-01,5.000000000000000000e-01
5.468297502093418805e-01,2.218483976845069261e-01,5.000000000000000000e-01
5.467223968454086869e-01,2.221671077377868064e-01,5.000000000000000000e-01
5.466163393532843529e-01,2.224833957313149535e-01,5.000000000000000000e-01
5.465116490942116823e-01,2.227972082565095602e-01,5.000000000000000000e-01
5.464080129249151430e-01,2.231087693588325593e-01,5.000000000000000000e-01
5.463054386387651284e-01,2.234180333947921315e-01,5.000000000000000000e-01
5.462039186607126062e-01,2.237249630054283234e-01,5.000000000000000000e-01
5.461037377486830380e-01,2.240293139884214080e-01,5.000000000000000000e-01
5.460052260585188666e-01,2.243308452500657191e-01,5.000000000000000000e-01
5.459080994572695911e-01,2.246297912861484614e-01,5.000000000000000000e-01
5.458121724457800639e-01,2.249262832533575340e-01,5.000000000000000000e-01
5.457178343519841768e-01,2.252200209021157362e-01,5.000000000000000000e-01
5.456252337903941818e-01,2.255109222967597860e-01,5.000000000000000000e-01
5.455341688644816944e-01,2.257991766936346678e-01,5.000000000000000000e-01
5.454443038482139627e-01,2.260850459497777687e-01,5.000000000000000000e-01
5.453556697562068623e-01,2.263684917823413079e-01,5.000000000000000000e-01
5.452684265170695266e-01,2.266493827283820039e-01,5.000000000000000000e-01
5.451827192826053103e-01,2.269276186911896309e-01,5.000000000000000000e-01
5.450981334718616456e-01,2.272035169354925110e-01,5.000000000000000000e-01
5.450139129208915190e-01,2.274776025164279014e-01,5.000000000000000000e-01
5.449305015219534365e-01,2.277494387234268447e-01,5.000000000000000000e-01
5.448482884448617725e-01,2.280186696383937894e-01,5.000000000000000000e-01
5.447669729488773260e-01,2.282854820931967677e-01,5.000000000000000000e-01
5.446865389003088254e-01,2.285498234047959321e-01,5.000000000000000000e-01
5.446076120119289765e-01,2.288111618451187934e-01,5.000000000000000000e-01
5.445302347380955865e-01,2.290694567012580007e-01,5.000000000000000000e-01
5.444541878716235850e-01,2.293248676875032088e-01,5.000000000000000000e-01
5.443795526137736873e-01,2.295773106127314833e-01,5.000000000000000000e-01
5.443067803228884838e-01,2.298264348642447552e-01,5.000000000000000000e-01
5.442358346319926543e-01,2.300722948072830287e-01,5.000000000000000000e-01
5.441662199201369177e-01,2.303152912343094660e-01,5.000000000000000000e-01
5.440983721515975091e-01,2.305550831356079633e-01,5.000000000000000000e-01
5.440319492686562786e-01,2.307919512562691400e-01,5.000000000000000000e-01
5.439666111193763864e-01,2.310261530388351692e-01,5.000000000000000000e-01
5.439029814992459855e-01,2.312571839831045750e-01,5.000000000000000000e-01
5.438413068325184119e-01,2.314848809804495311e-01,5.000000000000000000e-01
5.437817943912137686e-01,2.317091328059747157e-01,5.000000000000000000e-01
5.437239936741682378e-01,2.319303500743932767e-01,5.000000000000000000e-01
5.436673194596881586e-01,2.321490155637722097e-01,5.000000000000000000e-01
5.436119286776199822e-01,2.323649991599731068e-01,5.000000000000000000e-01
5.435579364121418955e-01,2.325782137488702772e-01,5.000000000000000000e-01
5.435054300700459251e-01,2.327886053268553579e-01,5.000000000000000000e-01
5.434547675623475627e-01,2.329959171447369415e-01,5.000000000000000000e-01
5.434060802272060453e-01,2.332000970761451686e-01,5.000000000000000000e-01
5.433587165979008038e-01,2.334017114273500559e-01,5.000000000000000000e-01
5.433124891013842994e-01,2.336009261341307486e-01,5.000000000000000000e-01
5.432681966308774424e-01,2.337971208562525938e-01,5.000000000000000000e-01
5.432255663602184592e-01,2.339905706798862395e-01,5.000000000000000000e-01
5.431844298972039464e-01,2.341814547848366512e-01,5.000000000000000000e-01
5.431445691559728672e-01,2.343699795645685924e-01,5.000000000000000000e-01
5.431055043435710772e-01,2.345565475992309745e-01,5.000000000000000000e-01
5.430678002866355936e-01,2.347407041962679131e-01,5.000000000000000000e-01
5.430320590552633053e-01,2.349219989752073801e-01,5.000000000000000000e-01
5.429981196157883661e-01,2.351006275296178005e-01,5.000000000000000000e-01
5.429654221800174208e-01,2.352770962871847116e-01,5.000000000000000000e-01
5.429336851194712654e-01,2.354516583695751009e-01,5.000000000000000000e-01
5.429032855951554382e-01,2.356240219856757245e-01,5.000000000000000000e-01
5.428743423942594681e-01,2.357941236943293939e-01,5.000000000000000000e-01
5.428462597648072707e-01,2.359624843829895013e-01,5.000000000000000000e-01
5.428192365699011646e-01,2.361289514520179267e-01,5.000000000000000000e-01
5.427936811474379786e-01,2.362932097562351341e-01,5.000000000000000000e-01
5.427686925583821154e-01,2.364560320247022229e-01,5.000000000000000000e-01
5.427438005244078489e-01,2.366177942942734869e-01,5.000000000000000000e-01
5.427197641016003882e-01,2.367778406858923046e-01,5.000000000000000000e-01
5.426971866975438541e-01,2.369356788858703045e-01,5.000000000000000000e-01
5.426757539141766618e-01,2.370916013283205781e-01,5.000000000000000000e-01
5.426548892750509001e-01,2.372461022632645633e-01,5.000000000000000000e-01
5.426344646942814487e-01,2.373992774308287257e-01,5.000000000000000000e-01
5.426151358770865407e-01,2.375505662418696540e-01,5.000000000000000000e-01
5.425969353089308278e-01,2.376999535565910149e-01,5.000000000000000000e-01
5.425795005995802667e-01,2.378477579830366451e-01,5.000000000000000000e-01
5.425628424377658687e-01,2.379939675980667357e-01,5.000000000000000000e-01
5.425470452382764597e-01,2.381385108917944970e-01,5.000000000000000000e-01
5.425325691297425701e-01,2.382810023555005374e-01,5.000000000000000000e-01
5.425191702938312321e-01,2.384216695488876603e-01,5.000000000000000000e-01
5.425067508934775518e-01,2.385606078934990326e-01,5.000000000000000000e-01
5.424947410500964295e-01,2.386983065769807399e-01,5.000000000000000000e-01
5.424827628187576245e-01,2.388350717172469939e-01,5.000000000000000000e-01
5.424720026452349853e-01,2.389698587210509761e-01,5.000000000000000000e-01
5.424624000629727494e-01,2.391027322345785910e-01,5.000000000000000000e-01
5.424531255911020367e-01,2.392344166547175910e-01,5.000000000000000000e-01
5.424446597493377542e-01,2.393644788088088449e-01,5.000000000000000000e-01
5.424369986478931871e-01,2.394929185277862027e-01,5.000000000000000000e-01
5.424295936892314929e-01,2.396202080667536038e-01,5.000000000000000000e-01
5.424225722947373374e-01,2.397462131649831796e-01,5.000000000000000000e-01
5.424165444919880619e-01,2.398703849846358649e-01,5.000000000000000000e-01
5.424116000420379224e-01,2.399926471959812901e-01,5.000000000000000000e-01
5.424070919329692098e-01,2.401135720556091258e-01,5.000000000000000000e-01
5.424034009278783097e-01,2.402328105007393022e-01,5.000000000000000000e-01
5.424008711929582116e-01,2.403500563931975642e-01,5.000000000000000000e-01
5.423989174427055193e-01,2.404658348889313069e-01,5.000000000000000000e-01
5.423973550235482444e-01,2.405802993726870453e-01,5.000000000000000000e-01
5.423963432220249015e-01,2.406932920831149625e-01,5.000000000000000000e-01
5.423961196624345060e-01,2.408045911788450066e-01,5.000000000000000000e-01
5.423971454348066601e-01,2.409137828807154658e-01,5.000000000000000000e-01
5.423997432319560552e-01,2.410205913240398290e-01,5.000000000000000000e-01
5.424041494804435759e-01,2.411248284434989175e-01,5.000000000000000000e-01
5.424098700154760255e-01,2.412269694971492795e-01,5.000000000000000000e-01
5.424163038307708851e-01,2.413275751872880626e-01,5.000000000000000000e-01
5.424238108525494262e-01,2.414263209908935059e-01,5.000000000000000000e-01
5.424328615380138441e-01,2.415227920309809262e-01,5.000000000000000000e-01
5.424433651398715694e-01,2.416170961313970356e-01,5.000000000000000000e-01
5.424543795212961594e-01,2.417101163250753859e-01,5.000000000000000000e-01
5.424653460277530925e-01,2.418023626567213369e-01,5.000000000000000000e-01
5.424766547397021910e-01,2.418934594973994046e-01,5.000000000000000000e-01
5.424883869538695835e-01,2.419833238474527748e-01,5.000000000000000000e-01
5.425002823831838183e-01,2.420721904355055409e-01,5.000000000000000000e-01
5.425124278775512732e-01,2.421599659279012329e-01,5.000000000000000000e-01
5.425247690560546232e-01,2.422466893264112742e-01,5.000000000000000000e-01
5.425376501127373574e-01,2.423320280149653394e-01,5.000000000000000000e-01
5.425514226439482890e-01,2.424156481434372457e-01,5.000000000000000000e-01
5.425657768387668334e-01,2.424978452004001861e-01,5.000000000000000000e-01
5.425812218565772005e-01,2.425781383988214746e-01,5.000000000000000000e-01
5.425980474767299055e-01,2.426562634249800898e-01,5.000000000000000000e-01
5.426157771757076365e-01,2.427326889556609135e-01,5.000000000000000000e-01
5.426339301563629647e-01,2.428078783741804969e-01,5.000000000000000000e-01
5.426523331919905768e-01,2.428819939408983775e-01,5.000000000000000000e-01
5.426711877216557900e-01,2.429548359230992716e-01,5.000000000000000000e-01
5.426904540551609202e-01,2.430264396764569290e-01,5.000000000000000000e-01
5.427101877966125087e-01,2.430967484498215980e-01,5.000000000000000000e-01
5.427311661807310283e-01,2.431650109013935857e-01,5.000000000000000000e-01
5.427526774787261310e-01,2.432319277325202811e-01,5.000000000000000000e-01
5.427740562818506032e-01,2.432981478438004386e-01,5.000000000000000000e-01
5.427964961104820851e-01,2.433624948717391656e-01,5.000000000000000000e-01
5.428197625110680047e-01,2.434252079788219725e-01,5.000000000000000000e-01
5.428432322266059096e-01,2.434869050874201579e-01,5.000000000000000000e-01
5.428694326110943269e-01,2.435450978834127200e-01,5.000000000000000000e-01
5.428989958043858310e-01,2.435991987832896166e-01,5.000000000000000000e-01
5.429289242410317851e-01,2.436522331494274662e-01,5.000000000000000000e-01
5.429589434925216063e-01,2.437044774159246585e-01,5.000000000000000000e-01
5.429889883994696298e-01,2.437559946185021142e-01,5.000000000000000000e-01
5.430185232339623802e-01,2.438073188856398898e-01,5.000000000000000000e-01
5.430473071193174794e-01,2.438586800875749971e-01,5.000000000000000000e-01
5.430762642019661968e-01,2.439091312161571490e-01,5.000000000000000000e-01
5.431062813411360324e-01,2.439577709906304293e-01,5.000000000000000000e-01
5.431367591026079467e-01,2.440052188211347950e-01,5.000000000000000000e-01
5.431666581395893090e-01,2.440525347001514245e-01,5.000000000000000000e-01
5.431959863421931267e-01,2.440996984493190025e-01,5.000000000000000000e-01
5.432259599148319129e-01,2.441454481647571395e-01,5.000000000000000000e-01
5.432557912311657411e-01,2.441905964052824007e-01,5.000000000000000000e-01
5.432849568437601029e-01,2.442356777821541036e-01,5.000000000000000000e-01
5.433140680731196603e-01,2.442800423706465995e-01,5.000000000000000000e-01
5.433435530314401074e-01,2.443232389235870938e-01,5.000000000000000000e-01
5.433738517590023243e-01,2.443648061623467371e-01,5.000000000000000000e-01
5.434046251000752559e-01,2.444051043825171687e-01,5.000000000000000000e-01
5.434350748505638595e-01,2.444449724223458631e-01,5.000000000000000000e-01
5.434651479134788854e-01,2.444844589309192462e-01,5.000000000000000000e-01
5.434954583227704639e-01,2.445229040223854677e-01,5.000000000000000000e-01
5.435258655843733244e-01,2.445604555442172645e-01,5.000000000000000000e-01
5.435565909808193208e-01,2.445968747051463499e-01,5.000000000000000000e-01
5.435877299566108656e-01,2.446320592531951998e-01,5.000000000000000000e-01
5.436184517186152254e-01,2.446669007949671681e-01,5.000000000000000000e-01
5.436490020275357438e-01,2.447011289521155153e-01,5.000000000000000000e-01
5.436805903501487069e-01,2.447334321026962134e-01,5.000000000000000000e-01
5.437131909125253459e-01,2.447638474768087935e-01,5.000000000000000000e-01
5.437468375393854636e-01,2.447923479379494061e-01,5.000000000000000000e-01
5.437811164003143460e-01,2.448193952036189502e-01,5.000000000000000000e-01
5.438157028579694297e-01,2.448453527581568312e-01,5.000000000000000000e-01
5.438510639450367945e-01,2.448697120363665380e-01,5.000000000000000000e-01
5.438876193335435705e-01,2.448920199064305026e-01,5.000000000000000000e-01
5.439248753156065153e-01,2.449128362748899113e-01,5.000000000000000000e-01
5.439624814111027051e-01,2.449325618501396740e-01,5.000000000000000000e-01
5.440006597627893292e-01,2.449509559150218063e-01,5.000000000000000000e-01
5.440383119685263669e-01,2.449692572938882706e-01,5.000000000000000000e-01
5.440749937908371248e-01,2.449879671157615402e-01,5.000000000000000000e-01
5.441119612451307264e-01,2.450056660820738585e-01,5.000000000000000000e-01
5.441500883671080979e-01,2.450213714210117411e-01,5.000000000000000000e-01
5.441887919621415381e-01,2.450357586977459645e-01,5.000000000000000000e-01
5.442265790650891999e-01,2.450505398812404534e-01,5.000000000000000000e-01
5.442632771879545306e-01,2.450659122498956011e-01,5.000000000000000000e-01
5.442997131261011479e-01,2.450809227166794724e-01,5.000000000000000000e-01
5.443362385079988375e-01,2.450951687649259858e-01,5.000000000000000000e-01
5.443733643163635172e-01,2.451080643878057463e-01,5.000000000000000000e-01
5.444113567344044391e-01,2.451193089777874423e-01,5.000000000000000000e-01
5.444496367204387788e-01,2.451295881340174176e-01,5.000000000000000000e-01
5.444878777230637290e-01,2.451392922653845563e-01,5.000000000000000000e-01
5.445262046240830767e-01,2.451482802490407842e-01,5.000000000000000000e-01
5.445647580745021088e-01,2.451563935239951530e-01,5.000000000000000000e-01
5.446039551624872743e-01,2.451631461660260802e-01,5.000000000000000000e-01
5.446436953202913323e-01,2.451686677647644252e-01,5.000000000000000000e-01
5.446835512877975516e-01,2.451734780129402602e-01,5.000000000000000000e-01
5.447234263123370557e-01,2.451777010699429382e-01,5.000000000000000000e-01
5.447626553204196753e-01,2.451821431434753062e-01,5.000000000000000000e-01
5.448014845558120101e-01,2.451865131652136154e-01,5.000000000000000000e-01
5.448411074438347379e-01,2.451893700379540741e-01,5.000000000000000000e-01
5.448817315365181990e-01,2.451904726200774820e-01,5.000000000000000000e-01
5.449225373648229898e-01,2.451908319587823293e-01,5.000000000000000000e-01
5.449625947732257281e-01,2.451915979330674678e-01,5.000000000000000000e-01
5.450020005090170372e-01,2.451926561029055818e-01,5.000000000000000000e-01
5.450405169000203109e-01,2.451943052166195847e-01,5.000000000000000000e-01
5.450785860092819402e-01,2.451960012921044485e-01,5.000000000000000000e-01
5.451160629461352380e-01,2.451979284329833253e-01,5.000000000000000000e-01
5.451521198348501240e-01,2.452011256883350754e-01,5.000000000000000000e-01
5.451873852054189840e-01,2.452048053189039289e-01,5.000000000000000000e-01
5.452230536678370765e-01,2.452074652425940693e-01,5.000000000000000000e-01
5.452588555322178676e-01,2.452094517724532907e-01,5.000000000000000000e-01
5.452945184231725584e-01,2.452111174124541604e-01,5.000000000000000000e-01
5.453305248149840079e-01,2.452118519371490335e-01,5.000000000000000000e-01
5.453669281712216765e-01,2.452115944113056334e-01,5.000000000000000000e-01
5.454037413797584444e-01,2.452103352988451168e-01,5.000000000000000000e-01
5.454405738126032466e-01,2.452085859980553395e-01,5.000000000000000000e-01
5.454770276105481708e-01,2.452068681645690751e-01,5.000000000000000000e-01
5.455122168835431218e-01,2.452063382090950983e-01,5.000000000000000000e-01
5.455464324071604976e-01,2.452066217076512844e-01,5.000000000000000000e-01
5.455808083983306744e-01,2.452062369879860482e-01,5.000000000000000000e-01
5.456154321916740768e-01,2.452050759406186331e-01,5.000000000000000000e-01
5.456497967930121762e-01,2.452038139011754048e-01,5.000000000000000000e-01
5.456837146821494899e-01,2.452027058694672690e-01,5.000000000000000000e-01
5.457171506857234622e-01,2.452018034649226519e-01,5.000000000000000000e-01
5.457494102226239097e-01,2.452020393576140045e-01,5.000000000000000000e-01
5.457805699776715480e-01,2.452033146494382865e-01,5.000000000000000000e-01
5.458114038829272596e-01,2.452045915827992528e-01,5.000000000000000000e-01
5.458425434526772424e-01,2.452050222442405114e-01,5.000000000000000000e-01
5.458736759086944001e-01,2.452050363886922879e-01,5.000000000000000000e-01
5.459045168870098053e-01,2.452050277164459779e-01,5.000000000000000000e-01
5.459353973053922005e-01,2.452045497235673666e-01,5.000000000000000000e-01
5.459663459044041822e-01,2.452035698439838374e-01,5.000000000000000000e-01
5.459975990453691530e-01,2.452017700579698367e-01,5.000000000000000000e-01
5.460290014869415565e-01,2.451993723818100546e-01,5.000000000000000000e-01
5.460603452326376894e-01,2.451966741580985376e-01,5.000000000000000000e-01
5.460916009075893474e-01,2.451937240296532816e-01,5.000000000000000000e-01
5.461225717367094168e-01,2.451908060454580651e-01,5.000000000000000000e-01
5.461528555089706360e-01,2.451884928155606547e-01,5.000000000000000000e-01
5.461822919971264234e-01,2.451870188733825950e-01,5.000000000000000000e-01
5.462108821068891729e-01,2.451863894282751422e-01,5.000000000000000000e-01
5.462386097085952796e-01,2.451866352152248241e-01,5.000000000000000000e-01
5.462656842217010755e-01,2.451874632208678184e-01,5.000000000000000000e-01
5.462920664555330763e-01,2.451889367572216427e-01,5.000000000000000000e-01
5.463174093016776034e-01,2.451915603533648125e-01,5.000000000000000000e-01
5.463418121093388535e-01,2.451951973844191945e-01,5.000000000000000000e-01
5.463659833470779770e-01,2.451988253881454694e-01,5.000000000000000000e-01
5.463894903427591876e-01,2.452030802543894716e-01,5.000000000000000000e-01
5.464123387085332295e-01,2.452079597430342761e-01,5.000000000000000000e-01
5.464347745949330593e-01,2.452131084419321150e-01,5.000000000000000000e-01
5.464561603552232638e-01,2.452194702206806631e-01,5.000000000000000000e-01
5.464761799860586855e-01,2.452275174900517829e-01,5.000000000000000000e-01
5.464957680366295811e-01,2.452358683540700746e-01,5.000000000000000000e-01
5.465150334539616850e-01,2.452443652201128921e-01,5.000000000000000000e-01
5.465336223175869534e-01,2.452535429622247354e-01,5.000000000000000000e-01
5.465516838204533823e-01,2.452631827572255285e-01,5.000000000000000000e-01
5.465690027124070483e-01,2.452736138174906877e-01,5.000000000000000000e-01
5.465853885046016991e-01,2.452851290365639370e-01,5.000000000000000000e-01
5.466010228933009252e-01,2.452974574219335402e-01,5.000000000000000000e-01
5.466164225714741365e-01,2.453098177985323924e-01,5.000000000000000000e-01
5.466315582184576582e-01,2.453222603606908803e-01,5.000000000000000000e-01
5.466459970301902338e-01,2.453354551872782841e-01,5.000000000000000000e-01
5.466600666245307050e-01,2.453489040741456406e-01,5.000000000000000000e-01
5.466735337966167618e-01,2.453629728088423112e-01,5.000000000000000000e-01
5.466863312860433810e-01,2.453777726598270759e-01,5.000000000000000000e-01
5.466989725612617645e-01,2.453925107203847877e-01,5.000000000000000000e-01
5.467115059562868140e-01,2.454071194822816104e-01,5.000000000000000000e-01
5.467238127131552883e-01,2.454217928144898919e-01,5.000000000000000000e-01
5.467351912086151344e-01,2.454376417282798928e-01,5.000000000000000000e-01
5.467453163926924153e-01,2.454551859652037427e-01,5.000000000000000000e-01
5.467547937950864023e-01,2.454734724648302835e-01,5.000000000000000000e-01
5.467642040571180084e-01,2.454915853076942156e-01,5.000000000000000000e-01
5.467731389467849201e-01,2.455101835356185425e-01,5.000000000000000000e-01
5.467813345433635286e-01,2.455296978520672413e-01,5.000000000000000000e-01
5.467892987527120940e-01,2.455493198424707479e-01,5.000000000000000000e-01
5.467970561195252266e-01,2.455690186003794406e-01,5.000000000000000000e-01
5.468045975058634101e-01,2.455888187433195036e-01,5.000000000000000000e-01
5.468115122830641273e-01,2.456093956529641353e-01,5.000000000000000000e-01
5.468176372801781815e-01,2.456310249644682031e-01,5.000000000000000000e-01
5.468234874935573586e-01,2.456528728339471557e-01,5.000000000000000000e-01
5.468289485982882336e-01,2.456751370572331505e-01,5.000000000000000000e-01
5.468342016816879481e-01,2.456975299810815472e-01,5.000000000000000000e-01
5.468393889935057040e-01,2.457198275912914620e-01,5.000000000000000000e-01
5.468442833396441882e-01,2.457424186947963496e-01,5.000000000000000000e-01
5.468485915628271687e-01,2.457658029998650018e-01,5.000000000000000000e-01
5.468521096963909756e-01,2.457903325860946175e-01,5.000000000000000000e-01
5.468548079523887218e-01,2.458160682299734001e-01,5.000000000000000000e-01
5.468566928534253080e-01,2.458430095771088619e-01,5.000000000000000000e-01
5.468575865895248800e-01,2.458714670545488201e-01,5.000000000000000000e-01
5.468574501469622984e-01,2.459015166535185593e-01,5.000000000000000000e-01
5.468561546624151060e-01,2.459333860506052183e-01,5.000000000000000000e-01
5.468535763308693953e-01,2.459672949180715662e-01,5.000000000000000000e-01
5.468502189574280248e-01,2.460023880972370403e-01,5.000000000000000000e-01
5.468460116031317320e-01,2.460387955119898717e-01,5.000000000000000000e-01
5.468407545431518413e-01,2.460768701083352328e-01,5.000000000000000000e-01
5.468347766785122133e-01,2.461160503265468757e-01,5.000000000000000000e-01
5.468281677388775464e-01,2.461561891065767727e-01,5.000000000000000000e-01
5.468207033122782779e-01,2.461976859968106057e-01,5.000000000000000000e-01
5.468119005069566052e-01,2.462413922981137038e-01,5.000000000000000000e-01
5.468018317256744254e-01,2.462871869927406310e-01,5.000000000000000000e-01
5.467907936939377933e-01,2.463345532098576984e-01,5.000000000000000000e-01
5.467789490313048617e-01,2.463832107581001574e-01,5.000000000000000000e-01
5.467663761423269264e-01,2.464330275694663897e-01,5.000000000000000000e-01
5.467528429247824340e-01,2.464844231614939374e-01,5.000000000000000000e-01
5.467384436257737290e-01,2.465372360966353038e-01,5.000000000000000000e-01
5.467231960453806661e-01,2.465914410915662491e-01,5.000000000000000000e-01
5.467068507646707376e-01,2.466474915960756853e-01,5.000000000000000000e-01
5.466895270403137053e-01,2.467051787470310176e-01,5.000000000000000000e-01
5.466713621759429209e-01,2.467642603266276269e-01,5.000000000000000000e-01
5.466521036099070141e-01,2.468251991799346734e-01,5.000000000000000000e-01
5.466317942041920563e-01,2.468879222275592866e-01,5.000000000000000000e-01
5.466107436902956085e-01,2.469518708660916051e-01,5.000000000000000000e-01
5.465890780111675173e-01,2.470168219883013827e-01,5.000000000000000000e-01
5.465666892234355423e-01,2.470829808652721948e-01,5.000000000000000000e-01
5.465431139898706547e-01,2.471512041981780983e-01,5.000000000000000000e-01
5.465184606804684986e-01,2.472212973007222314e-01,5.000000000000000000e-01
5.464931389453611121e-01,2.472925082893617788e-01,5.000000000000000000e-01
5.464668215043423372e-01,2.473654499895810155e-01,5.000000000000000000e-01
5.464395897892928566e-01,2.474399765872700441e-01,5.000000000000000000e-01
5.464115774091722333e-01,2.475158448973237835e-01,5.000000000000000000e-01
5.463825003415470061e-01,2.475935911050596294e-01,5.000000000000000000e-01
5.463521643003881323e-01,2.476735826926280970e-01,5.000000000000000000e-01
5.463207208550280303e-01,2.477555375389889902e-01,5.000000000000000000e-01
5.462883463958967400e-01,2.478391266956722350e-01,5.000000000000000000e-01
5.462549789137849388e-01,2.479244708453268164e-01,5.000000000000000000e-01
5.462207163721481962e-01,2.480113883270201880e-01,5.000000000000000000e-01
5.461858078953301110e-01,2.480994113135617518e-01,5.000000000000000000e-01
5.461501025061843428e-01,2.481888326995566052e-01,5.000000000000000000e-01
5.461133273819899214e-01,2.482801769371655587e-01,5.000000000000000000e-01
5.460754267552087038e-01,2.483735526950195394e-01,5.000000000000000000e-01
5.460366044714204392e-01,2.484685716989744331e-01,5.000000000000000000e-01
5.459970516011098951e-01,2.485648706465288238e-01,5.000000000000000000e-01
5.459567714461717181e-01,2.486624483278969955e-01,5.000000000000000000e-01
5.459157710378532702e-01,2.487612964389371295e-01,5.000000000000000000e-01
5.458737607940897796e-01,2.488619789187050124e-01,5.000000000000000000e-01
5.458306909126549034e-01,2.489645946527367093e-01,5.000000000000000000e-01
5.457868451646217256e-01,2.490685950120734016e-01,5.000000000000000000e-01
5.457422480983302737e-01,2.491739366128787325e-01,5.000000000000000000e-01
5.456969043593060675e-01,2.492806151926393876e-01,5.000000000000000000e-01
5.456508560958107656e-01,2.493885535686392041e-01,5.000000000000000000e-01
5.456040612041791471e-01,2.494978396970864709e-01,5.000000000000000000e-01
5.455564797745523498e-01,2.496085573221023257e-01,5.000000000000000000e-01
5.455080765799644738e-01,2.497207807967823101e-01,5.000000000000000000e-01
5.454587971611983832e-01,2.498346222714535048e-01,5.000000000000000000e-01
5.454086873990362516e-01,2.499499960037813162e-01,5.000000000000000000e-01
5.453576703311615592e-01,2.500670589077777506e-01,5.000000000000000000e-01
5.453055907868291641e-01,2.501861220284223863e-01,5.000000000000000000e-01
5.452524496445281255e-01,2.503071858057075438e-01,5.000000000000000000e-01
5.451984488412150442e-01,2.504298517122267032e-01,5.000000000000000000e-01
5.451435672645628117e-01,2.505541657374842357e-01,5.000000000000000000e-01
5.450875562158998822e-01,2.506806271081517545e-01,5.000000000000000000e-01
5.450305381246671743e-01,2.508089924457119757e-01,5.000000000000000000e-01
5.449726560818124454e-01,2.509389777913258457e-01,5.000000000000000000e-01
5.449138349507589574e-01,2.510707371282535627e-01,5.000000000000000000e-01
5.448539458378024447e-01,2.512045313448109662e-01,5.000000000000000000e-01
5.447930653806771772e-01,2.513402075439706840e-01,5.000000000000000000e-01
5.447312950020893885e-01,2.514775633053213388e-01,5.000000000000000000e-01
5.446686110960081706e-01,2.516166490899885977e-01,5.000000000000000000e-01
5.446050338866529339e-01,2.517574267755647854e-01,5.000000000000000000e-01
5.445405442597516243e-01,2.518999380590978832e-01,5.000000000000000000e-01
5.444750313735966518e-01,2.520444097479630496e-01,5.000000000000000000e-01
5.444083560875517813e-01,2.521911246444952237e-01,5.000000000000000000e-01
5.443405574799304869e-01,2.523400024203587555e-01,5.000000000000000000e-01
5.442717178399016920e-01,2.524908749100972516e-01,5.000000000000000000e-01
5.442018913888500009e-01,2.526436315161814106e-01,5.000000000000000000e-01
5.441311119542986408e-01,2.527982034420780955e-01,5.000000000000000000e-01
5.440593916647353812e-01,2.529545663169622260e-01,5.000000000000000000e-01
5.439867464005254671e-01,2.531126881539321194e-01,5.000000000000000000e-01
5.439131404704069528e-01,2.532726421889800461e-01,5.000000000000000000e-01
5.438385356122594771e-01,2.534345063130898357e-01,5.000000000000000000e-01
5.437628359072941286e-01,2.535984751217295607e-01,5.000000000000000000e-01
5.436861009469573514e-01,2.537644235495112310e-01,5.000000000000000000e-01
5.436086417984665742e-01,2.539317120512876169e-01,5.000000000000000000e-01
5.435304502143274430e-01,2.541003590910837495e-01,5.000000000000000000e-01
5.434512732133578439e-01,2.542708848789256848e-01,5.000000000000000000e-01
5.433711211210453529e-01,2.544432660293133308e-01,5.000000000000000000e-01
5.432901030357929484e-01,2.546172758725853136e-01,5.000000000000000000e-01
5.432082475390359599e-01,2.547928543888121622e-01,5.000000000000000000e-01
5.431255320665815400e-01,2.549700465951494910e-01,5.000000000000000000e-01
5.430419952314555765e-01,2.551487713794803325e-01,5.000000000000000000e-01
5.429578099422254223e-01,2.553286718069246453e-01,5.000000000000000000e-01
5.428728971748695287e-01,2.555099120549332858e-01,5.000000000000000000e-01
5.427871719871347755e-01,2.556926679456131835e-01,5.000000000000000000e-01
5.427005985830019030e-01,2.558770129597831011e-01,5.000000000000000000e-01
5.426131361326860247e-01,2.560630307526340910e-01,5.000000000000000000e-01
5.425247267380548521e-01,2.562508393494754566e-01,5.000000000000000000e-01
5.424353202161169563e-01,2.564405399808382668e-01,5.000000000000000000e-01
5.423450391666936321e-01,2.566318765974883176e-01,5.000000000000000000e-01
5.422538686990389101e-01,2.568248783523482404e-01,5.000000000000000000e-01
5.421617082573777502e-01,2.570197507167903406e-01,5.000000000000000000e-01
5.420686283207096778e-01,2.572163446908388718e-01,5.000000000000000000e-01
5.419746936369020940e-01,2.574145238148002335e-01,5.000000000000000000e-01
5.418798741247209394e-01,2.576143484265819850e-01,5.000000000000000000e-01
5.417841769938990248e-01,2.578158016394781482e-01,5.000000000000000000e-01
5.416875161736205424e-01,2.580190592448673437e-01,5.000000000000000000e-01
5.415898738090688669e-01,2.582241551956703240e-01,5.000000000000000000e-01
5.414912617926705973e-01,2.584310618856443531e-01,5.000000000000000000e-01
5.413916008974539729e-01,2.586399398054763932e-01,5.000000000000000000e-01
5.412908790257701108e-01,2.588508097761611504e-01,5.000000000000000000e-01
5.411891163889775980e-01,2.590636255678132605e-01,5.000000000000000000e-01
5.410863022778513720e-01,2.592784047224481747e-01,5.000000000000000000e-01
5.409824541549784760e-01,2.594951061257587122e-01,5.000000000000000000e-01
5.408776316070715851e-01,2.597136019951867825e-01,5.000000000000000000e-01
5.407718566520680614e-01,2.599338427339548119e-01,5.000000000000000000e-01
5.406650751104480346e-01,2.601559359026125451e-01,5.000000000000000000e-01
5.405572835214406124e-01,2.603798839715900648e-01,5.000000000000000000e-01
5.404484618693975451e-01,2.606057232761851417e-01,5.000000000000000000e-01
5.403385987126874124e-01,2.608334718632462357e-01,5.000000000000000000e-01
5.402277441448946060e-01,2.610630209712420102e-01,5.000000000000000000e-01
5.401159243972835089e-01,2.612943115671051419e-01,5.000000000000000000e-01
5.400031017561228719e-01,2.615274163641408967e-01,5.000000000000000000e-01
5.398892139307858162e-01,2.617624582619560991e-01,5.000000000000000000e-01
5.397741931745307919e-01,2.619995705672291120e-01,5.000000000000000000e-01
5.396579897175304286e-01,2.622388489542284429e-01,5.000000000000000000e-01
5.395405783779724240e-01,2.624803380375049788e-01,5.000000000000000000e-01
5.394219503134494165e-01,2.627240484780850038e-01,5.000000000000000000e-01
5.393021199424414824e-01,2.629699431413811128e-01,5.000000000000000000e-01
5.391810846896802900e-01,2.632180196890868684e-01,5.000000000000000000e-01
5.390588564130440741e-01,2.634682460693950068e-01,5.000000000000000000e-01
5.389354780721454796e-01,2.637205266341504650e-01,5.000000000000000000e-01
5.388109645882142029e-01,2.639748233465956107e-01,5.000000000000000000e-01
5.386853392599084689e-01,2.642310810725382320e-01,5.000000000000000000e-01
5.385586241960245157e-01,2.644892472007209783e-01,5.000000000000000000e-01
5.384307752368171496e-01,2.647494039872857474e-01,5.000000000000000000e-01
5.383017429759699990e-01,2.650116437561913507e-01,5.000000000000000000e-01
5.381714726177456720e-01,2.652760691232057821e-01,5.000000000000000000e-01
5.380398959278616111e-01,2.655428092206284507e-01,5.000000000000000000e-01
5.379070201232583059e-01,2.658118398351991818e-01,5.000000000000000000e-01
5.377728476910474953e-01,2.660831461890555971e-01,5.000000000000000000e-01
5.376373274963334170e-01,2.663568214545217749e-01,5.000000000000000000e-01
5.375004572215584808e-01,2.666328599489988793e-01,5.000000000000000000e-01
5.373623395542803660e-01,2.669110448788093448e-01,5.000000000000000000e-01
5.372230652457636868e-01,2.671911842657423986e-01,5.000000000000000000e-01
5.370826362900606998e-01,2.674732647037893485e-01,5.000000000000000000e-01
5.369410543826453885e-01,2.677572734345329830e-01,5.000000000000000000e-01
5.367982561544638598e-01,2.680433274841246272e-01,5.000000000000000000e-01
5.366541613681674594e-01,2.683315767753759462e-01,5.000000000000000000e-01
5.365087555895163840e-01,2.686220394656615995e-01,5.000000000000000000e-01
5.363620672455596816e-01,2.689146482841304753e-01,5.000000000000000000e-01
5.362141515429097449e-01,2.692092830052545405e-01,5.000000000000000000e-01
5.360650927047689862e-01,2.695057664634952221e-01,5.000000000000000000e-01
5.359149345832481259e-01,2.698040019176198290e-01,5.000000000000000000e-01
5.357636724966361452e-01,2.701039886643864518e-01,5.000000000000000000e-01
5.356112459776655177e-01,2.704058356627219717e-01,5.000000000000000000e-01
5.354575948247881634e-01,2.707096507854771517e-01,5.000000000000000000e-01
5.353028412190687924e-01,2.710151843332461175e-01,5.000000000000000000e-01
5.351470198782937171e-01,2.713223583043316012e-01,5.000000000000000000e-01
5.349900072399815798e-01,2.716314034286716472e-01,5.000000000000000000e-01
5.348318432924801247e-01,2.719422314593463175e-01,5.000000000000000000e-01
5.346726346824912657e-01,2.722546249934124640e-01,5.000000000000000000e-01
5.345122987589621122e-01,2.725687338371818313e-01,5.000000000000000000e-01
5.343507717019427838e-01,2.728846708379525365e-01,5.000000000000000000e-01
5.341879665108633102e-01,2.732025929598331238e-01,5.000000000000000000e-01
5.340237699865211241e-01,2.735227065321506057e-01,5.000000000000000000e-01
5.338584164701538626e-01,2.738445503055120245e-01,5.000000000000000000e-01
5.336920865305243566e-01,2.741677672503252117e-01,5.000000000000000000e-01
5.335245541828859128e-01,2.744927775098010003e-01,5.000000000000000000e-01
5.333556319150912772e-01,2.748199267516876487e-01,5.000000000000000000e-01
5.331854151248685003e-01,2.751490221073060738e-01,5.000000000000000000e-01
5.330139194456612328e-01,2.754800218655412136e-01,5.000000000000000000e-01
5.328412039409273770e-01,2.758128021210010106e-01,5.000000000000000000e-01
5.326672374550880384e-01,2.761474092857088003e-01,5.000000000000000000e-01
5.324921306372694119e-01,2.764836230168007392e-01,5.000000000000000000e-01
5.323159971558644177e-01,2.768212182093693352e-01,5.000000000000000000e-01
5.321385730247432111e-01,2.771606760454943252e-01,5.000000000000000000e-01
5.319597624173508787e-01,2.775021633452942615e-01,5.000000000000000000e-01
5.317796614983152370e-01,2.778454892850754088e-01,5.000000000000000000e-01
5.315983353223242558e-01,2.781905207950191583e-01,5.000000000000000000e-01
5.314156996555539081e-01,2.785374006717291628e-01,5.000000000000000000e-01
5.312319235046855104e-01,2.788858048327609307e-01,5.000000000000000000e-01
5.310470092676894405e-01,2.792357159886157403e-01,5.000000000000000000e-01
5.308607048847577836e-01,2.795875829308492877e-01,5.000000000000000000e-01
5.306731379526761216e-01,2.799411604177473034e-01,5.000000000000000000e-01
5.304843863250603420e-01,2.802962939632391848e-01,5.000000000000000000e-01
5.302942636345968630e-01,2.806533086250627695e-01,5.000000000000000000e-01
5.301027133442939299e-01,2.810122940937039848e-01,5.000000000000000000e-01
5.299098397004232686e-01,2.813730494895680390e-01,5.000000000000000000e-01
5.297157368697379409e-01,2.817353919965304154e-01,5.000000000000000000e-01
5.295203011018294603e-01,2.820994936188231383e-01,5.000000000000000000e-01
5.293233723810560898e-01,2.824656267480079030e-01,5.000000000000000000e-01
5.291250870285648666e-01,2.828335355057737255e-01,5.000000000000000000e-01
5.289254696529688271e-01,2.832031622990077713e-01,5.000000000000000000e-01
5.287242362120158079e-01,2.835749951271835378e-01,5.000000000000000000e-01
5.285214167166469856e-01,2.839489678750235502e-01,5.000000000000000000e-01
5.283172642717941514e-01,2.843246217470122295e-01,5.000000000000000000e-01
5.281119688492863506e-01,2.847016083031277400e-01,5.000000000000000000e-01
5.279053782253192439e-01,2.850801766700634676e-01,5.000000000000000000e-01
5.276974574498248804e-01,2.854603724831961120e-01,5.000000000000000000e-01
5.274884076019650259e-01,2.858418328401967079e-01,5.000000000000000000e-01
5.272780835352185447e-01,2.862247927954558180e-01,5.000000000000000000e-01
5.270664024617792709e-01,2.866093805374084758e-01,5.000000000000000000e-01
5.268535622459833423e-01,2.869952433678014114e-01,5.000000000000000000e-01
5.266394215833104520e-01,2.873826078854557764e-01,5.000000000000000000e-01
5.264239444796788847e-01,2.877715215971057283e-01,5.000000000000000000e-01
5.262074111024526157e-01,2.881614961082825666e-01,5.000000000000000000e-01
5.259898871036516876e-01,2.885524048736980429e-01,5.000000000000000000e-01
5.257714210783217545e-01,2.889441507034443690e-01,5.000000000000000000e-01
5.255518428723444657e-01,2.893370043564433836e-01,5.000000000000000000e-01
5.253312693349371232e-01,2.897307577256288957e-01,5.000000000000000000e-01
5.251102421430737799e-01,2.901244954834114043e-01,5.000000000000000000e-01
5.248886143753914713e-01,2.905184438929938606e-01,5.000000000000000000e-01
5.246659627478461596e-01,2.909132885051325390e-01,5.000000000000000000e-01
5.244422153878222082e-01,2.913091394203333184e-01,5.000000000000000000e-01
5.242173701930477048e-01,2.917059923687235212e-01,5.000000000000000000e-01
5.239912958673904608e-01,2.921040539242369394e-01,5.000000000000000000e-01
5.237639805131233395e-01,2.925033361367502804e-01,5.000000000000000000e-01
5.235354228589721437e-01,2.929038334501232743e-01,5.000000000000000000e-01
5.233055851488076504e-01,2.933055981334208306e-01,5.000000000000000000e-01
5.230745651235506610e-01,2.937084642551111568e-01,5.000000000000000000e-01
5.228425006623409477e-01,2.941122000395719471e-01,5.000000000000000000e-01
5.226092438040315091e-01,2.945170297148972383e-01,5.000000000000000000e-01
5.223745888330171283e-01,2.949232698256665786e-01,5.000000000000000000e-01
5.221388414565893976e-01,2.953304281853208479e-01,5.000000000000000000e-01
5.219019042544056353e-01,2.957386459184594418e-01,5.000000000000000000e-01
5.216634164478599622e-01,2.961484786697390903e-01,5.000000000000000000e-01
5.214233284515981115e-01,2.965599973484584484e-01,5.000000000000000000e-01
5.211822459429327203e-01,2.969722502955681742e-01,5.000000000000000000e-01
5.209405069046613157e-01,2.973846962632971103e-01,5.000000000000000000e-01
5.206975051938120824e-01,2.977982515148827058e-01,5.000000000000000000e-01
5.204529804141191374e-01,2.982133066372336661e-01,5.000000000000000000e-01
5.202072238067017018e-01,2.986294086926672420e-01,5.000000000000000000e-01
5.199604110972814164e-01,2.990462773754468673e-01,5.000000000000000000e-01
5.197125894825656012e-01,2.994638260981147271e-01,5.000000000000000000e-01
5.194636614178276268e-01,2.998821877267993097e-01,5.000000000000000000e-01
5.192133848495007475e-01,3.003017146357224165e-01,5.000000000000000000e-01
5.189615715593780543e-01,3.007226810080040336e-01,5.000000000000000000e-01
5.187084286544390022e-01,3.011447710098744679e-01,5.000000000000000000e-01
5.184540432243547325e-01,3.015678447002123619e-01,5.000000000000000000e-01
5.181983020167726384e-01,3.019920571470970927e-01,5.000000000000000000e-01
5.179414816657833542e-01,3.024169894858766972e-01,5.000000000000000000e-01
5.176837279323462937e-01,3.028424118850299718e-01,5.000000000000000000e-01
5.174247826526643390e-01,3.032686846235853606e-01,5.000000000000000000e-01
5.171645121533365863e-01,3.036959903655285231e-01,5.000000000000000000e-01
5.169028670578492690e-01,3.041243917997614177e-01,5.000000000000000000e-01
5.166398944255035097e-01,3.045538118673019046e-01,5.000000000000000000e-01
5.163754325132339229e-01,3.049844735163109721e-01,5.000000000000000000e-01
5.161090712865044061e-01,3.054169557093210918e-01,5.000000000000000000e-01
5.158409678602493553e-01,3.058510339601475114e-01,5.000000000000000000e-01
5.155712539128723959e-01,3.062865154261544820e-01,5.000000000000000000e-01
5.153005755136343957e-01,3.067224771342421663e-01,5.000000000000000000e-01
5.150288950254602316e-01,3.071589492491792472e-01,5.000000000000000000e-01
5.147554360198578483e-01,3.075969962868113083e-01,5.000000000000000000e-01
5.144801451680454107e-01,3.080366883830299995e-01,5.000000000000000000e-01
5.142031198964609473e-01,3.084778856019138593e-01,5.000000000000000000e-01
5.139243444209310452e-01,3.089206014462524408e-01,5.000000000000000000e-01
5.136435777441652473e-01,3.093651574464244547e-01,5.000000000000000000e-01
5.133607238170843079e-01,3.098116793058260932e-01,5.000000000000000000e-01
5.130758330379020515e-01,3.102600928674680292e-01,5.000000000000000000e-01
5.127890773402463687e-01,3.107101565365214535e-01,5.000000000000000000e-01
5.125006669463666453e-01,3.111615728411378790e-01,5.000000000000000000e-01
5.122108637478303139e-01,3.116139709080086861e-01,5.000000000000000000e-01
5.119197526533957321e-01,3.120672123874996262e-01,5.000000000000000000e-01
5.116273907641832874e-01,3.125211952476012467e-01,5.000000000000000000e-01
5.113338264320168580e-01,3.129758299830030510e-01,5.000000000000000000e-01
5.110389151780740935e-01,3.134312812724306951e-01,5.000000000000000000e-01
5.107431804402198239e-01,3.138868427176395026e-01,5.000000000000000000e-01
5.104465748631374922e-01,3.143425455385150391e-01,5.000000000000000000e-01
5.101482319226662288e-01,3.147994855994901142e-01,5.000000000000000000e-01
5.098480551113877546e-01,3.152577827842321101e-01,5.000000000000000000e-01
5.095461192471638645e-01,3.157173377651310009e-01,5.000000000000000000e-01
5.092427797251937172e-01,3.161776892855215904e-01,5.000000000000000000e-01
5.089101153841519842e-01,3.166743214178215915e-01,5.000000000000000000e-01
5.085434674500848296e-01,3.172136040683414260e-01,5.000000000000000000e-01
5.081719082572828672e-01,3.177596209109604386e-01,5.000000000000000000e-01
5.077954955865171538e-01,3.183121487782887282e-01,5.000000000000000000e-01
5.074138150675566727e-01,3.188715417330057478e-01,5.000000000000000000e-01
5.070268134707909269e-01,3.194377150161828993e-01,5.000000000000000000e-01
5.066353629820207205e-01,3.200094599395735262e-01,5.000000000000000000e-01
5.062395943418758204e-01,3.205864564776047532e-01,5.000000000000000000e-01
5.058399549498124870e-01,3.211680056031800401e-01,5.000000000000000000e-01
5.054366399764087525e-01,3.217537114214951144e-01,5.000000000000000000e-01
5.050291967704034768e-01,3.223439483428368613e-01,5.000000000000000000e-01
5.046179306625651062e-01,3.229382134790634851e-01,5.000000000000000000e-01
5.042031472096369926e-01,3.235360053734496200e-01,5.000000000000000000e-01
5.037851403620255963e-01,3.241368392313234148e-01,5.000000000000000000e-01
5.033640684332179038e-01,3.247403902049210700e-01,5.000000000000000000e-01
5.029402588547108310e-01,3.253461459067413797e-01,5.000000000000000000e-01
5.025142825967064963e-01,3.259533199688211536e-01,5.000000000000000000e-01
5.020867141929803434e-01,3.265611226303203329e-01,5.000000000000000000e-01
5.016578814415079135e-01,3.271690429982767601e-01,5.000000000000000000e-01
5.012279648512854013e-01,3.277767419787037118e-01,5.000000000000000000e-01
5.007975425803109504e-01,3.283834478339180962e-01,5.000000000000000000e-01
5.003669029862004569e-01,3.289887126573565745e-01,5.000000000000000000e-01
4.999359957547417910e-01,3.295924675273859683e-01,5.000000000000000000e-01
4.995049239105875394e-01,3.301944930722051641e-01,5.000000000000000000e-01
4.990735586302058602e-01,3.307948317407873318e-01,5.000000000000000000e-01
4.986420689165564912e-01,3.313932209900137815e-01,5.000000000000000000e-01
4.982101861621950345e-01,3.319898750568791024e-01,5.000000000000000000e-01
4.977780121428937443e-01,3.325846294558820748e-01,5.000000000000000000e-01
4.973461000586635872e-01,3.331768501751315448e-01,5.000000000000000000e-01
4.969143672763472463e-01,3.337665682207610063e-01,5.000000000000000000e-01
4.964830632110183717e-01,3.343534782970163377e-01,5.000000000000000000e-01
4.960529025087215826e-01,3.349367958368342224e-01,5.000000000000000000e-01
4.956247133368932856e-01,3.355156110528887958e-01,5.000000000000000000e-01
4.951987152365180389e-01,3.360896316228418890e-01,5.000000000000000000e-01
4.947747019561821169e-01,3.366590055303944062e-01,5.000000000000000000e-01
4.943527768981925141e-01,3.372235854004639322e-01,5.000000000000000000e-01
4.939330599803637978e-01,3.377832147267826879e-01,5.000000000000000000e-01
4.935157339918525565e-01,3.383376822340655732e-01,5.000000000000000000e-01
4.931011848001821130e-01,3.388865782250053416e-01,5.000000000000000000e-01
4.926894869216297268e-01,3.394298031852786002e-01,5.000000000000000000e-01
4.922802171459035314e-01,3.399677544841611665e-01,5.000000000000000000e-01
4.918735100884222833e-01,3.405003042050723239e-01,5.000000000000000000e-01
4.914692943999763308e-01,3.410275285224261821e-01,5.000000000000000000e-01
4.910674699734954296e-01,3.415495399915042807e-01,5.000000000000000000e-01
4.906686807657280602e-01,3.420657417044086213e-01,5.000000000000000000e-01
4.902732939870546591e-01,3.425757909621412467e-01,5.000000000000000000e-01
4.898810641360822338e-01,3.430799234476379911e-01,5.000000000000000000e-01
4.894920354592539047e-01,3.435781150598524736e-01,5.000000000000000000e-01
4.891054130773448971e-01,3.440711373695505282e-01,5.000000000000000000e-01
4.887210950291578371e-01,3.445591379093454476e-01,5.000000000000000000e-01
4.883391114099861485e-01,3.450421481261149448e-01,5.000000000000000000e-01
4.879588865121188279e-01,3.455207590699054254e-01,5.000000000000000000e-01
4.875807028202002735e-01,3.459947876713904691e-01,5.000000000000000000e-01
4.872052743805432296e-01,3.464636441562969349e-01,5.000000000000000000e-01
4.868324874444834860e-01,3.469274738696551674e-01,5.000000000000000000e-01
4.864621079810690363e-01,3.473865332823754537e-01,5.000000000000000000e-01
4.860945163885999620e-01,3.478405336983195761e-01,5.000000000000000000e-01
4.857297144178454040e-01,3.482895134716288421e-01,5.000000000000000000e-01
4.853674001651582248e-01,3.487337843655703429e-01,5.000000000000000000e-01
4.850068695981921696e-01,3.491740243177354763e-01,5.000000000000000000e-01
4.846483768870565312e-01,3.496100846439836873e-01,5.000000000000000000e-01
4.842924409240789707e-01,3.500415732940377334e-01,5.000000000000000000e-01
4.839384209124243941e-01,3.504690954361503463e-01,5.000000000000000000e-01
4.835854789796012465e-01,3.508934456948982206e-01,5.000000000000000000e-01
4.832335102487760325e-01,3.513148079736396201e-01,5.000000000000000000e-01
4.828826130268304428e-01,3.517331879254063653e-01,5.000000000000000000e-01
4.825339165616823189e-01,3.521476971681939405e-01,5.000000000000000000e-01
4.821885183709923584e-01,3.525574342334905076e-01,5.000000000000000000e-01
4.818459028798964816e-01,3.529628301421507963e-01,5.000000000000000000e-01
4.815053228373857297e-01,3.533645298634893184e-01,5.000000000000000000e-01
4.811670356705405882e-01,3.537623596304656504e-01,5.000000000000000000e-01
4.808309045479740584e-01,3.541564666223798730e-01,5.000000000000000000e-01
4.804970228117942388e-01,3.545468079294702424e-01,5.000000000000000000e-01
4.801658882496416259e-01,3.549330033725084377e-01,5.000000000000000000e-01
4.798369320521612691e-01,3.553155336927299457e-01,5.000000000000000000e-01
4.795091403594596846e-01,3.556952653404722442e-01,5.000000000000000000e-01
4.791828987470366230e-01,3.560719532490076444e-01,5.000000000000000000e-01
4.788583577027626381e-01,3.564455297362276731e-01,5.000000000000000000e-01
4.785345539394932901e-01,3.568168159532715267e-01,5.000000000000000000e-01
4.782114748774233259e-01,3.571859000776054227e-01,5.000000000000000000e-01
4.778893614038964288e-01,3.575526606169707744e-01,5.000000000000000000e-01
4.775682956537622426e-01,3.579170901992213549e-01,5.000000000000000000e-01
4.772474850458771622e-01,3.582798672185151245e-01,5.000000000000000000e-01
4.769266604810232790e-01,3.586412797568911959e-01,5.000000000000000000e-01
4.766058313942627134e-01,3.590014004294121985e-01,5.000000000000000000e-01
4.762845093922636330e-01,3.593606836733906906e-01,5.000000000000000000e-01
4.759621708221727920e-01,3.597196209142699552e-01,5.000000000000000000e-01
4.756393475632221257e-01,3.600778950613250373e-01,5.000000000000000000e-01
4.753166121213472373e-01,3.604351310186818536e-01,5.000000000000000000e-01
4.749946957749843213e-01,3.607908021884480565e-01,5.000000000000000000e-01
4.746737107630344399e-01,3.611448272812329829e-01,5.000000000000000000e-01
4.743534696004972906e-01,3.614973432693945332e-01,5.000000000000000000e-01
4.740338351308290843e-01,3.618484586823434990e-01,5.000000000000000000e-01
4.737141158434180488e-01,3.621986995756825145e-01,5.000000000000000000e-01
4.733941746392046346e-01,3.625482024096670086e-01,5.000000000000000000e-01
4.730737027032982378e-01,3.628972308222940257e-01,5.000000000000000000e-01
4.727530521745733072e-01,3.632455660684980048e-01,5.000000000000000000e-01
4.724322098753842569e-01,3.635932414075748742e-01,5.000000000000000000e-01
4.721112554537607586e-01,3.639402186090013869e-01,5.000000000000000000e-01
4.717909791876140346e-01,3.642859330437536736e-01,5.000000000000000000e-01
4.714715052558946518e-01,3.646302757978336917e-01,5.000000000000000000e-01
4.711523527020061164e-01,3.649735704282669468e-01,5.000000000000000000e-01
4.708335854173589796e-01,3.653157673445009412e-01,5.000000000000000000e-01
4.705148654098316729e-01,3.656571027831270193e-01,5.000000000000000000e-01
4.701959327200355143e-01,3.659977692357749279e-01,5.000000000000000000e-01
4.698767945336667085e-01,3.663377778053544809e-01,5.000000000000000000e-01
4.695572989414942278e-01,3.666772502652508869e-01,5.000000000000000000e-01
4.692374266346196476e-01,3.670162181199081997e-01,5.000000000000000000e-01
4.689169019146184891e-01,3.673548923524300180e-01,5.000000000000000000e-01
4.685958113183867901e-01,3.676932371664687338e-01,5.000000000000000000e-01
4.682744400067594404e-01,3.680310747247156344e-01,5.000000000000000000e-01
4.679523027666103729e-01,3.683687456631851154e-01,5.000000000000000000e-01
4.676292211912912444e-01,3.687063964086121914e-01,5.000000000000000000e-01
4.673052543863703834e-01,3.690440141938073904e-01,5.000000000000000000e-01
4.669804296459637571e-01,3.693816028659555606e-01,5.000000000000000000e-01
4.666556698598791630e-01,3.697185526324572313e-01,5.000000000000000000e-01
4.663321744594058349e-01,3.700540319623607521e-01,5.000000000000000000e-01
4.660101014327359126e-01,3.703878639239172599e-01,5.000000000000000000e-01
4.656887134237008841e-01,3.707204712452678574e-01,5.000000000000000000e-01
4.653671408483849303e-01,3.710523965405874147e-01,5.000000000000000000e-01
4.650454651028055886e-01,3.713835890924515049e-01,5.000000000000000000e-01
4.647235453323755872e-01,3.717141419248551903e-01,5.000000000000000000e-01
4.644016061565278131e-01,3.720439125807905589e-01,5.000000000000000000e-01
4.640795653160079692e-01,3.723729520704301965e-01,5.000000000000000000e-01
4.637579190021863251e-01,3.727009355211955421e-01,5.000000000000000000e-01
4.634373722160330944e-01,3.730273873463030299e-01,5.000000000000000000e-01
4.631167319018306139e-01,3.733530297250636232e-01,5.000000000000000000e-01
4.627954710261643068e-01,3.736782062036193008e-01,5.000000000000000000e-01
4.624749375633617765e-01,3.740020824186730541e-01,5.000000000000000000e-01
4.621562978077220496e-01,3.743238877529844189e-01,5.000000000000000000e-01
4.618390717981451510e-01,3.746438509523613569e-01,5.000000000000000000e-01
4.615223966689564472e-01,3.749624671978770696e-01,5.000000000000000000e-01
4.612062288724526615e-01,3.752797555590571821e-01,5.000000000000000000e-01
4.608904637085182721e-01,3.755957787225273625e-01,5.000000000000000000e-01
4.605748176235859859e-01,3.759107144639867726e-01,5.000000000000000000e-01
4.602595751028553117e-01,3.762244020483067053e-01,5.000000000000000000e-01
4.599445811845469523e-01,3.765369403183949082e-01,5.000000000000000000e-01
4.596296333106478782e-01,3.768484638251559660e-01,5.000000000000000000e-01
4.593148113740984639e-01,3.771589427553777574e-01,5.000000000000000000e-01
4.590003820794245626e-01,3.774682299910583350e-01,5.000000000000000000e-01
4.586871958086073953e-01,3.777758135947248963e-01,5.000000000000000000e-01
4.583753651001983842e-01,3.780815952321279205e-01,5.000000000000000000e-01
4.580636836515060706e-01,3.783862651563905666e-01,5.000000000000000000e-01
4.577519109648845452e-01,3.786899875298481710e-01,5.000000000000000000e-01
4.574405815394947394e-01,3.789924758458707021e-01,5.000000000000000000e-01
4.571303577557757070e-01,3.792933445561911254e-01,5.000000000000000000e-01
4.568219959043507972e-01,3.795921271783838646e-01,5.000000000000000000e-01
4.565157677381722623e-01,3.798886137099791727e-01,5.000000000000000000e-01
4.562111164970306665e-01,3.801830725956966139e-01,5.000000000000000000e-01
4.559073930273571662e-01,3.804758530299111596e-01,5.000000000000000000e-01
4.556045283174381400e-01,3.807669988484367884e-01,5.000000000000000000e-01
4.553021471865409953e-01,3.810567348958274758e-01,5.000000000000000000e-01
4.550004035545281988e-01,3.813449970070755812e-01,5.000000000000000000e-01
4.546996108355457200e-01,3.816316249971452024e-01,5.000000000000000000e-01
4.543999056012263948e-01,3.819165448323468270e-01,5.000000000000000000e-01
4.541011594701375165e-01,3.821998298472475963e-01,5.000000000000000000e-01
4.538030661442136182e-01,3.824816580471657179e-01,5.000000000000000000e-01
4.535063571332709209e-01,3.827616387069552872e-01,5.000000000000000000e-01
4.532118941785254762e-01,3.830392780178007994e-01,5.000000000000000000e-01
4.529198003607164957e-01,3.833144612942148144e-01,5.000000000000000000e-01
4.526290321443554587e-01,3.835877199780458602e-01,5.000000000000000000e-01
4.523390038504292443e-01,3.838593795609016590e-01,5.000000000000000000e-01
4.520500279735977789e-01,3.841292979629006288e-01,5.000000000000000000e-01
4.517628434095453116e-01,3.843970857107906758e-01,5.000000000000000000e-01
4.514778728520424944e-01,3.846624966351051000e-01,5.000000000000000000e-01
4.511947947116941582e-01,3.849256730840619478e-01,5.000000000000000000e-01
4.509135237947716757e-01,3.851866465695208408e-01,5.000000000000000000e-01
4.506341419884591915e-01,3.854453652482031645e-01,5.000000000000000000e-01
4.503564890893394512e-01,3.857019060916795361e-01,5.000000000000000000e-01
4.500803788484888379e-01,3.859563687371311835e-01,5.000000000000000000e-01
4.498054699821899538e-01,3.862089453152426355e-01,5.000000000000000000e-01
4.495317254974291465e-01,3.864596807976126147e-01,5.000000000000000000e-01
4.492595603577795860e-01,3.867083837371078636e-01,5.000000000000000000e-01
4.489891975515112876e-01,3.869549452556273472e-01,5.000000000000000000e-01
4.487203839452892362e-01,3.871994978382632402e-01,5.000000000000000000e-01
4.484527093610626292e-01,3.874422667863852698e-01,5.000000000000000000e-01
4.481865345377150089e-01,3.876830947409172778e-01,5.000000000000000000e-01
4.479220014106509717e-01,3.879219222879790596e-01,5.000000000000000000e-01
4.476596757565226570e-01,3.881584638481622718e-01,5.000000000000000000e-01
4.473995691384710094e-01,3.883926980419615260e-01,5.000000000000000000e-01
4.471408375053178563e-01,3.886250400862024668e-01,5.000000000000000000e-01
4.468843630172480430e-01,3.888550640388311885e-01,5.000000000000000000e-01
4.466306165099448444e-01,3.890825167910261229e-01,5.000000000000000000e-01
4.463789736064324165e-01,3.893076797364111163e-01,5.000000000000000000e-01
4.461294088192605534e-01,3.895305627482816835e-01,5.000000000000000000e-01
4.458821314366478994e-01,3.897510612236020355e-01,5.000000000000000000e-01
4.456366973440081813e-01,3.899693900640991417e-01,5.000000000000000000e-01
4.453925419482741566e-01,3.901858443913605035e-01,5.000000000000000000e-01
4.451504593078641214e-01,3.904000686788264840e-01,5.000000000000000000e-01
4.449109619444239216e-01,3.906118134699354538e-01,5.000000000000000000e-01
4.446736082766910014e-01,3.908212763864304384e-01,5.000000000000000000e-01
4.444384509313890619e-01,3.910284345948982221e-01,5.000000000000000000e-01
4.442051036129736619e-01,3.912334793250496490e-01,5.000000000000000000e-01
4.439731259005910702e-01,3.914366452730219104e-01,5.000000000000000000e-01
4.437428015706718076e-01,3.916378340478328113e-01,5.000000000000000000e-01
4.435143206110859215e-01,3.918369794401165285e-01,5.000000000000000000e-01
4.432874788774582298e-01,3.920341957339280037e-01,5.000000000000000000e-01
4.430623589247215666e-01,3.922294677874849644e-01,5.000000000000000000e-01
4.428392404917510516e-01,3.924226815556330905e-01,5.000000000000000000e-01
4.426181765284381564e-01,3.926138186274696351e-01,5.000000000000000000e-01
4.423988541905908844e-01,3.928030325657346777e-01,5.000000000000000000e-01
4.421810710838682823e-01,3.929904381680125458e-01,5.000000000000000000e-01
4.419647267628341591e-01,3.931761106881954682e-01,5.000000000000000000e-01
4.417497042421344444e-01,3.933601358391584091e-01,5.000000000000000000e-01
4.415363473233928637e-01,3.935423861077296248e-01,5.000000000000000000e-01
4.413248315240750896e-01,3.937227964273342096e-01,5.000000000000000000e-01
4.411152120607980676e-01,3.939013482697172330e-01,5.000000000000000000e-01
4.409075500964936278e-01,3.940780185222036991e-01,5.000000000000000000e-01
4.407014584089868903e-01,3.942529888305375541e-01,5.000000000000000000e-01
4.404967279295940452e-01,3.944263755922153281e-01,5.000000000000000000e-01
4.402934971148869669e-01,3.945981432256848720e-01,5.000000000000000000e-01
4.400919639997072919e-01,3.947682211710517031e-01,5.000000000000000000e-01
4.398923525334000884e-01,3.949365166285797590e-01,5.000000000000000000e-01
4.396945452326574966e-01,3.951030828938366102e-01,5.000000000000000000e-01
4.394984977739850307e-01,3.952679441484071021e-01,5.000000000000000000e-01
4.393043646564835925e-01,3.954310374027314445e-01,5.000000000000000000e-01
4.391121994117096472e-01,3.955923372041986186e-01,5.000000000000000000e-01
4.389222511454258790e-01,3.957517284710746486e-01,5.000000000000000000e-01
4.387344727981273840e-01,3.959092183924604047e-01,5.000000000000000000e-01
4.385487797483461625e-01,3.960648343852719577e-01,5.000000000000000000e-01
4.383650133915436009e-01,3.962186419846289165e-01,5.000000000000000000e-01
4.381830105727492208e-01,3.963707166136312687e-01,5.000000000000000000e-01
4.380031082065970471e-01,3.965209185930458347e-01,5.000000000000000000e-01
4.378251391122592873e-01,3.966693178929097119e-01,5.000000000000000000e-01
4.376488054717955212e-01,3.968160485637015622e-01,5.000000000000000000e-01
4.374745686747070206e-01,3.969609248846593941e-01,5.000000000000000000e-01
4.373026034935243445e-01,3.971038653411710362e-01,5.000000000000000000e-01
4.371332781608260332e-01,3.972446960692436191e-01,5.000000000000000000e-01
4.369666179500637515e-01,3.973833787374695392e-01,5.000000000000000000e-01
4.368023116511555726e-01,3.975200221992065686e-01,5.000000000000000000e-01
4.366402873990157252e-01,3.976546483369664542e-01,5.000000000000000000e-01
4.364807015704790794e-01,3.977871842185917162e-01,5.000000000000000000e-01
4.363235984173784443e-01,3.979176003573950959e-01,5.000000000000000000e-01
4.361687510651335309e-01,3.980459832038861778e-01,5.000000000000000000e-01
4.360163025889582933e-01,3.981722719620327533e-01,5.000000000000000000e-01
4.358663967163817765e-01,3.982964000796716530e-01,5.000000000000000000e-01
4.357188888789490511e-01,3.984184193420616804e-01,5.000000000000000000e-01
4.355737473259413961e-01,3.985383410500794588e-01,5.000000000000000000e-01
4.354311821744062394e-01,3.986560761071204495e-01,5.000000000000000000e-01
4.352911710552332947e-01,3.987716257634585926e-01,5.000000000000000000e-01
4.351536554747444940e-01,3.988850088049600284e-01,5.000000000000000000e-01
4.350189127847451376e-01,3.989961054793378925e-01,5.000000000000000000e-01
4.348870924731966792e-01,3.991048388747692188e-01,5.000000000000000000e-01
4.347579769907119474e-01,3.992112817579245299e-01,5.000000000000000000e-01
4.346315735848365058e-01,3.993154241991850872e-01,5.000000000000000000e-01
4.345079808671933330e-01,3.994172193761398315e-01,5.000000000000000000e-01
4.343873355233671685e-01,3.995166007746793202e-01,5.000000000000000000e-01
4.342696048005201259e-01,3.996135688199572433e-01,5.000000000000000000e-01
4.341546086927405845e-01,3.997081882862580371e-01,5.000000000000000000e-01
4.340423972724710699e-01,3.998004384114764997e-01,5.000000000000000000e-01
4.339329736262257375e-01,3.998903165503147061e-01,5.000000000000000000e-01
4.338263921420719704e-01,3.999777996846362038e-01,5.000000000000000000e-01
4.337225898866559626e-01,4.000629121237249675e-01,5.000000000000000000e-01
4.336215289636867753e-01,4.001456715520593788e-01,5.000000000000000000e-01
4.335233989858608972e-01,4.002260039774330203e-01,5.000000000000000000e-01
4.334281856871142757e-01,4.003039117290841387e-01,5.000000000000000000e-01
4.333355905496752980e-01,4.003795160762472216e-01,5.000000000000000000e-01
4.332455994629865748e-01,4.004528358115316822e-01,5.000000000000000000e-01
4.331583297056135207e-01,4.005238366046978138e-01,5.000000000000000000e-01
4.330738059987702115e-01,4.005925161466646345e-01,5.000000000000000000e-01
4.329920443235988348e-01,4.006588748060070371e-01,5.000000000000000000e-01
4.329130149940074723e-01,4.007229309004292639e-01,5.000000000000000000e-01
4.328366813618669262e-01,4.007847072692155010e-01,5.000000000000000000e-01
4.327630055576782153e-01,4.008442288487497063e-01,5.000000000000000000e-01
4.326920482082854957e-01,4.009014819479834735e-01,5.000000000000000000e-01
4.326238244665658872e-01,4.009564682969065652e-01,5.000000000000000000e-01
4.325582892626264053e-01,4.010092131906728419e-01,5.000000000000000000e-01
4.324955071435949705e-01,4.010596991519367882e-01,5.000000000000000000e-01
4.324354880313789895e-01,4.011079277585432590e-01,5.000000000000000000e-01
4.323781955828980283e-01,4.011539185084211923e-01,5.000000000000000000e-01
4.323236877090602115e-01,4.011976543499510273e-01,5.000000000000000000e-01
4.322719639701564365e-01,4.012391388615959009e-01,5.000000000000000000e-01
4.322229992177907265e-01,4.012783855561453117e-01,5.000000000000000000e-01
4.321767894978550961e-01,4.013154004554432275e-01,5.000000000000000000e-01
4.321333553944970429e-01,4.013501796445773095e-01,5.000000000000000000e-01
4.320927107798727129e-01,4.013827207247682716e-01,5.000000000000000000e-01
4.320548545713937538e-01,4.014130265064638214e-01,5.000000000000000000e-01
4.320197876799606318e-01,4.014410989232919391e-01,5.000000000000000000e-01
4.319875115643451724e-01,4.014669395248470218e-01,5.000000000000000000e-01
4.319580383690700964e-01,4.014905453200583452e-01,5.000000000000000000e-01
4.319313360423264747e-01,4.015119305376133596e-01,5.000000000000000000e-01
4.319073723752184790e-01,4.015311108274783880e-01,5.000000000000000000e-01
4.318861756273205676e-01,4.015480788873838081e-01,5.000000000000000000e-01
4.318677674277022205e-01,4.015628283722012526e-01,5.000000000000000000e-01
4.318521702884035585e-01,4.015753512947481951e-01,5.000000000000000000e-01
4.318393822591537479e-01,4.015856482941562722e-01,5.000000000000000000e-01
4.318293662901846464e-01,4.015937341871401722e-01,5.000000000000000000e-01
4.318221846862574376e-01,4.015995853258738091e-01,5.000000000000000000e-01
4.318178945449185901e-01,4.016031771049611843e-01,5.000000000000000000e-01
4.318164572069470575e-01,4.016045205197262269e-01,5.000000000000000000e-01
4.318178989594088080e-01,4.016036024916612712e-01,5.000000000000000000e-01
4.318222546417644914e-01,4.016004052597657581e-01,5.000000000000000000e-01
4.318295660293456351e-01,4.015949066035068848e-01,5.000000000000000000e-01
4.318398910085856079e-01,4.015870759585397631e-01,5.000000000000000000e-01
4.318531995215970087e-01,4.015769157926774025e-01,5.000000000000000000e-01
4.318693224941330677e-01,4.015644867511766747e-01,5.000000000000000000e-01
4.318882569047763909e-01,4.015497910652356395e-01,5.000000000000000000e-01
4.319100652160792198e-01,4.015328049329737192e-01,5.000000000000000000e-01
4.319345437306211233e-01,4.015136087445743129e-01,5.000000000000000000e-01
4.319616923117316487e-01,4.014922105066979219e-01,5.000000000000000000e-01
4.319917226916544228e-01,4.014685322264995859e-01,5.000000000000000000e-01
4.320245433776666033e-01,4.014426073735023470e-01,5.000000000000000000e-01
4.320600589506944367e-01,4.014144752527252225e-01,5.000000000000000000e-01
4.320984763438081577e-01,4.013840572955897912e-01,5.000000000000000000e-01
4.321397896125381832e-01,4.013513505309824203e-01,5.000000000000000000e-01
4.321838729339301244e-01,4.013164005213129548e-01,5.000000000000000000e-01
4.322307623606664873e-01,4.012791938217223908e-01,5.000000000000000000e-01
4.322805173936224987e-01,4.012397051092307931e-01,5.000000000000000000e-01
4.323331298733477102e-01,4.011979335524558099e-01,5.000000000000000000e-01
4.323884886131366123e-01,4.011539204460579100e-01,5.000000000000000000e-01
4.324466459543033769e-01,4.011076460267740673e-01,5.000000000000000000e-01
4.325076044683568988e-01,4.010591079746075871e-01,5.000000000000000000e-01
4.325713107623949671e-01,4.010083261755239548e-01,5.000000000000000000e-01
4.326379001905859001e-01,4.009552458392948160e-01,5.000000000000000000e-01
4.327075138029721768e-01,4.008998025446032232e-01,5.000000000000000000e-01
4.327801259175522164e-01,4.008419929426002559e-01,5.000000000000000000e-01
4.328554103419708365e-01,4.007819390267394755e-01,5.000000000000000000e-01
4.329333097315619661e-01,4.007196689462411143e-01,5.000000000000000000e-01
4.330139626183970858e-01,4.006551334067467440e-01,5.000000000000000000e-01
4.330974342181524994e-01,4.005883045782335783e-01,5.000000000000000000e-01
4.331837656943035020e-01,4.005191613753598667e-01,5.000000000000000000e-01
4.332724630497385432e-01,4.004479014581080465e-01,5.000000000000000000e-01
4.333636079293350929e-01,4.003745090678015872e-01,5.000000000000000000e-01
4.334576427268067578e-01,4.002988141779793563e-01,5.000000000000000000e-01
4.335543746048221569e-01,4.002208855717764857e-01,5.000000000000000000e-01
4.336534224750487887e-01,4.001408804969592836e-01,5.000000000000000000e-01
4.337549663178960069e-01,4.000587413574265838e-01,5.000000000000000000e-01
4.338593593967091655e-01,3.999743281011335361e-01,5.000000000000000000e-01
4.339663574213485919e-01,3.998877302563117464e-01,5.000000000000000000e-01
4.340755337795325630e-01,3.997991267549377281e-01,5.000000000000000000e-01
4.341869243993378147e-01,3.997085237181954298e-01,5.000000000000000000e-01
4.343012528763170454e-01,3.996156347197608039e-01,5.000000000000000000e-01
4.344188493717882071e-01,3.995202991239431567e-01,5.000000000000000000e-01
4.345396334104888458e-01,3.994225118330908542e-01,5.000000000000000000e-01
4.346631714944124147e-01,3.993224235346252149e-01,5.000000000000000000e-01
4.347887302228131690e-01,3.992203359567091381e-01,5.000000000000000000e-01
4.349162600037427273e-01,3.991162995346707598e-01,5.000000000000000000e-01
4.350461307292087243e-01,3.990101870432014586e-01,5.000000000000000000e-01
4.351785872065006000e-01,3.989019020450970121e-01,5.000000000000000000e-01
4.353139534335226379e-01,3.987912995829549501e-01,5.000000000000000000e-01
4.354521004996920741e-01,3.986784113984933597e-01,5.000000000000000000e-01
4.355925260803678034e-01,3.985634362600143366e-01,5.000000000000000000e-01
4.357352503348163042e-01,3.984463755776563865e-01,5.000000000000000000e-01
4.358804439527933505e-01,3.983271637936501852e-01,5.000000000000000000e-01
4.360282816717284682e-01,3.982057227602874283e-01,5.000000000000000000e-01
4.361786649345671396e-01,3.980820831178332186e-01,5.000000000000000000e-01
4.363315105380088932e-01,3.979562731829170419e-01,5.000000000000000000e-01
4.364871451243661493e-01,3.978281475928562294e-01,5.000000000000000000e-01
4.366455224862793583e-01,3.976977054427430214e-01,5.000000000000000000e-01
4.368062596955099020e-01,3.975650959741739432e-01,5.000000000000000000e-01
4.369695272579799949e-01,3.974302462509122225e-01,5.000000000000000000e-01
4.371356694422582345e-01,3.972929978026636944e-01,5.000000000000000000e-01
4.373042328830151759e-01,3.971535245200334963e-01,5.000000000000000000e-01
4.374745581500036340e-01,3.970121168426002933e-01,5.000000000000000000e-01
4.376470046219442800e-01,3.968686481819873046e-01,5.000000000000000000e-01
4.378221371296227016e-01,3.967228797153282693e-01,5.000000000000000000e-01
4.379998445243137306e-01,3.965748402294296260e-01,5.000000000000000000e-01
4.381795485344574526e-01,3.964247747217022888e-01,5.000000000000000000e-01
4.383612845502022348e-01,3.962726829097166226e-01,5.000000000000000000e-01
4.385456197717013671e-01,3.961183237353139708e-01,5.000000000000000000e-01
4.387326429448512033e-01,3.959616372395423634e-01,5.000000000000000000e-01
4.389223151872809758e-01,3.958026176231458360e-01,5.000000000000000000e-01
4.391138787555012857e-01,3.956415872995576177e-01,5.000000000000000000e-01
4.393074144269806247e-01,3.954785288519290232e-01,5.000000000000000000e-01
4.395034710773970676e-01,3.953132057821352463e-01,5.000000000000000000e-01
4.397024547893092494e-01,3.951454137195883343e-01,5.000000000000000000e-01
4.399044062230701435e-01,3.949750944759116145e-01,5.000000000000000000e-01
4.401084228010523347e-01,3.948026233289073650e-01,5.000000000000000000e-01
4.403141015981704154e-01,3.946281960014331736e-01,5.000000000000000000e-01
4.405211526168250069e-01,3.944519785250837351e-01,5.000000000000000000e-01
4.407296753850958870e-01,3.942739674154947527e-01,5.000000000000000000e-01
4.409402269603318603e-01,3.940939380371810685e-01,5.000000000000000000e-01
4.411526280376115716e-01,3.939119751188722707e-01,5.000000000000000000e-01
4.413668024548336177e-01,3.937281236469462598e-01,5.000000000000000000e-01
4.415828955250504784e-01,3.935423264991322334e-01,5.000000000000000000e-01
4.418014956972100560e-01,3.933543065179554432e-01,5.000000000000000000e-01
4.420225576567147208e-01,3.931640537510731059e-01,5.000000000000000000e-01
4.422456221547886868e-01,3.929717571145533439e-01,5.000000000000000000e-01
4.424706177822990139e-01,3.927774476893122202e-01,5.000000000000000000e-01
4.426968011628811817e-01,3.925814822444362306e-01,5.000000000000000000e-01
4.429240220765401359e-01,3.923839718156309497e-01,5.000000000000000000e-01
4.431531316843930757e-01,3.921845498789957585e-01,5.000000000000000000e-01
4.433842020304312737e-01,3.919831753300683230e-01,5.000000000000000000e-01
4.436163094929108652e-01,3.917802858217340201e-01,5.000000000000000000e-01
4.438495379733622959e-01,3.915758777654811951e-01,5.000000000000000000e-01
4.440845405287759950e-01,3.913696624554457437e-01,5.000000000000000000e-01
4.443211124947435975e-01,3.911617310061842323e-01,5.000000000000000000e-01
4.445594297940645423e-01,3.909519972843809033e-01,5.000000000000000000e-01
4.447999441422582079e-01,3.907402272334759563e-01,5.000000000000000000e-01
4.450419114601004700e-01,3.905267553936788705e-01,5.000000000000000000e-01
4.452843398127426244e-01,3.903120815528621224e-01,5.000000000000000000e-01
4.455278890917578893e-01,3.900959346337233846e-01,5.000000000000000000e-01
4.457731232021824308e-01,3.898780499086454965e-01,5.000000000000000000e-01
4.460198222796739609e-01,3.896585219320611304e-01,5.000000000000000000e-01
4.462686586784850862e-01,3.894370048070402435e-01,5.000000000000000000e-01
4.465198946885992060e-01,3.892133231906977353e-01,5.000000000000000000e-01
4.467726726403657977e-01,3.889878572322895689e-01,5.000000000000000000e-01
4.470272257929551740e-01,3.887604805174399991e-01,5.000000000000000000e-01
4.472834123673919970e-01,3.885312470089161696e-01,5.000000000000000000e-01
4.475414468643640342e-01,3.883000326342870290e-01,5.000000000000000000e-01
4.478019639124874995e-01,3.880664856427664677e-01,5.000000000000000000e-01
4.480641019606215192e-01,3.878309946999269342e-01,5.000000000000000000e-01
4.483277906477243224e-01,3.875935875943469222e-01,5.000000000000000000e-01
4.485931769519828638e-01,3.873541839447616209e-01,5.000000000000000000e-01
4.488606423224024145e-01,3.871125687774503721e-01,5.000000000000000000e-01
4.491308595484910793e-01,3.868683526442420195e-01,5.000000000000000000e-01
4.494031172746170699e-01,3.866218416738304575e-01,5.000000000000000000e-01
4.496771487978826753e-01,3.863731496911652075e-01,5.000000000000000000e-01
4.499527810277723638e-01,3.861223592376064051e-01,5.000000000000000000e-01
4.502290263789514579e-01,3.858700000875178171e-01,5.000000000000000000e-01
4.505065346181029717e-01,3.856157752486483181e-01,5.000000000000000000e-01
4.507864578511424636e-01,3.853590754665129348e-01,5.000000000000000000e-01
4.510684580552738465e-01,3.851000307240448062e-01,5.000000000000000000e-01
4.513523387066329939e-01,3.848387156075868121e-01,5.000000000000000000e-01
4.516384753807876073e-01,3.845749040056533063e-01,5.000000000000000000e-01
4.519269400694805872e-01,3.843085156977681383e-01,5.000000000000000000e-01
4.522175966427426363e-01,3.840395823167179756e-01,5.000000000000000000e-01
4.525102103531218889e-01,3.837682012985748070e-01,5.000000000000000000e-01
4.528043539169978593e-01,3.834945925642729292e-01,5.000000000000000000e-01
4.531000608267758967e-01,3.832187440835022052e-01,5.000000000000000000e-01
4.533977643471982510e-01,3.829404154391140014e-01,5.000000000000000000e-01
4.536980797844716307e-01,3.826592361163316247e-01,5.000000000000000000e-01
4.540005719626393210e-01,3.823753967793106501e-01,5.000000000000000000e-01
4.543045214714321878e-01,3.820892778597745343e-01,5.000000000000000000e-01
4.546099988499470168e-01,3.818008526264071167e-01,5.000000000000000000e-01
4.549169223219182157e-01,3.815101762608202884e-01,5.000000000000000000e-01
4.552256193557649988e-01,3.812170700449575844e-01,5.000000000000000000e-01
4.555359429499876711e-01,3.809216109054958666e-01,5.000000000000000000e-01
4.558478624220277942e-01,3.806238140592463903e-01,5.000000000000000000e-01
4.561621656465063568e-01,3.803232169329513468e-01,5.000000000000000000e-01
4.564790055821175696e-01,3.800196811963136856e-01,5.000000000000000000e-01
4.567979410048225719e-01,3.797134132086176228e-01,5.000000000000000000e-01
4.571184862182063324e-01,3.794046745469048521e-01,5.000000000000000000e-01
4.574402939030733917e-01,3.790936758107336102e-01,5.000000000000000000e-01
4.577633526835577227e-01,3.787804449992321354e-01,5.000000000000000000e-01
4.580882581084917415e-01,3.784646428703367649e-01,5.000000000000000000e-01
4.584147299822329824e-01,3.781464221706729578e-01,5.000000000000000000e-01
4.587423382997812826e-01,3.778260429043542312e-01,5.000000000000000000e-01
4.590712555889682189e-01,3.775034222486249869e-01,5.000000000000000000e-01
4.594018924142229676e-01,3.771783170154670017e-01,5.000000000000000000e-01
4.597339951376876455e-01,3.768508679654738458e-01,5.000000000000000000e-01
4.600666850267214336e-01,3.765216183149046048e-01,5.000000000000000000e-01
4.603999694034599521e-01,3.761906117973082830e-01,5.000000000000000000e-01
4.607345675786833628e-01,3.758574406471929530e-01,5.000000000000000000e-01
4.610708278892368117e-01,3.755218817805310305e-01,5.000000000000000000e-01
4.614080288811990282e-01,3.751843659384351826e-01,5.000000000000000000e-01
4.617459216222222773e-01,3.748450670673311169e-01,5.000000000000000000e-01
4.620849535627984395e-01,3.745037279952854736e-01,5.000000000000000000e-01
4.624254030484278299e-01,3.741601676233967111e-01,5.000000000000000000e-01
4.627673254505574874e-01,3.738143300240376332e-01,5.000000000000000000e-01
4.631108202340640245e-01,3.734661255316242268e-01,5.000000000000000000e-01
4.634555382272087520e-01,3.731157522227643852e-01,5.000000000000000000e-01
4.638007524365119205e-01,3.727636766645159305e-01,5.000000000000000000e-01
4.641458065594182836e-01,3.724103658272103767e-01,5.000000000000000000e-01
4.644900505295292970e-01,3.720563191042605133e-01,5.000000000000000000e-01
4.648338780778903390e-01,3.717013771358222973e-01,5.000000000000000000e-01
4.651778462204701481e-01,3.713452376277757150e-01,5.000000000000000000e-01
4.655215859312009652e-01,3.709881787335823633e-01,5.000000000000000000e-01
4.658649436190567261e-01,3.706303502595787447e-01,5.000000000000000000e-01
4.662086793231794424e-01,3.702712881989935756e-01,5.000000000000000000e-01
4.665529359351154315e-01,3.699108946082769744e-01,5.000000000000000000e-01
4.668972074359351021e-01,3.695495046927964600e-01,5.000000000000000000e-01
4.672406328693590183e-01,3.691877285456309221e-01,5.000000000000000000e-01
4.675838712477931036e-01,3.688251756048822605e-01,5.000000000000000000e-01
4.679274250080193154e-01,3.684615184809647004e-01,5.000000000000000000e-01
4.682700218799737968e-01,3.680976315162387547e-01,5.000000000000000000e-01
4.686117092107425774e-01,3.677335424722795176e-01,5.000000000000000000e-01
4.689528434499110610e-01,3.673690544196670515e-01,5.000000000000000000e-01
4.692931356752731986e-01,3.670043974285254751e-01,5.000000000000000000e-01
4.696335510120591694e-01,3.666389232191316072e-01,5.000000000000000000e-01
4.699745217631543515e-01,3.662722998164753552e-01,5.000000000000000000e-01
4.703146844846390895e-01,3.659054567864293839e-01,5.000000000000000000e-01
4.706530112362171669e-01,3.655391702631189399e-01,5.000000000000000000e-01
4.709906841588054061e-01,3.651726744764006716e-01,5.000000000000000000e-01
4.713289955080068316e-01,3.648050418517228000e-01,5.000000000000000000e-01
4.716679581373428576e-01,3.644361938262259404e-01,5.000000000000000000e-01
4.720066757587496054e-01,3.640667250635473140e-01,5.000000000000000000e-01
4.723444098900712040e-01,3.636971725139176992e-01,5.000000000000000000e-01
4.726816757586033146e-01,3.633271908544531970e-01,5.000000000000000000e-01
4.730186530283635449e-01,3.629566480043137089e-01,5.000000000000000000e-01
4.733556950028938726e-01,3.625852685378090356e-01,5.000000000000000000e-01
4.736932208221979468e-01,3.622127042942839825e-01,5.000000000000000000e-01
4.740304954797019965e-01,3.618394569569849395e-01,5.000000000000000000e-01
4.743670542336847484e-01,3.614658712839983190e-01,5.000000000000000000e-01
4.747030111963603805e-01,3.610918823520565257e-01,5.000000000000000000e-01
4.750388147169811726e-01,3.607171563026128625e-01,5.000000000000000000e-01
4.753753478216028450e-01,3.603409951956000890e-01,5.000000000000000000e-01
4.757114974649943040e-01,3.599641932727870586e-01,5.000000000000000000e-01
4.760470832075547332e-01,3.595868923310947540e-01,5.000000000000000000e-01
4.763826998926093959e-01,3.592086412408978524e-01,5.000000000000000000e-01
4.767178396051029443e-01,3.588298157593066140e-01,5.000000000000000000e-01
4.770529404292979114e-01,3.584500771638688965e-01,5.000000000000000000e-01
4.773880137313207817e-01,3.580693985951466374e-01,5.000000000000000000e-01
4.777224395052693806e-01,3.576882562883333394e-01,5.000000000000000000e-01
4.780564890999612349e-01,3.573064534353237454e-01,5.000000000000000000e-01
4.783896885241611940e-01,3.569243764029224053e-01,5.000000000000000000e-01
4.787218628253118169e-01,3.565421977412951415e-01,5.000000000000000000e-01
4.790542398781549305e-01,3.561589572284791227e-01,5.000000000000000000e-01
4.793871454724394354e-01,3.557743495191036942e-01,5.000000000000000000e-01
4.797205969087296462e-01,3.553883020306353724e-01,5.000000000000000000e-01
4.800553828027434022e-01,3.550001079248691349e-01,5.000000000000000000e-01
4.803909834866724182e-01,3.546101002235078625e-01,5.000000000000000000e-01
4.807269030260297726e-01,3.542186314179074369e-01,5.000000000000000000e-01
4.810633319901096439e-01,3.538255186015092368e-01,5.000000000000000000e-01
4.813993468744599546e-01,3.534315072032033211e-01,5.000000000000000000e-01
4.817353302224771094e-01,3.530362988749137232e-01,5.000000000000000000e-01
4.820723879887623964e-01,3.526389540511936094e-01,5.000000000000000000e-01
4.824106308299114243e-01,3.522393095885467673e-01,5.000000000000000000e-01
4.827501720581243161e-01,3.518371974329119745e-01,5.000000000000000000e-01
4.830904313760054913e-01,3.514330481717495291e-01,5.000000000000000000e-01
4.834308927431305580e-01,3.510272799952304235e-01,5.000000000000000000e-01
4.837715493565812874e-01,3.506199055545677346e-01,5.000000000000000000e-01
4.841123435103260597e-01,3.502109814948772826e-01,5.000000000000000000e-01
4.844526218102851445e-01,3.498010954769767977e-01,5.000000000000000000e-01
4.847917994751506088e-01,3.493908155201647103e-01,5.000000000000000000e-01
4.851313790274506266e-01,3.489788854684929831e-01,5.000000000000000000e-01
4.854716666757465382e-01,3.485650144029377451e-01,5.000000000000000000e-01
4.858124068844621446e-01,3.481493929391402675e-01,5.000000000000000000e-01
4.861530737702356442e-01,3.477324801698697954e-01,5.000000000000000000e-01
4.864930933828948700e-01,3.473148115220177634e-01,5.000000000000000000e-01
4.868331443078344756e-01,3.468958186787320930e-01,5.000000000000000000e-01
4.871731519859022752e-01,3.464755724980349560e-01,5.000000000000000000e-01
4.875132381032548090e-01,3.460539673590536380e-01,5.000000000000000000e-01
4.878527479664582778e-01,3.456316087946456062e-01,5.000000000000000000e-01
4.881917901496840573e-01,3.452084329016512076e-01,5.000000000000000000e-01
4.885309778016496685e-01,3.447838941080822450e-01,5.000000000000000000e-01
4.888701575229952301e-01,3.443581221193804387e-01,5.000000000000000000e-01
4.892092135736921810e-01,3.439312223047458761e-01,5.000000000000000000e-01
4.895482735992485734e-01,3.435030750977365877e-01,5.000000000000000000e-01
4.898877560247386631e-01,3.430732738774350810e-01,5.000000000000000000e-01
4.902267395451891940e-01,3.426426712484761383e-01,5.000000000000000000e-01
4.905644694641076442e-01,3.422120220645279431e-01,5.000000000000000000e-01
4.909012819076563616e-01,3.417810734218907909e-01,5.000000000000000000e-01
4.912376812530082071e-01,3.413493772755963329e-01,5.000000000000000000e-01
4.915741714901974424e-01,3.409164474779132203e-01,5.000000000000000000e-01
4.919105861031237148e-01,3.404824213672711375e-01,5.000000000000000000e-01
4.922471705168223188e-01,3.400470404677891079e-01,5.000000000000000000e-01
4.925835147208562637e-01,3.396106839506383146e-01,5.000000000000000000e-01
4.929194549781205081e-01,3.391735118958656980e-01,5.000000000000000000e-01
4.932556853268533215e-01,3.387348354956300489e-01,5.000000000000000000e-01
4.935922006282174035e-01,3.382946215660255218e-01,5.000000000000000000e-01
4.939288235928387394e-01,3.378530152094865180e-01,5.000000000000000000e-01
4.942651536943414303e-01,3.374104037423444336e-01,5.000000000000000000e-01
4.946009142303728345e-01,3.369670771911421059e-01,5.000000000000000000e-01
4.949364127282633863e-01,3.365227406919924502e-01,5.000000000000000000e-01
4.952717127069368175e-01,3.360773300998747826e-01,5.000000000000000000e-01
4.956062379392648931e-01,3.356314411811918141e-01,5.000000000000000000e-01
4.959404280357479489e-01,3.351846460351329826e-01,5.000000000000000000e-01
4.962749441922673088e-01,3.347362503349600726e-01,5.000000000000000000e-01
4.966091942492104616e-01,3.342868388198871332e-01,5.000000000000000000e-01
4.969423447919436576e-01,3.338372960146481216e-01,5.000000000000000000e-01
4.972749830131561466e-01,3.333870465839539055e-01,5.000000000000000000e-01
4.976074516554319649e-01,3.329357332453214413e-01,5.000000000000000000e-01
4.979393115696535421e-01,3.324838155726997924e-01,5.000000000000000000e-01
4.982708595798365225e-01,3.320309861675924679e-01,5.000000000000000000e-01
4.986016901088467512e-01,3.315776826263706067e-01,5.000000000000000000e-01
4.989310452907095295e-01,3.311247551474578166e-01,5.000000000000000000e-01
4.992595754268512875e-01,3.306715542038952682e-01,5.000000000000000000e-01
4.995876754033017342e-01,3.302176620247382899e-01,5.000000000000000000e-01
4.999154041062003895e-01,3.297630029583095701e-01,5.000000000000000000e-01
5.002430127021014750e-01,3.293072834345492916e-01,5.000000000000000000e-01
5.005702084765887294e-01,3.288508039934924243e-01,5.000000000000000000e-01
5.008968364434696063e-01,3.283937320851202379e-01,5.000000000000000000e-01
5.012233029776820281e-01,3.279356091520613248e-01,5.000000000000000000e-01
5.015494803191672402e-01,3.274765581204367448e-01,5.000000000000000000e-01
5.018747104930318947e-01,3.270173199157050403e-01,5.000000000000000000e-01
5.021990704100904868e-01,3.265578359483433113e-01,5.000000000000000000e-01
5.025222850603522362e-01,3.260984482776718707e-01,5.000000000000000000e-01
5.028440415246133721e-01,3.256395584443778635e-01,5.000000000000000000e-01
5.031647640407246325e-01,3.251807244314927070e-01,5.000000000000000000e-01
5.034849775340783928e-01,3.247213498719555558e-01,5.000000000000000000e-01
5.038048952633464861e-01,3.242611681752974873e-01,5.000000000000000000e-01
5.041241001344034522e-01,3.238006472360642762e-01,5.000000000000000000e-01
5.044423972482533491e-01,3.233400214649808646e-01,5.000000000000000000e-01
5.047595229609811440e-01,3.228796221486309181e-01,5.000000000000000000e-01
5.050752995296483583e-01,3.224196932553666795e-01,5.000000000000000000e-01
5.053899960271472924e-01,3.219599473318679461e-01,5.000000000000000000e-01
5.057040344536206655e-01,3.214998874288191311e-01,5.000000000000000000e-01
5.060176802557471154e-01,3.210391773723109132e-01,5.000000000000000000e-01
5.063307562247840732e-01,3.205780076031900516e-01,5.000000000000000000e-01
5.066429632172197994e-01,3.201167349814372232e-01,5.000000000000000000e-01
5.069544337459581662e-01,3.196552020096906643e-01,5.000000000000000000e-01
5.072646771555915368e-01,3.191940216717321088e-01,5.000000000000000000e-01
5.075734247777929919e-01,3.187335601752931402e-01,5.000000000000000000e-01
5.078812345818372043e-01,3.182731600461085053e-01,5.000000000000000000e-01
5.081880281060903171e-01,3.178129253159656109e-01,5.000000000000000000e-01
5.084940627265049917e-01,3.173525378947437137e-01,5.000000000000000000e-01
5.087994205299519734e-01,3.168918855162081716e-01,5.000000000000000000e-01
5.091039597706790154e-01,3.164311391009624330e-01,5.000000000000000000e-01
5.094074341376436665e-01,3.159706164859262811e-01,5.000000000000000000e-01
5.097099377383349506e-01,3.155102107048528559e-01,5.000000000000000000e-01
5.100120789812953026e-01,3.150491361188723083e-01,5.000000000000000000e-01
5.103139396791291915e-01,3.145872555336605148e-01,5.000000000000000000e-01
5.106153578686329908e-01,3.141247501414951016e-01,5.000000000000000000e-01
5.109162536644834551e-01,3.136617089362292443e-01,5.000000000000000000e-01
5.112163426562574831e-01,3.131985008956574834e-01,5.000000000000000000e-01
5.115151395940122914e-01,3.127357861681623330e-01,5.000000000000000000e-01
5.118124216782242719e-01,3.122739041643567415e-01,5.000000000000000000e-01
5.121086392617828498e-01,3.118122972241866298e-01,5.000000000000000000e-01
5.124036134643550344e-01,3.113512257842711017e-01,5.000000000000000000e-01
5.126967343405801625e-01,3.108915484506677984e-01,5.000000000000000000e-01
5.129883971668569576e-01,3.104327849001464745e-01,5.000000000000000000e-01
5.132791759009314170e-01,3.099741766383647956e-01,5.000000000000000000e-01
5.135688946877675631e-01,3.095159591497708140e-01,5.000000000000000000e-01
5.138576124536883283e-01,3.090580551736613613e-01,5.000000000000000000e-01
5.141453974615270983e-01,3.086003710889646534e-01,5.000000000000000000e-01
5.144322857719973996e-01,3.081428541620034878e-01,5.000000000000000000e-01
5.147183163966481123e-01,3.076854466389642440e-01,5.000000000000000000e-01
5.150028402121250570e-01,3.072290649393805695e-01,5.000000000000000000e-01
5.152855860918692521e-01,3.067741314592420387e-01,5.000000000000000000e-01
5.155670436412529423e-01,3.063199966852637735e-01,5.000000000000000000e-01
5.158471145797665081e-01,3.058668174150427355e-01,5.000000000000000000e-01
5.161255095514519775e-01,3.054150314715150527e-01,5.000000000000000000e-01
5.164024713108013032e-01,3.049643228351446300e-01,5.000000000000000000e-01
5.166781365798156500e-01,3.045145112601366222e-01,5.000000000000000000e-01
5.169521395399789832e-01,3.040661410568871181e-01,5.000000000000000000e-01
5.172246109395002289e-01,3.036190506614538931e-01,5.000000000000000000e-01
5.174957278998826293e-01,3.031729997483323391e-01,5.000000000000000000e-01
5.177653787921219219e-01,3.027281626531474479e-01,5.000000000000000000e-01
5.180334443847398607e-01,3.022847332575998025e-01,5.000000000000000000e-01
5.182998139214627376e-01,3.018428995758348776e-01,5.000000000000000000e-01
5.185647163492996814e-01,3.014023450349327948e-01,5.000000000000000000e-01
5.188282594948028237e-01,3.009629193801051095e-01,5.000000000000000000e-01
5.190903991453055255e-01,3.005246958025852289e-01,5.000000000000000000e-01
5.193509112846976805e-01,3.000880257155548181e-01,5.000000000000000000e-01
5.196095322264475680e-01,2.996533356246244284e-01,5.000000000000000000e-01
5.198663952854746251e-01,2.992204577187755898e-01,5.000000000000000000e-01
5.201216783407487387e-01,2.987891439017096307e-01,5.000000000000000000e-01
5.203753156634364219e-01,2.983595106818683895e-01,5.000000000000000000e-01
5.206273388077063968e-01,2.979315270226119416e-01,5.000000000000000000e-01
5.208777416403034266e-01,2.975052190556131126e-01,5.000000000000000000e-01
5.211262842238795212e-01,2.970809796767979183e-01,5.000000000000000000e-01
5.213727559602339134e-01,2.966591704908655425e-01,5.000000000000000000e-01
5.216172962448955008e-01,2.962396096076679308e-01,5.000000000000000000e-01
5.218600367252379524e-01,2.958221164145755089e-01,5.000000000000000000e-01
5.221010175049328739e-01,2.954066455847658146e-01,5.000000000000000000e-01
5.223401280654751400e-01,2.949933915025840236e-01,5.000000000000000000e-01
5.225773021073255586e-01,2.945824827749343178e-01,5.000000000000000000e-01
5.228130088134850251e-01,2.941731879099290237e-01,5.000000000000000000e-01
5.230472696665990906e-01,2.937654719543278947e-01,5.000000000000000000e-01
5.232799463450102939e-01,2.933595616407805307e-01,5.000000000000000000e-01
5.235111254417619264e-01,2.929553271227377520e-01,5.000000000000000000e-01
5.237409824815606463e-01,2.925524891498438862e-01,5.000000000000000000e-01
5.239691649440989529e-01,2.921516296281193581e-01,5.000000000000000000e-01
5.241952323900918032e-01,2.917534980504702391e-01,5.000000000000000000e-01
5.244193779420527335e-01,2.913578172285646861e-01,5.000000000000000000e-01
5.246419722642059469e-01,2.909639991793642189e-01,5.000000000000000000e-01
5.248629602558213536e-01,2.905721449584929839e-01,5.000000000000000000e-01
5.250822807931539993e-01,2.901823698345050717e-01,5.000000000000000000e-01
5.253000812974270017e-01,2.897944428398900873e-01,5.000000000000000000e-01
5.255163677643588382e-01,2.894083639042639433e-01,5.000000000000000000e-01
5.257312433964986820e-01,2.890239692564801066e-01,5.000000000000000000e-01
5.259448134356254911e-01,2.886410874763070122e-01,5.000000000000000000e-01
5.261570318329187312e-01,2.882598019420236080e-01,5.000000000000000000e-01
5.263678411415368963e-01,2.878802203221497713e-01,5.000000000000000000e-01
5.265772426615440427e-01,2.875023538326485495e-01,5.000000000000000000e-01
5.267852187551917975e-01,2.871262468455956229e-01,5.000000000000000000e-01
5.269917083110162714e-01,2.867520204633197123e-01,5.000000000000000000e-01
5.271966829052628922e-01,2.863797420245640657e-01,5.000000000000000000e-01
5.274003044463544398e-01,2.860091477442090468e-01,5.000000000000000000e-01
5.276026171899900197e-01,2.856401713362540784e-01,5.000000000000000000e-01
5.278036582186986791e-01,2.852727574840960845e-01,5.000000000000000000e-01
5.280033891375585098e-01,2.849069838349139738e-01,5.000000000000000000e-01
5.282016648808718351e-01,2.845431191537842741e-01,5.000000000000000000e-01
5.283985817095491200e-01,2.841810117666233593e-01,5.000000000000000000e-01
5.285940240646033184e-01,2.838208815558614928e-01,5.000000000000000000e-01
5.287879263065831115e-01,2.834628642886196093e-01,5.000000000000000000e-01
5.289804345855972922e-01,2.831067186858233220e-01,5.000000000000000000e-01
5.291715767648226265e-01,2.827524078780498940e-01,5.000000000000000000e-01
5.293613344627924322e-01,2.823999774619949665e-01,5.000000000000000000e-01
5.295497257524000023e-01,2.820494084235446453e-01,5.000000000000000000e-01
5.297368429716433624e-01,2.817005464600212949e-01,5.000000000000000000e-01
5.299227403159559868e-01,2.813533030424251180e-01,5.000000000000000000e-01
5.301072681601075587e-01,2.810079604134240183e-01,5.000000000000000000e-01
5.302903002813242894e-01,2.806647652053235742e-01,5.000000000000000000e-01
5.304719088052748388e-01,2.803236046446431207e-01,5.000000000000000000e-01
5.306521674499506958e-01,2.799843583870700314e-01,5.000000000000000000e-01
5.308310213971929592e-01,2.796471400730168311e-01,5.000000000000000000e-01
5.310083709815769382e-01,2.793121487530519920e-01,5.000000000000000000e-01
5.311842704568920936e-01,2.789793012393856353e-01,5.000000000000000000e-01
5.313588693810746832e-01,2.786483336994017845e-01,5.000000000000000000e-01
5.315321944882269722e-01,2.783192059420134257e-01,5.000000000000000000e-01
5.317042469141211036e-01,2.779919257622499029e-01,5.000000000000000000e-01
5.318750397650395811e-01,2.776664797369180482e-01,5.000000000000000000e-01
5.320444839109788049e-01,2.773430468677514638e-01,5.000000000000000000e-01
5.322126409963734428e-01,2.770215249665447521e-01,5.000000000000000000e-01
5.323796003335290461e-01,2.767017569946100819e-01,5.000000000000000000e-01
5.325454095956041467e-01,2.763836619606498957e-01,5.000000000000000000e-01
5.327100928897864351e-01,2.760672033441862738e-01,5.000000000000000000e-01
5.328737327516209765e-01,2.757522330101335739e-01,5.000000000000000000e-01
5.330363953174259706e-01,2.754386327983621152e-01,5.000000000000000000e-01
5.331979950792039569e-01,2.751265741432548095e-01,5.000000000000000000e-01
5.333585559162892231e-01,2.748160217151432994e-01,5.000000000000000000e-01
5.335181463762342924e-01,2.745068531372609755e-01,5.000000000000000000e-01
5.336767353882070353e-01,2.741991368346406444e-01,5.000000000000000000e-01
5.338342586895579167e-01,2.738930066656692919e-01,5.000000000000000000e-01
5.339907466039196526e-01,2.735884142722673218e-01,5.000000000000000000e-01
5.341462415942505038e-01,2.732852864656362124e-01,5.000000000000000000e-01
5.343008203595114303e-01,2.729834821944177592e-01,5.000000000000000000e-01
5.344545525452832901e-01,2.726828732052464233e-01,5.000000000000000000e-01
5.346074726369363095e-01,2.723833992032927975e-01,5.000000000000000000e-01
5.347596085825570000e-01,2.720850126987084394e-01,5.000000000000000000e-01
5.349109506773667144e-01,2.717877400307750491e-01,5.000000000000000000e-01
5.350615004067003078e-01,2.714915853068980978e-01,5.000000000000000000e-01
5.352112529055933487e-01,2.711965653897178696e-01,5.000000000000000000e-01
5.353601777105506665e-01,2.709027478677929479e-01,5.000000000000000000e-01
5.355082468314136257e-01,2.706101950994325156e-01,5.000000000000000000e-01
5.356554494795351395e-01,2.703189357202933074e-01,5.000000000000000000e-01
5.358017909668824075e-01,2.700289662352560183e-01,5.000000000000000000e-01
5.359472929962543208e-01,2.697402509524740033e-01,5.000000000000000000e-01
5.360919671367680994e-01,2.694527744945365288e-01,5.000000000000000000e-01
5.362358007712865193e-01,2.691665687233489312e-01,5.000000000000000000e-01
5.363787909488791916e-01,2.688816467102874697e-01,5.000000000000000000e-01
5.365209219497666382e-01,2.685980465212780555e-01,5.000000000000000000e-01
5.366621950172572042e-01,2.683157730255778528e-01,5.000000000000000000e-01
5.368025862291887496e-01,2.680348808347629008e-01,5.000000000000000000e-01
5.369420644320987979e-01,2.677554385830998029e-01,5.000000000000000000e-01
5.370806748304709499e-01,2.674773631924786121e-01,5.000000000000000000e-01
5.372184500837527965e-01,2.672005964536715017e-01,5.000000000000000000e-01
5.373553508102295595e-01,2.669252236803707490e-01,5.000000000000000000e-01
5.374913257551081625e-01,2.666513539286174961e-01,5.000000000000000000e-01
5.376264475047884961e-01,2.663788483088944670e-01,5.000000000000000000e-01
5.377607337228548223e-01,2.661076775402642092e-01,5.000000000000000000e-01
5.378942025293417251e-01,2.658378112339578880e-01,5.000000000000000000e-01
5.380268826294194451e-01,2.655691975043348307e-01,5.000000000000000000e-01
5.381586880148561125e-01,2.653020156844282940e-01,5.000000000000000000e-01
5.382895889186591898e-01,2.650363319751657398e-01,5.000000000000000000e-01
5.384196258021372028e-01,2.647720704724095264e-01,5.000000000000000000e-01
5.385488141171836940e-01,2.645092054686296046e-01,5.000000000000000000e-01
5.386771958069954680e-01,2.642476571926418716e-01,5.000000000000000000e-01
5.388048347429965634e-01,2.639873008569552648e-01,5.000000000000000000e-01
5.389317334826171368e-01,2.637281359354478605e-01,5.000000000000000000e-01
5.390578844062687836e-01,2.634701826061428553e-01,5.000000000000000000e-01
5.391832477596152362e-01,2.632135266487943270e-01,5.000000000000000000e-01
5.393077756307115278e-01,2.629582707429066746e-01,5.000000000000000000e-01
5.394315190355569722e-01,2.627043156743866237e-01,5.000000000000000000e-01
5.395544436063843818e-01,2.624517366890650738e-01,5.000000000000000000e-01
5.396764079678226800e-01,2.622008284179891957e-01,5.000000000000000000e-01
5.397974536458973738e-01,2.619515113158831232e-01,5.000000000000000000e-01
5.399175598055012681e-01,2.617038335586565068e-01,5.000000000000000000e-01
5.400367714335467806e-01,2.614577084043922528e-01,5.000000000000000000e-01
5.401550173133131683e-01,2.612132877980025136e-01,5.000000000000000000e-01
5.402720880731251007e-01,2.609710080259806664e-01,5.000000000000000000e-01
5.403880360306571040e-01,2.607307674594360747e-01,5.000000000000000000e-01
5.405028313244419902e-01,2.604926332612064743e-01,5.000000000000000000e-01
5.406166082812651208e-01,2.602563343894285230e-01,5.000000000000000000e-01
5.407293773504497914e-01,2.600218548633793647e-01,5.000000000000000000e-01
5.408409373808666931e-01,2.597896149002403843e-01,5.000000000000000000e-01
5.409513998746005026e-01,2.595593898792462051e-01,5.000000000000000000e-01
5.410609161751003260e-01,2.593308730981415677e-01,5.000000000000000000e-01
5.411694322911666521e-01,2.591041820148782815e-01,5.000000000000000000e-01
5.412768370897420578e-01,2.588795523382287911e-01,5.000000000000000000e-01
5.413830139747999315e-01,2.586572310024757848e-01,5.000000000000000000e-01
5.414880062887874601e-01,2.584371345365829020e-01,5.000000000000000000e-01
5.415918645316073476e-01,2.582191649063297900e-01,5.000000000000000000e-01
5.416944352176424893e-01,2.580036457949943518e-01,5.000000000000000000e-01
5.417957368443540034e-01,2.577905450777642216e-01,5.000000000000000000e-01
5.418956896512336918e-01,2.575800336066262353e-01,5.000000000000000000e-01
5.419941935411366485e-01,2.573723236014162641e-01,5.000000000000000000e-01
5.420912576323012599e-01,2.571674006235911136e-01,5.000000000000000000e-01
5.421869926275353357e-01,2.569650400362097908e-01,5.000000000000000000e-01
5.422814237473110310e-01,2.567651940777690989e-01,5.000000000000000000e-01
5.423745311882925968e-01,2.565679078835302884e-01,5.000000000000000000e-01
5.424664087690282965e-01,2.563729916731664060e-01,5.000000000000000000e-01
5.425570016975467258e-01,2.561805628815809754e-01,5.000000000000000000e-01
5.426463384986784932e-01,2.559905664611688003e-01,5.000000000000000000e-01
5.427343742097535673e-01,2.558030987937587319e-01,5.000000000000000000e-01
5.428212036391792950e-01,2.556179677352499180e-01,5.000000000000000000e-01
5.429068919104773627e-01,2.554350430965536267e-01,5.000000000000000000e-01
5.429911724565539277e-01,2.552548780250725180e-01,5.000000000000000000e-01
5.430741214006704620e-01,2.550773170387342081e-01,5.000000000000000000e-01
5.431559762274491554e-01,2.549018736208435443e-01,5.000000000000000000e-01
5.432367614334393524e-01,2.547285019479270662e-01,5.000000000000000000e-01
5.433161483503388123e-01,2.545578813522617612e-01,5.000000000000000000e-01
5.433940109244839167e-01,2.543902702031929919e-01,5.000000000000000000e-01
5.434704829043264240e-01,2.542253913501779095e-01,5.000000000000000000e-01
5.435456461866089439e-01,2.540630749448568038e-01,5.000000000000000000e-01
5.436197899358616858e-01,2.539027280170391698e-01,5.000000000000000000e-01
5.436929014088736078e-01,2.537443791354850875e-01,5.000000000000000000e-01
5.437646961794158074e-01,2.535886111398258924e-01,5.000000000000000000e-01
5.438352439647726744e-01,2.534352788583029703e-01,5.000000000000000000e-01
5.439046416468810152e-01,2.532841823513013457e-01,5.000000000000000000e-01
5.439728328776815003e-01,2.531354346065070038e-01,5.000000000000000000e-01
5.440399017832109330e-01,2.529888615332112067e-01,5.000000000000000000e-01
5.441059780001517021e-01,2.528441977949445474e-01,5.000000000000000000e-01
5.441709267606626987e-01,2.527017163006851641e-01,5.000000000000000000e-01
5.442348142066115724e-01,2.525612800555973037e-01,5.000000000000000000e-01
5.442978678812564475e-01,2.524224269748502891e-01,5.000000000000000000e-01
5.443600433536366356e-01,2.522852489841326817e-01,5.000000000000000000e-01
5.444212759197097906e-01,2.521498780706896703e-01,5.000000000000000000e-01
5.444816407974322203e-01,2.520161631041780703e-01,5.000000000000000000e-01
5.445411455745740037e-01,2.518840907870492085e-01,5.000000000000000000e-01
5.445995988844056779e-01,2.517540471184541717e-01,5.000000000000000000e-01
5.446568204881441222e-01,2.516263909407167043e-01,5.000000000000000000e-01
5.447130604953396293e-01,2.515006152541635620e-01,5.000000000000000000e-01
5.447684770925906861e-01,2.513764025045363559e-01,5.000000000000000000e-01
5.448228359240393504e-01,2.512542217062948002e-01,5.000000000000000000e-01
5.448759652802395159e-01,2.511344107545404603e-01,5.000000000000000000e-01
5.449280186222099642e-01,2.510166561876722158e-01,5.000000000000000000e-01
5.449792128653825340e-01,2.509005222140311964e-01,5.000000000000000000e-01
5.450295902799762171e-01,2.507859245490809963e-01,5.000000000000000000e-01
5.450788672562660864e-01,2.506734237912481289e-01,5.000000000000000000e-01
5.451269765242202636e-01,2.505631456408271562e-01,5.000000000000000000e-01
5.451740658583320576e-01,2.504547894682229714e-01,5.000000000000000000e-01
5.452199298290690832e-01,2.503487521461850718e-01,5.000000000000000000e-01
5.452649372252964532e-01,2.502442981819680279e-01,5.000000000000000000e-01
5.453092912888255483e-01,2.501410260469665858e-01,5.000000000000000000e-01
5.453523806321247669e-01,2.500401310917105269e-01,5.000000000000000000e-01
5.453942174813406485e-01,2.499415743213732333e-01,5.000000000000000000e-01
5.454353332026209422e-01,2.498443067046053068e-01,5.000000000000000000e-01
5.454757239348848596e-01,2.497483335708371444e-01,5.000000000000000000e-01
5.455153685753307835e-01,2.496536939662361010e-01,5.000000000000000000e-01
5.455543002973394229e-01,2.495603210056223098e-01,5.000000000000000000e-01
5.455922219374116366e-01,2.494687855698936585e-01,5.000000000000000000e-01
5.456288347087667745e-01,2.493796511692343287e-01,5.000000000000000000e-01
5.456642256440271677e-01,2.492927310019037446e-01,5.000000000000000000e-01
5.456989559463505390e-01,2.492069327905062637e-01,5.000000000000000000e-01
5.457331850396908157e-01,2.491219496770513686e-01,5.000000000000000000e-01
5.457668965090768376e-01,2.490378151930269790e-01,5.000000000000000000e-01
5.458000912349088019e-01,2.489545300251455873e-01,5.000000000000000000e-01
5.458326119302777668e-01,2.488723946469531267e-01,5.000000000000000000e-01
5.458641518105615820e-01,2.487919868827057623e-01,5.000000000000000000e-01
5.458947227468498031e-01,2.487132733332835799e-01,5.000000000000000000e-01
5.459243741415470419e-01,2.486361498727639174e-01,5.000000000000000000e-01
5.459533564456782173e-01,2.485601372787774876e-01,5.000000000000000000e-01
5.459817281057446348e-01,2.484851235449947182e-01,5.000000000000000000e-01
5.460094367149319616e-01,2.484112062201885851e-01,5.000000000000000000e-01
5.460365511091282986e-01,2.483382552273370736e-01,5.000000000000000000e-01
5.460630020164496390e-01,2.482663997900988184e-01,5.000000000000000000e-01
5.460884749221738277e-01,2.481962196174633539e-01,5.000000000000000000e-01
5.461129404244992047e-01,2.481277581037453217e-01,5.000000000000000000e-01
5.461366987196428768e-01,2.480604500802499057e-01,5.000000000000000000e-01
5.461594329968011419e-01,2.479948731172903487e-01,5.000000000000000000e-01
5.461817052191644262e-01,2.479299864445719814e-01,5.000000000000000000e-01
5.462036375468448668e-01,2.478655710955112446e-01,5.000000000000000000e-01
5.462246058511079916e-01,2.478027704957063981e-01,5.000000000000000000e-01
5.462445677507808961e-01,2.477416503740642872e-01,5.000000000000000000e-01
5.462640955512854113e-01,2.476811640395579495e-01,5.000000000000000000e-01
5.462834601032149351e-01,2.476208287876707215e-01,5.000000000000000000e-01
5.463020892215121327e-01,2.475616877559092543e-01,5.000000000000000000e-01
5.463202934888311546e-01,2.475031822974563811e-01,5.000000000000000000e-01
5.463385385873865685e-01,2.474444878085496902e-01,5.000000000000000000e-01
5.463559579480283812e-01,2.473871706094441514e-01,5.000000000000000000e-01
5.463719645560225491e-01,2.473322696082975169e-01,5.000000000000000000e-01
5.463866971470261458e-01,2.472795155533336897e-01,5.000000000000000000e-01
5.464002273639078089e-01,2.472287620677822428e-01,5.000000000000000000e-01
5.464129349991115880e-01,2.471793223243086979e-01,5.000000000000000000e-01
5.464251329636464760e-01,2.471306406208108875e-01,5.000000000000000000e-01
5.464365369938830597e-01,2.470832173681353772e-01,5.000000000000000000e-01
5.464472445868637784e-01,2.470368773391817818e-01,5.000000000000000000e-01
5.464575070956899649e-01,2.469911806669183030e-01,5.000000000000000000e-01
5.464669245898963190e-01,2.469468260464414144e-01,5.000000000000000000e-01
5.464751910488560016e-01,2.469043344935692996e-01,5.000000000000000000e-01
5.464824873623208568e-01,2.468633770659227067e-01,5.000000000000000000e-01
5.464893427036913165e-01,2.468230331561681035e-01,5.000000000000000000e-01
5.464956530509761379e-01,2.467834853238476400e-01,5.000000000000000000e-01
5.465009721947207133e-01,2.467454957507417834e-01,5.000000000000000000e-01
5.465049721061387977e-01,2.467096083726429134e-01,5.000000000000000000e-01
5.465073734897379909e-01,2.466762709535594844e-01,5.000000000000000000e-01
5.465086869963300398e-01,2.466445864724106929e-01,5.000000000000000000e-01
5.465096493068364314e-01,2.466132958742354997e-01,5.000000000000000000e-01
5.465103271929891982e-01,2.465822922567043884e-01,5.000000000000000000e-01
5.465107979917201986e-01,2.465514537275902418e-01,5.000000000000000000e-01
5.465110328297480002e-01,2.465208387118583977e-01,5.000000000000000000e-01
5.465107167406433319e-01,2.464909793511715907e-01,5.000000000000000000e-01
5.465093475738883599e-01,2.464627055802230404e-01,5.000000000000000000e-01
5.465069890563283295e-01,2.464358952465887931e-01,5.000000000000000000e-01
5.465038729358971947e-01,2.464101517740138192e-01,5.000000000000000000e-01
5.464998667821092670e-01,2.463856832917758755e-01,5.000000000000000000e-01
5.464949067998465804e-01,2.463625805033057004e-01,5.000000000000000000e-01
5.464896659789858502e-01,2.463397342955724878e-01,5.000000000000000000e-01
5.464846330280308528e-01,2.463163591717485446e-01,5.000000000000000000e-01
5.464790445644196470e-01,2.462937097571420986e-01,5.000000000000000000e-01
5.464730395398956775e-01,2.462715614904033568e-01,5.000000000000000000e-01
5.464669743211265640e-01,2.462493451737182704e-01,5.000000000000000000e-01
5.464604524857838985e-01,2.462277090109441791e-01,5.000000000000000000e-01
5.464531784761663680e-01,2.462071248267792001e-01,5.000000000000000000e-01
5.464447220778623215e-01,2.461882672669704619e-01,5.000000000000000000e-01
5.464354693609679847e-01,2.461705036452396800e-01,5.000000000000000000e-01
5.464258264514556540e-01,2.461531834182096867e-01,5.000000000000000000e-01
